frame,track_id,x1,y1,x2,y2
1,1,399.85,531.51,740.74,1394.15
1,2,2290.72,756.59,2558.58,1193.19
1,3,883.17,532.4,1139.55,1295.12
1,4,1151.76,694.42,1270.78,1045.81
1,5,2120.16,784.08,2277.89,988.04
1,6,1267.67,694.95,1363.51,1025.12
1,7,1568.66,710.91,1674.56,1016.67
1,8,1345.83,705.65,1430.01,1016.11
1,9,1464.04,708.41,1564.4,996.61
1,10,1706.9,753.85,1756.81,917.47
1,11,1752.29,756.08,1794.82,911.65
1,12,1952.85,748.94,2031.5,931.39
1,13,1404.25,714.75,1476.5,991.72
1,14,2054.15,782.36,2129.99,905.56
1,15,1840.01,776.3,1885.91,885.39
1,16,2266.61,724.22,2350.64,902.31
2,1,383.18,530.41,726.44,1399.05
2,2,2289.78,755.56,2558.82,1194.1
2,3,878.83,530.77,1136.14,1296.7
2,4,1146.45,695.14,1266.73,1050.28
2,5,2118.11,784.09,2276.08,988.46
2,6,1264.72,694.7,1360.81,1025.22
2,7,1563.66,711.06,1669.41,1016.34
2,8,1345.39,705.23,1428.77,1012.76
2,9,1462.74,709.65,1562.13,994.63
2,10,1706.41,754.02,1756.45,918.11
2,11,1751.8,755.64,1794.33,911.36
2,12,1951.74,745.33,2033.22,934.66
2,13,1404.09,714.76,1476.28,991.25
2,14,2054.53,782.9,2129.92,905.35
2,15,1839.88,777.26,1885.42,885.44
2,16,2262.34,722.73,2347.48,903.69
3,1,367.32,527.9,712.63,1401.26
3,2,2289.51,753.63,2560.0,1195.58
3,3,873.18,525.1,1132.16,1296.93
3,4,1144.65,693.57,1265.19,1050.0
3,5,2121.39,783.83,2279.62,988.31
3,6,1261.09,693.71,1357.68,1025.27
3,7,1559.07,709.57,1665.52,1016.38
3,8,1344.56,703.32,1428.04,1011.18
3,9,1454.32,707.74,1554.9,996.92
3,10,1706.48,753.38,1756.65,918.05
3,11,1751.15,756.73,1793.13,910.57
3,12,1951.79,746.97,2032.55,934.97
3,13,1401.88,712.21,1474.92,991.7
3,14,2054.96,783.68,2129.87,905.18
3,15,1838.46,777.16,1884.15,885.69
3,16,2259.62,719.67,2343.91,899.65
4,1,349.95,525.58,697.12,1402.46
4,2,2288.91,751.74,2560.0,1196.52
4,3,866.68,524.92,1126.37,1299.82
4,4,1141.5,692.68,1260.84,1045.92
4,5,2117.99,782.96,2276.95,988.63
4,6,1256.46,692.55,1353.77,1025.91
4,7,1556.3,709.08,1663.04,1016.42
4,8,1342.37,701.91,1426.17,1010.7
4,9,1450.45,706.31,1550.5,994.93
4,10,1705.03,752.22,1755.68,918.5
4,11,1751.91,758.77,1792.76,907.97
4,12,1951.41,746.41,2032.79,936.19
4,13,1400.6,709.09,1474.87,992.59
4,14,2055.16,784.09,2129.5,904.34
4,15,1838.13,777.46,1883.73,885.88
4,16,2256.4,718.65,2338.26,894.24
5,1,328.58,521.02,679.57,1406.51
5,2,2288.15,749.99,2560.0,1198.63
5,3,856.46,522.14,1115.73,1297.14
5,4,1137.12,691.44,1257.74,1048.77
5,5,2115.97,783.19,2274.54,988.69
5,6,1252.19,692.32,1349.52,1024.98
5,7,1551.18,709.28,1658.47,1017.58
5,8,1340.07,701.25,1424.06,1010.15
5,9,1445.02,705.59,1546.0,998.96
5,10,1704.7,750.58,1755.06,916.0
5,11,1751.63,760.66,1791.81,906.81
5,12,1954.44,756.2,2031.4,935.69
5,13,1393.84,706.5,1469.11,995.14
5,14,2054.36,784.07,2129.19,904.86
5,15,1837.92,777.31,1883.53,885.8
5,16,2250.27,724.99,2330.01,895.14
6,1,307.58,517.0,663.55,1414.28
6,2,2287.82,749.55,2560.0,1201.19
6,3,846.8,520.59,1109.31,1307.25
6,4,1131.85,691.58,1253.91,1053.34
6,5,2117.8,782.62,2276.7,988.32
6,6,1247.45,692.58,1344.98,1024.99
6,7,1548.88,709.03,1656.52,1017.88
6,8,1336.34,700.59,1420.47,1009.95
6,9,1444.31,704.35,1545.6,1000.58
6,10,1704.44,748.71,1755.02,915.36
6,11,1751.21,763.63,1790.72,906.41
6,12,1952.79,748.48,2032.59,934.87
6,13,1389.97,706.47,1465.52,996.59
6,14,2053.84,783.03,2129.47,904.89
6,15,1837.36,776.41,1883.07,885.13
6,16,2246.54,722.71,2328.01,895.75
7,1,287.42,515.23,647.36,1420.56
7,2,2287.27,749.45,2560.0,1204.13
7,3,838.51,521.22,1101.46,1311.67
7,4,1127.55,691.91,1250.23,1055.73
7,5,2121.45,781.91,2282.16,989.02
7,6,1244.36,694.17,1341.98,1026.16
7,7,1548.36,709.03,1656.59,1019.43
7,8,1331.54,700.56,1415.81,1010.83
7,9,1442.14,704.86,1542.34,1001.06
7,10,1704.33,748.67,1754.95,915.88
7,11,1750.8,764.42,1790.4,906.94
7,12,1955.24,759.67,2031.33,937.2
7,13,1387.79,708.39,1463.01,998.25
7,14,2055.12,782.99,2131.13,904.98
7,15,1837.02,776.62,1882.51,884.79
7,16,2239.44,723.01,2321.53,897.97
8,1,266.6,514.77,630.41,1427.74
8,2,2285.83,749.74,2560.0,1208.35
8,3,827.49,522.44,1092.42,1322.33
8,4,1123.77,691.63,1245.93,1054.96
8,5,2121.21,780.78,2284.53,990.53
8,6,1240.79,695.16,1339.14,1028.62
8,7,1545.75,710.32,1653.73,1020.2
8,8,1327.8,700.98,1412.47,1012.97
8,9,1438.65,705.67,1538.22,1002.35
8,10,1703.32,749.34,1753.79,916.57
8,11,1749.87,763.39,1789.78,906.01
8,12,1954.73,760.19,2031.53,939.87
8,13,1381.81,709.49,1456.29,998.65
8,14,2056.25,783.08,2132.44,904.8
8,15,1836.61,776.38,1882.29,884.93
8,16,2237.43,727.98,2316.87,897.55
9,1,245.99,514.01,612.97,1431.1
9,2,2284.8,750.88,2560.0,1213.83
9,3,816.79,522.07,1082.79,1327.82
9,4,1118.88,692.25,1241.19,1056.56
9,5,2121.65,780.69,2286.69,991.87
9,6,1236.31,694.19,1336.06,1031.36
9,7,1543.91,709.8,1652.22,1021.32
9,8,1323.05,701.51,1408.93,1016.28
9,9,1439.94,705.43,1539.64,1002.82
9,10,1701.91,751.0,1752.23,917.93
9,11,1747.51,761.03,1788.83,908.68
9,12,1954.91,761.78,2031.38,941.13
9,13,1388.15,710.52,1462.3,999.41
9,14,2055.66,782.43,2133.98,907.48
9,15,1836.81,777.12,1882.43,885.59
9,16,2237.99,736.85,2312.07,894.87
10,1,225.82,510.52,596.64,1433.29
10,2,2284.14,752.92,2560.0,1219.9
10,3,806.83,524.16,1072.94,1333.64
10,4,1115.5,694.07,1237.68,1058.53
10,5,2115.23,780.47,2281.33,994.41
10,6,1232.11,694.37,1333.05,1034.04
10,7,1540.72,708.99,1649.83,1023.25
10,8,1320.3,702.34,1406.45,1018.32
10,9,1434.46,705.97,1533.41,1003.19
10,10,1702.94,752.97,1752.43,917.61
10,11,1746.85,762.15,1787.65,907.78
10,12,1954.84,762.13,2031.96,943.7
10,13,1380.89,709.76,1454.97,998.89
10,14,2055.64,783.89,2133.49,907.94
10,15,1836.9,777.36,1882.38,885.36
10,16,2233.35,733.33,2305.01,886.29
11,1,208.2,511.92,579.84,1431.29
11,2,2283.71,754.73,2560.0,1225.42
11,3,799.22,525.7,1065.7,1341.24
11,4,1112.15,695.17,1234.56,1060.45
11,5,2115.04,780.34,2282.51,995.87
11,6,1228.9,695.12,1330.32,1035.42
11,7,1537.16,708.96,1646.87,1024.67
11,8,1317.53,701.94,1404.6,1019.72
11,9,1437.15,707.3,1536.66,1003.79
11,10,1703.1,752.57,1752.58,917.05
11,11,1746.66,761.9,1787.68,908.21
11,12,1951.55,752.41,2032.0,943.66
11,13,1378.18,711.46,1452.36,999.82
11,14,2054.29,784.6,2131.66,908.19
11,15,1835.74,777.32,1881.28,885.27
11,16,2229.16,734.33,2300.57,886.61
11,23,2294.18,748.79,2354.7,893.8
11,24,985.28,596.77,1081.41,1139.09
12,1,189.45,512.33,563.31,1431.04
12,2,2283.85,755.76,2560.0,1231.04
12,3,791.58,528.33,1057.58,1348.24
12,4,1109.19,696.2,1232.04,1062.75
12,5,2119.68,783.97,2286.14,996.78
12,6,1224.61,695.66,1326.49,1037.22
12,7,1534.83,708.21,1645.75,1026.58
12,8,1314.06,705.46,1401.08,1021.63
12,9,1437.85,708.6,1537.61,1003.32
12,10,1703.03,752.7,1752.64,917.45
12,11,1746.6,761.97,1787.73,908.49
12,12,1952.71,745.31,2036.65,945.34
12,13,1373.98,712.21,1448.05,1001.89
12,14,2055.64,784.01,2134.14,909.0
12,15,1835.05,778.14,1881.28,887.38
12,16,2228.81,733.23,2289.87,861.33
12,23,2297.73,747.47,2360.51,897.57
12,24,985.93,605.11,1081.38,1141.38
13,1,170.04,512.73,546.55,1429.75
13,2,2284.02,756.52,2560.0,1234.97
13,3,783.47,529.42,1050.68,1358.58
13,4,1106.12,696.44,1229.59,1064.48
13,5,2120.87,785.26,2287.91,998.0
13,6,1222.35,695.74,1325.23,1039.84
13,7,1532.75,707.28,1645.38,1028.92
13,8,1312.52,705.45,1400.83,1023.59
13,9,1434.65,709.01,1535.12,1006.36
13,10,1702.89,752.96,1753.04,919.44
13,11,1747.8,762.93,1788.72,908.8
13,12,1954.04,760.54,2032.25,946.5
13,13,1368.17,713.9,1443.26,1009.9
13,14,2053.84,784.24,2132.14,909.75
13,15,1834.97,778.65,1881.77,889.25
13,16,2217.76,732.05,2274.61,846.53
13,23,2300.49,747.51,2364.1,899.06
13,24,979.89,608.81,1076.03,1145.6
14,1,149.74,512.55,530.7,1431.54
14,2,2284.75,757.19,2560.0,1238.91
14,3,775.29,528.51,1042.16,1363.76
14,4,1101.27,697.35,1225.25,1066.62
14,5,2117.03,786.05,2284.66,999.53
14,6,1219.81,694.32,1323.76,1041.66
14,7,1532.57,707.84,1645.62,1030.03
14,8,1309.65,704.83,1399.5,1025.39
14,9,1434.46,708.86,1537.16,1010.08
14,10,1702.4,752.48,1753.01,920.53
14,11,1746.31,761.64,1787.87,910.77
14,12,1953.16,754.92,2030.36,938.74
14,13,1367.09,713.24,1441.61,1008.76
14,14,2053.78,784.49,2132.38,911.07
14,15,1834.56,778.81,1881.71,890.34
14,16,2212.72,733.45,2265.71,836.32
14,23,2301.59,749.93,2364.24,897.66
14,24,971.84,605.15,1070.03,1147.67
15,1,130.53,511.9,515.36,1431.09
15,2,2285.86,758.14,2560.0,1242.51
15,3,769.7,530.3,1035.89,1370.5
15,4,1097.96,697.79,1223.03,1069.61
15,5,2115.06,787.8,2282.4,1000.39
15,6,1215.48,691.37,1320.8,1043.0
15,7,1529.26,708.73,1642.72,1030.37
15,8,1307.05,705.79,1397.41,1025.92
15,9,1430.44,710.31,1532.56,1010.6
15,10,1702.13,752.54,1752.88,921.15
15,11,1745.57,761.86,1787.24,911.68
15,12,1957.43,768.78,2029.59,939.42
15,13,1364.93,712.67,1439.82,1008.92
15,14,2054.76,786.15,2133.19,912.72
15,15,1835.35,779.29,1882.4,890.68
15,16,2209.09,731.7,2259.38,826.74
15,23,2306.38,749.0,2370.3,898.7
15,24,962.48,606.32,1062.52,1149.34
16,1,111.66,510.59,501.45,1432.16
16,2,2287.58,758.7,2560.0,1247.5
16,3,763.5,530.51,1028.43,1374.6
16,4,1096.5,698.23,1222.19,1070.1
16,5,2110.58,778.41,2284.83,1001.25
16,6,1214.25,689.6,1320.67,1044.76
16,7,1528.23,709.19,1642.19,1030.74
16,8,1304.21,705.96,1394.74,1026.02
16,9,1429.26,709.45,1532.53,1011.28
16,10,1702.23,752.84,1752.84,921.07
16,11,1745.62,761.9,1787.36,911.96
16,12,1956.02,769.49,2030.28,944.28
16,13,1364.44,712.9,1439.21,1008.69
16,14,2055.09,786.01,2133.83,913.35
16,15,1834.62,779.19,1881.73,890.8
16,16,2203.38,732.87,2252.51,823.23
16,23,2309.71,748.94,2373.97,898.31
16,24,959.11,607.05,1060.74,1151.57
17,1,93.25,507.74,488.2,1432.61
17,2,2289.17,757.5,2560.0,1250.4
17,3,755.08,527.43,1019.7,1378.25
17,4,1094.5,699.05,1221.42,1072.51
17,5,2114.63,782.98,2285.7,1002.11
17,6,1211.06,691.13,1317.36,1045.22
17,7,1525.24,707.64,1640.27,1031.83
17,8,1303.3,705.82,1394.46,1026.26
17,9,1425.43,709.11,1529.43,1012.63
17,10,1700.68,752.4,1751.05,919.95
17,11,1746.05,762.2,1787.71,912.07
17,12,1957.33,776.08,2030.52,947.79
17,13,1359.18,715.96,1434.18,1015.83
17,14,2057.08,787.39,2135.52,913.72
17,15,1835.33,779.8,1881.96,890.64
17,16,2196.48,731.95,2248.97,827.31
17,23,2315.54,747.14,2381.31,899.46
17,24,947.85,606.85,1052.31,1153.91
18,1,71.27,504.16,471.75,1432.78
18,2,2290.58,756.71,2560.0,1253.12
18,3,750.86,525.85,1012.77,1373.77
18,4,1092.19,699.13,1220.46,1074.17
18,5,2113.15,783.21,2283.13,1002.41
18,6,1209.34,693.64,1315.57,1046.72
18,7,1520.69,706.32,1636.99,1032.57
18,8,1301.22,705.5,1392.58,1026.45
18,9,1420.1,708.3,1523.5,1013.32
18,10,1700.53,753.5,1750.18,919.32
18,11,1745.47,761.69,1787.32,912.26
18,12,1958.19,776.82,2031.36,947.75
18,13,1356.6,714.68,1432.53,1020.11
18,14,2057.76,787.82,2136.18,913.7
18,15,1835.84,780.07,1882.16,890.61
18,23,2320.84,748.0,2386.65,899.71
18,24,934.68,600.44,1043.09,1157.86
19,1,52.91,499.14,459.84,1432.2
19,2,2292.18,756.87,2560.0,1254.72
19,3,744.4,523.57,1004.5,1371.92
19,4,1091.03,698.03,1220.87,1074.9
19,5,2116.57,787.31,2283.8,1002.92
19,6,1207.42,693.33,1313.5,1047.04
19,7,1518.62,704.66,1636.15,1033.61
19,8,1299.75,703.9,1391.39,1026.27
19,9,1418.63,706.39,1522.57,1012.59
19,10,1701.15,753.62,1750.41,919.11
19,11,1746.06,761.98,1787.91,912.39
19,12,1958.49,776.95,2033.39,950.61
19,13,1354.11,712.71,1430.22,1021.54
19,14,2056.85,786.77,2135.61,913.42
19,15,1836.67,780.19,1882.79,890.47
19,23,2325.56,747.38,2391.94,900.22
19,24,930.87,596.39,1043.63,1161.24
20,1,28.61,497.15,440.71,1431.92
20,2,2294.0,756.14,2560.0,1257.5
20,3,739.04,520.47,996.18,1364.74
20,4,1089.97,698.02,1220.52,1073.95
20,5,2118.43,788.58,2284.21,1003.15
20,6,1205.86,693.07,1312.21,1048.48
20,7,1517.63,704.55,1636.19,1036.1
20,8,1297.53,702.64,1389.4,1026.24
20,9,1415.32,705.71,1519.18,1012.5
20,10,1701.32,753.54,1750.32,919.18
20,11,1747.23,761.27,1789.16,912.69
20,12,1957.32,771.26,2035.32,951.41
20,13,1353.25,712.23,1429.36,1022.59
20,14,2056.1,784.71,2136.23,913.74
20,15,1837.64,780.17,1883.62,890.25
20,23,2329.82,746.99,2396.57,900.15
20,24,924.45,595.64,1040.66,1163.53
21,1,15.33,491.14,434.0,1432.48
21,2,2296.15,753.58,2560.0,1260.58
21,3,732.62,516.39,987.81,1359.17
21,4,1088.27,695.59,1221.08,1074.89
21,5,2122.26,787.45,2288.87,1003.39
21,6,1203.88,692.47,1310.4,1049.47
21,7,1517.58,703.64,1636.56,1036.96
21,8,1294.58,700.09,1387.39,1027.9
21,9,1415.39,705.05,1519.3,1012.97
21,10,1701.13,754.07,1750.89,923.11
21,11,1747.83,760.89,1789.7,912.91
21,12,1956.59,771.47,2035.19,952.2
21,13,1352.92,711.74,1428.32,1020.88
21,14,2056.19,784.33,2136.86,913.9
21,15,1838.78,781.14,1884.34,890.47
21,23,2334.1,745.04,2401.87,900.45
21,24,919.83,596.75,1038.54,1163.97
22,1,3.7,485.21,425.81,1431.26
22,2,2299.73,753.21,2560.0,1261.6
22,3,725.52,512.72,979.72,1357.01
22,4,1085.24,693.15,1219.74,1075.15
22,5,2123.46,784.29,2291.66,1001.92
22,6,1202.21,691.42,1308.2,1048.12
22,7,1517.0,703.41,1636.0,1037.63
22,8,1291.86,697.24,1385.87,1028.87
22,9,1414.41,705.9,1518.13,1013.48
22,10,1700.89,753.95,1750.92,924.25
22,11,1748.02,760.46,1789.67,912.63
22,12,1957.2,774.21,2035.64,953.36
22,13,1349.8,710.76,1425.45,1021.68
22,14,2055.67,783.06,2137.17,914.0
22,15,1839.02,781.26,1884.48,890.6
22,23,2338.59,745.32,2406.73,901.47
22,24,917.96,598.37,1039.17,1164.59
23,1,0.0,479.14,419.48,1432.95
23,2,2302.63,750.64,2560.0,1264.25
23,3,716.47,510.18,970.86,1357.9
23,4,1082.69,691.66,1218.43,1075.27
23,5,2126.69,785.75,2294.6,1002.94
23,6,1201.65,690.45,1306.97,1046.56
23,7,1516.76,702.62,1636.16,1038.28
23,8,1289.98,695.96,1384.44,1028.66
23,9,1414.85,706.1,1519.34,1012.98
23,10,1700.49,753.52,1750.81,924.63
23,11,1748.55,760.96,1789.8,912.25
23,12,1955.71,767.06,2037.32,953.26
23,13,1347.16,708.58,1422.4,1020.38
23,14,2056.63,783.92,2137.65,914.31
23,15,1838.55,780.78,1884.16,890.81
23,23,2342.78,743.74,2411.28,901.13
23,24,917.01,598.72,1040.32,1164.46
24,1,0.0,471.39,412.09,1433.08
24,2,2305.8,749.46,2560.0,1266.0
24,3,709.46,506.89,963.03,1354.22
24,4,1082.19,689.95,1219.56,1074.88
24,5,2126.48,787.13,2293.0,1003.4
24,6,1201.42,688.99,1306.34,1045.2
24,7,1516.67,700.94,1636.58,1037.91
24,8,1287.53,695.74,1382.8,1029.94
24,9,1412.31,706.33,1516.66,1013.95
24,10,1700.81,752.9,1750.36,921.32
24,11,1749.5,760.65,1790.94,911.88
24,12,1959.08,776.01,2037.48,952.65
24,13,1346.76,708.01,1421.08,1016.72
24,14,2057.28,785.24,2136.82,913.17
24,15,1837.77,779.88,1883.65,890.51
24,23,2345.94,744.8,2414.88,903.75
24,24,909.25,596.49,1033.65,1165.05
25,1,0.0,465.84,405.33,1432.25
25,2,2308.81,746.64,2560.0,1268.82
25,3,702.33,502.23,955.97,1351.89
25,4,1079.59,687.91,1219.57,1077.32
25,5,2125.3,786.14,2291.66,1003.84
25,6,1200.03,688.41,1304.81,1046.12
25,7,1516.22,700.24,1636.21,1036.42
25,8,1286.44,696.88,1381.35,1029.56
25,9,1413.67,704.56,1518.58,1013.43
25,10,1700.8,752.82,1749.99,919.97
25,11,1749.82,760.17,1791.5,911.6
25,13,1346.89,706.43,1421.41,1016.62
25,14,2058.27,785.6,2137.4,912.65
25,15,1837.61,779.39,1883.64,890.36
25,23,2350.15,743.61,2419.0,902.19
25,24,911.57,593.05,1038.77,1164.33
25,29,2123.99,739.05,2214.07,933.63
26,1,0.0,462.34,395.11,1433.01
26,2,2311.45,744.74,2560.0,1272.68
26,3,695.09,497.87,949.43,1351.34
26,4,1073.11,689.01,1212.79,1079.27
26,5,2124.0,784.16,2291.8,1004.9
26,6,1194.85,689.59,1300.03,1048.76
26,7,1514.44,699.41,1635.29,1036.25
26,8,1282.89,696.94,1378.96,1032.0
26,9,1414.06,703.1,1519.59,1012.87
26,10,1700.68,752.54,1749.82,919.56
26,11,1749.18,759.39,1791.15,911.54
26,13,1344.22,706.03,1418.13,1015.52
26,14,2058.06,786.19,2137.03,913.36
26,15,1838.29,779.14,1884.37,890.5
26,23,2355.26,742.98,2424.64,901.21
26,24,907.91,592.0,1037.73,1167.61
26,29,2118.37,736.95,2210.58,935.74
27,1,0.0,455.77,380.85,1431.8
27,2,2313.78,744.1,2560.0,1278.25
27,3,686.31,494.45,942.36,1355.66
27,4,1069.92,688.72,1209.92,1080.45
27,5,2129.28,782.53,2298.67,1004.29
27,6,1191.46,690.29,1296.97,1051.17
27,7,1512.93,699.3,1634.77,1037.5
27,8,1279.18,698.96,1375.85,1032.41
27,9,1414.31,702.69,1520.43,1013.65
27,10,1700.98,752.54,1750.1,919.6
27,11,1748.8,758.76,1791.13,911.77
27,13,1341.54,704.82,1416.32,1019.07
27,14,2059.58,785.18,2138.68,912.65
27,15,1839.01,779.34,1884.84,890.52
27,23,2358.48,741.53,2429.33,902.05
27,24,900.14,591.03,1032.58,1170.98
27,29,2111.46,737.57,2206.04,941.33
28,1,0.0,454.24,363.68,1430.06
28,2,2315.57,743.27,2560.0,1283.96
28,3,678.75,492.46,934.78,1353.99
28,4,1066.24,689.93,1206.37,1082.94
28,5,2131.44,781.91,2302.48,1004.61
28,6,1190.06,691.29,1295.57,1053.01
28,7,1511.69,698.65,1634.68,1038.68
28,8,1275.37,700.7,1372.5,1034.02
28,9,1407.98,702.37,1516.37,1016.21
28,10,1700.83,752.36,1750.19,920.46
28,11,1749.05,758.77,1791.64,912.76
28,13,1338.88,706.83,1413.42,1020.4
28,14,2060.37,786.02,2138.98,912.92
28,15,1839.48,779.52,1885.02,890.35
28,23,2362.75,741.87,2434.28,903.29
28,24,894.52,589.8,1029.74,1174.76
28,29,2105.72,737.95,2201.67,944.89
29,1,0.0,453.04,349.43,1431.07
29,2,2317.74,744.04,2560.0,1289.57
29,3,670.55,491.98,928.54,1360.08
29,4,1062.18,688.87,1203.58,1087.1
29,5,2129.23,783.21,2299.75,1006.12
29,6,1188.08,690.7,1293.98,1056.14
29,7,1509.53,699.09,1632.89,1040.86
29,8,1273.55,699.59,1371.84,1037.25
29,9,1406.12,702.05,1514.94,1018.34
29,10,1700.0,751.96,1749.84,921.69
29,11,1747.34,757.84,1790.32,913.65
29,13,1337.28,705.08,1412.63,1020.92
29,14,2059.89,789.2,2136.18,912.7
29,15,1839.7,779.54,1885.03,890.48
29,23,2367.07,741.6,2439.1,903.36
29,24,882.59,588.12,1017.87,1176.14
29,29,2103.4,738.97,2199.06,945.41
30,1,0.0,452.31,336.13,1430.93
30,2,2321.64,749.98,2560.0,1294.06
30,3,660.21,491.43,921.1,1368.09
30,4,1059.06,686.3,1201.08,1087.27
30,5,2128.95,783.34,2300.34,1007.91
30,6,1186.46,690.65,1292.22,1058.01
30,7,1509.44,700.01,1632.86,1043.24
30,8,1271.92,699.08,1371.01,1039.35
30,9,1404.9,702.67,1514.12,1020.69
30,10,1699.37,752.36,1749.27,922.16
30,11,1745.41,757.48,1788.75,914.66
30,13,1335.35,707.1,1409.9,1018.75
30,14,2058.05,793.1,2132.16,913.77
30,15,1839.93,779.84,1884.92,890.68
30,23,2371.28,741.02,2444.82,905.51
30,24,876.68,587.13,1012.24,1179.25
30,29,2103.55,738.3,2198.62,944.45
31,1,0.0,451.18,321.34,1429.65
31,2,2324.81,749.72,2560.0,1298.3
31,3,651.16,491.89,912.78,1367.26
31,4,1055.45,687.05,1197.92,1091.0
31,5,2134.73,784.28,2308.09,1009.29
31,6,1184.51,691.06,1289.8,1059.16
31,7,1508.1,700.8,1631.88,1044.92
31,8,1269.22,698.7,1368.52,1040.55
31,9,1403.2,705.89,1511.86,1022.53
31,10,1698.15,752.73,1748.23,922.72
31,11,1743.76,757.17,1787.41,915.5
31,13,1333.28,708.28,1408.66,1023.06
31,14,2057.27,796.83,2129.17,915.74
31,15,1840.24,780.35,1884.96,891.16
31,23,2376.56,740.65,2449.87,905.03
31,24,874.93,588.53,1010.05,1179.36
31,29,2100.84,736.5,2196.35,944.9
32,1,0.0,450.75,305.77,1429.32
32,2,2327.45,750.68,2560.0,1301.82
32,3,643.32,491.75,906.76,1371.08
32,4,1052.76,686.59,1194.92,1090.35
32,5,2131.2,786.57,2304.16,1010.69
32,6,1179.69,690.85,1285.49,1061.43
32,7,1505.33,701.81,1629.46,1046.71
32,8,1266.98,698.27,1366.76,1042.06
32,9,1401.33,706.12,1510.0,1024.3
32,10,1697.83,753.89,1747.59,922.48
32,11,1742.59,758.66,1785.93,916.1
32,13,1334.45,706.45,1410.12,1019.41
32,15,1839.89,781.27,1884.51,891.84
32,23,2380.68,739.72,2454.43,905.06
32,24,871.14,588.29,1006.32,1179.94
32,29,2090.54,734.98,2185.73,945.13
33,1,0.0,450.47,290.52,1428.47
33,2,2330.05,750.62,2560.0,1306.76
33,3,633.1,491.25,900.38,1379.98
33,4,1047.83,686.25,1190.68,1091.31
33,5,2135.99,787.89,2311.52,1011.98
33,6,1174.93,692.03,1281.13,1062.94
33,7,1502.65,702.55,1627.13,1048.22
33,8,1265.22,698.49,1365.32,1042.46
33,9,1402.09,707.12,1509.98,1022.56
33,10,1696.17,753.72,1746.46,922.72
33,11,1741.2,760.68,1784.04,915.9
33,13,1332.95,705.88,1409.61,1020.23
33,15,1839.73,781.8,1884.26,891.88
33,23,2384.82,739.2,2458.8,904.9
33,24,868.33,586.98,1000.34,1172.07
33,29,2088.87,734.77,2183.85,946.5
34,1,0.0,449.79,275.28,1430.72
34,2,2332.95,752.21,2560.0,1311.41
34,3,625.99,490.02,896.89,1385.61
34,4,1045.43,686.75,1188.92,1093.86
34,5,2138.59,787.98,2316.79,1012.57
34,6,1172.81,691.7,1279.45,1064.52
34,7,1502.37,701.88,1627.9,1049.92
34,8,1261.17,697.91,1361.86,1043.51
34,9,1400.51,704.35,1510.91,1024.85
34,10,1694.24,752.69,1745.46,922.89
34,11,1740.48,762.77,1782.83,915.73
34,13,1329.06,705.4,1406.56,1022.69
34,15,1839.39,781.82,1884.2,892.49
34,23,2388.94,739.96,2462.62,904.55
34,24,863.07,586.34,993.16,1170.86
34,29,2084.23,734.89,2177.95,947.62
35,1,0.0,450.84,259.84,1431.32
35,2,2335.1,751.4,2560.0,1316.88
35,3,619.19,486.5,894.22,1388.52
35,4,1042.55,686.48,1186.17,1094.9
35,5,2136.79,787.63,2316.36,1012.87
35,6,1167.91,691.21,1275.53,1065.66
35,7,1500.52,702.83,1626.28,1050.9
35,8,1257.86,696.92,1359.07,1044.14
35,9,1400.41,702.26,1512.3,1026.49
35,10,1692.48,751.61,1745.05,924.22
35,11,1738.56,762.37,1781.66,916.36
35,13,1325.61,704.45,1404.8,1028.43
35,15,1839.11,781.95,1884.16,893.03
35,23,2393.22,740.38,2466.29,902.8
35,24,854.75,585.73,983.08,1169.92
35,29,2078.53,734.56,2170.24,947.13
36,1,0.0,454.0,242.72,1430.71
36,2,2337.46,750.38,2560.0,1319.22
36,3,613.77,486.27,892.65,1389.92
36,4,1039.28,684.18,1183.59,1095.4
36,5,2132.12,786.82,2312.76,1013.7
36,6,1164.3,686.78,1273.01,1065.47
36,7,1499.3,702.07,1625.43,1051.31
36,8,1254.65,697.25,1356.13,1044.04
36,9,1398.45,701.73,1511.57,1027.57
36,10,1692.02,753.14,1744.89,926.01
36,11,1738.49,761.91,1782.05,916.93
36,13,1324.2,708.17,1402.28,1026.94
36,15,1838.8,782.18,1884.11,893.38
36,23,2398.78,740.21,2472.1,902.69
36,24,849.34,585.94,980.05,1187.25
36,29,2068.62,732.03,2159.88,947.21
37,1,0.0,469.34,222.85,1430.95
37,2,2340.77,754.49,2560.0,1321.76
37,3,604.93,483.57,886.84,1385.86
37,4,1036.07,681.39,1181.23,1096.75
37,5,2129.95,787.25,2310.44,1014.47
37,6,1161.97,683.85,1271.23,1065.8
37,7,1497.07,701.63,1624.05,1051.79
37,8,1250.78,696.59,1352.74,1044.95
37,9,1395.15,701.79,1508.13,1027.96
37,10,1691.53,753.73,1744.38,925.95
37,11,1737.32,760.23,1781.86,917.63
37,13,1323.18,708.38,1401.06,1025.72
37,15,1838.51,782.64,1883.96,893.58
37,23,2402.69,739.53,2476.25,902.6
37,24,842.7,583.21,972.22,1186.81
37,29,2063.82,730.99,2153.62,945.91
38,1,0.0,550.02,197.28,1434.48
38,2,2343.25,756.29,2560.0,1325.37
38,3,595.09,480.68,880.95,1385.37
38,4,1032.48,680.74,1177.12,1097.04
38,5,2135.31,786.9,2318.59,1015.45
38,6,1159.65,680.85,1269.29,1066.03
38,7,1494.56,700.84,1622.22,1052.82
38,8,1247.01,696.28,1349.17,1044.94
38,9,1389.81,701.82,1502.99,1029.17
38,10,1691.75,752.67,1744.92,924.63
38,11,1733.63,758.55,1779.72,918.59
38,13,1325.56,706.06,1403.18,1023.0
38,15,1838.16,782.65,1883.77,893.6
38,23,2406.13,739.46,2480.05,902.95
38,24,834.09,583.0,964.64,1193.51
38,29,2056.74,730.5,2146.05,943.3
38,43,987.04,785.77,1033.22,898.88
39,1,0.0,587.84,171.44,1435.01
39,2,2346.51,762.99,2560.0,1329.21
39,3,582.24,478.28,872.55,1390.37
39,4,1029.58,679.6,1173.94,1097.47
39,5,2137.88,786.62,2323.9,1016.29
39,6,1154.77,679.71,1264.63,1066.21
39,7,1492.64,700.1,1620.8,1052.66
39,8,1243.34,694.61,1346.43,1044.73
39,9,1387.22,703.3,1499.9,1028.96
39,10,1690.97,752.32,1744.73,925.12
39,11,1732.33,757.81,1779.16,918.39
39,13,1320.4,705.93,1397.54,1022.0
39,15,1837.92,782.42,1883.64,893.25
39,23,2409.91,739.48,2484.14,903.86
39,24,821.07,581.11,951.44,1197.48
39,29,2049.04,730.52,2140.63,945.31
39,43,986.54,786.59,1032.48,899.26
40,2,2348.7,768.44,2560.0,1332.21
40,3,570.16,475.62,865.83,1398.85
40,4,1025.38,676.04,1170.22,1098.55
40,5,2138.23,786.48,2326.58,1016.69
40,6,1150.1,677.45,1260.5,1066.68
40,7,1489.71,700.27,1618.05,1053.24
40,8,1239.28,694.66,1342.8,1044.22
40,9,1385.54,702.91,1498.86,1028.85
40,10,1690.79,752.75,1745.16,926.25
40,11,1732.27,758.47,1779.2,918.15
40,13,1319.38,705.71,1396.94,1024.35
40,15,1837.27,782.25,1882.7,892.59
40,23,2414.03,738.45,2488.78,903.94
40,24,813.76,578.06,944.2,1199.18
40,29,2046.91,733.21,2138.95,945.97
40,43,985.25,787.18,1031.16,899.95
41,2,2350.89,772.09,2560.0,1334.98
41,3,556.5,471.57,858.32,1408.31
41,4,1021.12,673.13,1166.66,1101.84
41,5,2137.04,786.3,2327.61,1016.86
41,6,1143.95,673.18,1255.71,1067.9
41,7,1486.71,699.27,1616.27,1054.53
41,8,1237.18,695.24,1340.93,1044.88
41,9,1381.6,701.17,1495.3,1028.86
41,10,1690.43,753.28,1744.71,926.56
41,11,1732.31,758.52,1779.52,919.08
41,13,1321.68,705.16,1398.5,1023.31
41,15,1836.62,781.98,1881.77,891.96
41,23,2417.85,739.43,2492.62,904.61
41,24,806.51,577.08,935.39,1196.4
41,29,2039.64,734.31,2136.87,954.68
41,43,985.11,788.5,1030.82,900.71
42,2,2352.16,772.44,2560.0,1338.52
42,3,545.59,467.79,852.12,1414.52
42,4,1017.24,670.62,1162.84,1103.76
42,5,2133.45,786.16,2326.47,1016.95
42,6,1136.87,675.76,1248.72,1070.03
42,7,1486.21,698.54,1616.13,1054.19
42,8,1233.62,694.42,1337.63,1045.67
42,9,1374.26,700.13,1488.1,1029.26
42,10,1689.02,753.61,1743.41,927.02
42,11,1732.86,759.04,1779.73,918.85
42,13,1310.17,704.52,1388.02,1022.34
42,15,1836.23,782.62,1880.85,891.81
42,23,2421.24,741.5,2495.89,905.32
42,24,800.92,577.74,928.49,1191.73
42,29,2032.36,733.45,2135.81,964.25
42,43,983.95,788.71,1029.33,900.43
43,2,2353.67,775.23,2560.0,1342.42
43,3,534.43,464.86,846.11,1422.22
43,4,1011.72,666.9,1157.2,1104.73
43,5,2130.79,785.47,2325.99,1017.38
43,6,1133.3,675.64,1245.79,1072.98
43,7,1483.18,697.15,1613.73,1055.45
43,8,1229.66,694.9,1334.23,1047.75
43,9,1368.98,699.76,1482.81,1030.0
43,10,1688.8,754.38,1743.16,927.39
43,11,1732.57,757.41,1779.83,918.78
43,13,1312.17,703.59,1387.25,1017.68
43,15,1834.74,781.11,1880.09,892.26
43,23,2424.36,741.57,2500.68,908.39
43,24,798.26,575.85,920.29,1163.66
43,29,2031.59,736.63,2137.09,969.65
43,43,981.8,789.44,1026.71,900.62
44,2,2354.98,782.61,2560.0,1349.95
44,3,526.66,465.14,843.31,1428.84
44,4,1006.72,664.35,1152.64,1108.62
44,5,2128.03,784.86,2323.97,1018.06
44,6,1131.31,674.1,1244.46,1076.64
44,7,1481.25,696.41,1612.13,1056.65
44,8,1223.76,693.44,1328.9,1049.37
44,9,1366.27,700.3,1479.42,1031.09
44,10,1687.32,755.8,1741.86,928.84
44,11,1732.28,758.06,1779.33,919.24
44,13,1313.64,702.88,1386.46,1017.18
44,15,1834.28,779.15,1880.37,892.74
44,23,2427.68,740.97,2504.98,909.55
44,29,2032.63,738.21,2133.62,957.61
44,43,980.39,789.23,1024.66,899.87
44,50,1295.06,701.92,1375.26,1031.0
45,2,2357.75,800.9,2560.0,1358.54
45,3,515.01,464.42,835.55,1430.08
45,4,1002.6,662.85,1148.48,1111.55
45,5,2125.51,785.3,2322.36,1020.2
45,6,1127.93,679.21,1238.81,1076.97
45,7,1477.58,697.49,1608.06,1058.44
45,8,1218.85,694.66,1323.84,1051.43
45,9,1362.69,700.83,1475.65,1032.86
45,10,1684.8,755.61,1739.49,929.25
45,11,1733.5,760.32,1780.23,921.8
45,13,1311.77,703.85,1382.84,1018.66
45,15,1835.4,781.59,1880.21,892.9
45,23,2431.6,740.45,2509.57,910.34
45,29,2032.8,741.59,2129.54,949.71
45,50,1296.49,703.39,1376.18,1030.94
46,2,2360.69,820.26,2560.0,1364.81
46,3,499.49,467.28,824.02,1433.32
46,4,998.08,661.24,1143.07,1111.03
46,5,2128.34,787.06,2326.1,1021.95
46,6,1123.96,683.3,1233.69,1078.15
46,7,1474.62,697.93,1605.62,1061.19
46,8,1214.62,695.7,1319.9,1054.21
46,9,1361.9,701.28,1475.2,1034.42
46,10,1683.98,754.93,1738.75,929.44
46,11,1733.45,760.16,1780.31,923.24
46,13,1310.34,705.86,1379.88,1018.11
46,15,1835.84,782.38,1880.05,892.9
46,23,2436.09,741.95,2513.68,910.49
46,29,2032.42,754.97,2123.25,949.98
46,50,1292.66,706.6,1372.45,1033.43
47,2,2366.35,856.77,2560.0,1371.54
47,3,482.95,469.53,811.53,1434.27
47,4,994.54,662.96,1141.16,1115.83
47,5,2124.83,790.25,2321.24,1024.21
47,6,1119.93,678.08,1231.44,1081.51
47,7,1470.02,698.33,1601.4,1062.93
47,8,1210.2,698.26,1315.17,1056.21
47,9,1357.8,701.5,1470.58,1034.75
47,10,1682.63,755.96,1737.35,930.62
47,11,1734.29,762.59,1780.48,923.91
47,15,1835.45,781.55,1880.15,892.63
47,23,2439.49,743.89,2517.39,913.31
47,50,1287.81,707.38,1367.84,1034.2
47,24,804.39,675.91,901.9,1155.72
48,2,2368.72,871.38,2559.28,1377.37
48,3,470.45,471.29,803.48,1436.21
48,4,985.7,663.78,1130.92,1118.59
48,5,2119.25,791.62,2315.16,1026.77
48,6,1113.03,679.0,1225.22,1085.1
48,7,1464.44,700.1,1596.53,1065.2
48,8,1205.8,698.47,1310.91,1057.85
48,9,1353.45,703.6,1465.74,1037.54
48,10,1681.88,756.76,1736.94,932.29
48,11,1733.84,762.15,1780.18,924.65
48,15,1834.27,781.04,1879.8,893.48
48,23,2443.72,744.95,2521.78,914.73
48,50,1290.17,709.09,1370.07,1034.28
48,24,802.65,687.92,896.72,1157.46
49,2,2369.43,877.95,2560.0,1385.6
49,3,457.61,471.76,794.89,1435.06
49,4,981.98,664.48,1126.29,1121.02
49,5,2118.41,792.45,2313.14,1028.43
49,6,1107.56,679.47,1220.51,1087.84
49,7,1461.24,700.86,1593.59,1066.5
49,8,1203.87,699.22,1309.18,1059.75
49,9,1353.85,705.64,1466.02,1038.58
49,10,1681.3,757.32,1736.58,933.58
49,11,1733.67,763.4,1779.98,925.8
49,15,1832.45,779.44,1879.6,895.61
49,23,2448.47,744.68,2526.51,914.11
49,50,1290.73,710.17,1369.8,1031.97
49,24,798.24,694.14,890.85,1159.94
50,2,2370.54,885.36,2560.0,1393.23
50,3,442.34,468.54,785.09,1433.02
50,4,981.97,662.91,1127.19,1122.64
50,5,2117.04,795.88,2309.59,1030.68
50,6,1102.59,682.84,1215.24,1090.16
50,7,1459.03,700.96,1592.88,1069.79
50,8,1200.83,698.71,1307.68,1063.68
50,9,1347.94,706.08,1460.83,1042.21
50,10,1680.22,758.21,1735.42,934.42
50,11,1733.09,762.31,1779.89,925.9
50,15,1833.52,783.3,1879.49,896.46
50,23,2453.07,743.93,2531.03,914.01
50,50,1281.32,709.7,1361.79,1034.05
50,24,790.99,696.16,882.62,1162.79
51,2,2372.23,891.65,2560.0,1393.62
51,3,427.28,466.07,776.3,1433.12
51,4,978.82,664.39,1124.02,1125.31
51,5,2119.7,797.38,2310.24,1031.91
51,6,1099.53,683.72,1212.43,1092.12
51,7,1456.31,701.48,1590.61,1071.28
51,8,1197.41,697.9,1305.49,1066.28
51,9,1345.73,706.38,1458.45,1043.56
51,10,1679.38,758.81,1734.55,935.3
51,11,1732.93,762.81,1779.77,926.19
51,15,1833.66,784.32,1879.62,896.74
51,23,2457.0,742.84,2535.98,916.18
51,50,1282.3,709.8,1362.82,1033.32
51,24,787.01,696.96,877.91,1165.15
51,63,1557.48,703.97,1636.36,1052.89
52,2,2374.68,900.34,2560.0,1398.7
52,3,414.2,464.43,769.65,1433.73
52,4,975.76,663.86,1120.96,1126.96
52,5,2120.06,797.54,2309.87,1032.69
52,6,1098.51,684.25,1211.38,1093.96
52,7,1455.99,702.84,1590.6,1073.4
52,8,1193.54,697.72,1301.68,1066.13
52,9,1344.06,706.5,1457.69,1046.04
52,10,1677.84,757.34,1733.53,936.12
52,11,1731.39,763.65,1778.52,926.68
52,15,1833.73,784.75,1879.94,897.03
52,23,2460.83,741.25,2540.46,917.05
52,50,1276.72,710.16,1356.23,1027.99
52,24,779.94,696.7,870.43,1165.95
52,63,1558.49,706.48,1635.16,1045.19
52,12,1934.22,732.76,2047.46,996.59
52,13,1302.2,707.94,1371.18,1022.07
53,2,2380.24,917.01,2559.9,1399.06
53,3,404.62,462.15,765.41,1433.29
53,4,975.96,662.2,1121.8,1126.96
53,5,2120.91,796.85,2310.85,1033.42
53,6,1097.2,684.84,1209.73,1095.1
53,7,1454.92,702.24,1589.83,1074.0
53,8,1191.36,696.97,1300.31,1066.92
53,9,1342.25,706.9,1456.72,1047.93
53,10,1677.64,757.76,1733.45,936.56
53,11,1730.43,764.21,1777.73,927.62
53,15,1832.73,784.26,1880.08,898.38
53,23,2463.65,741.24,2543.37,916.99
53,50,1268.49,708.19,1351.68,1038.95
53,24,773.96,696.56,865.11,1171.21
53,63,1557.71,708.56,1632.67,1039.32
53,12,1935.13,731.59,2047.98,999.42
53,13,1302.46,706.61,1370.73,1021.35
54,2,2383.85,927.74,2560.0,1408.29
54,3,393.75,456.98,760.82,1433.69
54,4,971.43,661.85,1117.1,1128.52
54,5,2122.02,795.92,2311.57,1034.08
54,6,1095.77,685.08,1208.08,1096.25
54,7,1454.26,702.13,1589.61,1075.42
54,8,1189.02,697.02,1298.66,1068.53
54,9,1341.06,706.97,1456.43,1048.49
54,10,1677.25,757.87,1733.18,937.06
54,11,1729.87,764.37,1777.48,928.75
54,15,1832.08,784.23,1880.45,899.92
54,23,2469.71,743.16,2549.03,918.8
54,50,1272.16,709.9,1354.02,1037.57
54,24,768.71,696.47,860.48,1172.99
54,63,1556.17,708.69,1632.84,1046.83
54,12,1935.81,730.47,2048.15,1000.48
54,13,1299.19,706.51,1367.37,1024.89
55,2,2386.91,935.97,2560.0,1414.21
55,3,385.26,452.06,758.12,1434.39
55,4,965.99,661.71,1110.87,1129.17
55,5,2126.52,796.97,2313.94,1034.25
55,6,1092.67,684.87,1204.65,1095.87
55,7,1452.96,700.5,1589.6,1077.8
55,8,1186.69,696.17,1297.06,1068.91
55,9,1341.37,706.9,1455.77,1046.82
55,10,1676.66,757.86,1732.55,937.19
55,11,1729.81,764.41,1777.79,929.75
55,15,1832.07,784.86,1880.76,900.53
55,23,2477.1,742.74,2556.89,919.55
55,50,1274.99,710.83,1355.38,1035.02
55,24,762.29,694.57,855.7,1174.96
55,63,1556.2,707.92,1633.32,1047.38
55,12,1938.85,729.61,2049.86,997.51
55,13,1298.53,706.88,1366.1,1027.02
56,2,2390.8,941.01,2560.0,1417.36
56,3,370.67,448.47,749.62,1433.56
56,4,962.93,659.89,1107.03,1128.81
56,5,2129.51,796.95,2316.41,1034.76
56,6,1089.18,680.72,1202.32,1098.14
56,7,1452.36,700.48,1589.49,1079.01
56,8,1184.3,694.94,1295.23,1069.47
56,9,1340.26,706.67,1455.76,1048.87
56,10,1676.69,757.97,1732.5,937.44
56,11,1729.73,764.4,1777.88,930.42
56,15,1832.39,785.47,1881.08,900.7
56,23,2480.96,741.66,2560.0,920.2
56,50,1265.22,707.6,1349.13,1046.99
56,24,756.73,692.23,851.72,1176.42
56,63,1555.57,707.99,1634.02,1053.12
56,12,1938.07,728.87,2050.52,1002.21
56,13,1296.31,703.6,1362.93,1025.03
57,2,2399.37,958.98,2560.0,1412.68
57,3,357.39,443.4,743.82,1436.04
57,4,959.77,658.61,1103.03,1127.79
57,5,2131.04,796.75,2317.65,1035.74
57,6,1087.72,679.04,1201.04,1098.52
57,7,1451.79,699.25,1589.52,1079.76
57,8,1181.17,693.46,1292.4,1069.7
57,9,1337.3,706.13,1452.83,1047.88
57,10,1677.06,758.11,1733.0,937.9
57,11,1730.49,764.64,1778.68,930.73
57,15,1832.46,786.22,1881.05,901.22
57,23,2483.3,741.55,2560.0,921.93
57,50,1266.0,709.11,1349.01,1046.85
57,24,750.54,689.58,846.24,1176.06
57,63,1555.54,708.07,1634.29,1054.62
57,12,1937.57,728.57,2051.16,1006.24
57,13,1292.06,704.44,1359.6,1031.28
58,2,2407.32,969.23,2560.0,1404.15
58,3,345.74,437.54,738.33,1436.87
58,4,954.08,658.17,1095.7,1126.83
58,5,2134.07,796.38,2320.36,1035.86
58,6,1085.2,678.07,1198.32,1098.55
58,7,1451.38,697.51,1589.55,1079.86
58,8,1180.36,692.91,1291.89,1070.46
58,9,1338.39,705.13,1454.71,1050.05
58,10,1677.7,758.23,1733.87,938.72
58,11,1731.09,764.37,1779.3,930.33
58,15,1833.72,786.51,1882.02,901.05
58,23,2487.76,742.59,2560.0,922.04
58,50,1260.69,708.3,1344.42,1049.59
58,24,746.11,688.36,843.77,1183.18
58,63,1553.71,705.34,1633.66,1057.34
58,12,1940.61,727.12,2050.86,995.98
58,13,1285.89,706.76,1353.3,1038.62
59,2,2412.4,971.21,2560.0,1410.55
59,3,336.05,432.01,732.77,1436.78
59,4,950.72,656.79,1090.96,1125.13
59,5,2135.88,795.02,2322.7,1035.76
59,6,1082.95,673.85,1196.92,1099.22
59,7,1451.95,696.96,1590.25,1079.75
59,8,1179.08,693.26,1290.66,1071.2
59,9,1337.34,705.58,1453.79,1050.73
59,10,1678.99,758.37,1735.21,939.23
59,11,1731.37,763.81,1779.86,930.15
59,15,1834.63,787.32,1882.45,900.87
59,23,2491.21,741.68,2560.0,923.21
59,50,1258.85,707.6,1342.2,1047.75
59,24,739.96,685.56,838.99,1183.81
59,63,1553.77,702.67,1634.04,1055.9
59,12,1938.54,724.57,2051.43,1003.32
59,13,1286.33,706.84,1352.46,1038.06
59,76,620.75,563.04,777.45,1257.53
60,2,2417.56,973.87,2560.0,1414.82
60,3,327.96,432.39,725.05,1436.23
60,4,950.68,653.66,1091.5,1124.29
60,5,2137.06,793.34,2325.01,1036.64
60,6,1080.89,671.83,1194.99,1099.37
60,7,1452.47,696.33,1591.05,1079.7
60,8,1177.08,693.0,1288.89,1071.5
60,9,1336.11,703.39,1454.45,1051.11
60,10,1678.17,756.33,1734.83,939.79
60,11,1731.64,763.35,1780.38,929.57
60,15,1834.66,786.64,1882.65,900.68
60,23,2496.1,741.75,2560.0,921.89
60,50,1254.97,706.47,1337.55,1043.47
60,24,733.35,682.84,833.68,1183.85
60,63,1556.53,701.8,1635.8,1048.97
60,12,1938.2,722.97,2042.86,972.18
60,13,1284.16,705.95,1349.13,1039.43
60,76,632.47,558.51,792.38,1262.41
61,2,2426.05,991.61,2560.0,1417.57
61,3,322.04,421.86,723.22,1434.69
61,4,949.92,651.9,1091.29,1124.01
61,5,2140.31,792.85,2328.44,1037.0
61,6,1078.97,667.86,1193.82,1099.69
61,7,1452.05,695.77,1591.08,1080.61
61,8,1175.78,693.21,1287.9,1072.2
61,9,1333.18,702.11,1452.59,1051.94
61,10,1679.04,756.6,1735.24,938.73
61,11,1731.81,763.38,1780.83,929.85
61,15,1834.99,786.06,1883.19,900.67
61,23,2500.88,747.59,2560.0,921.28
61,50,1255.27,705.77,1337.18,1040.92
61,24,726.85,681.93,828.34,1182.78
61,63,1556.74,701.19,1636.89,1050.13
61,12,1936.94,721.07,2048.12,985.12
61,13,1281.23,706.54,1344.37,1036.57
61,76,631.59,554.7,794.75,1265.61
62,3,315.48,415.12,718.14,1432.5
62,4,950.23,651.15,1093.12,1125.91
62,5,2143.22,792.33,2331.27,1037.3
62,6,1076.45,667.37,1191.12,1099.83
62,7,1452.16,695.12,1592.0,1082.37
62,8,1174.41,691.8,1287.24,1072.32
62,9,1335.28,701.13,1455.23,1052.2
62,10,1680.37,756.94,1736.45,938.98
62,11,1732.09,762.05,1781.4,929.78
62,15,1836.45,786.84,1884.21,900.66
62,50,1254.03,704.86,1338.0,1049.61
62,24,720.7,683.75,823.03,1185.94
62,63,1554.99,701.23,1637.59,1061.78
62,12,1941.36,723.3,2057.17,1001.35
62,76,607.72,544.88,773.81,1267.21
63,3,308.31,409.69,712.54,1433.13
63,4,949.93,650.42,1094.59,1126.73
63,5,2146.75,792.21,2335.1,1038.1
63,6,1074.75,669.19,1189.39,1102.16
63,7,1452.16,693.78,1592.45,1083.65
63,8,1172.91,690.22,1286.47,1072.68
63,9,1332.74,701.63,1451.78,1051.63
63,10,1681.13,757.23,1737.17,939.03
63,11,1733.48,763.41,1782.67,929.79
63,15,1837.51,786.48,1885.15,900.5
63,50,1251.11,703.04,1336.64,1055.76
63,24,715.18,680.45,819.28,1189.92
63,63,1553.52,700.46,1637.28,1067.33
63,12,1943.86,724.23,2060.95,1007.97
63,76,606.94,541.46,776.17,1267.4
64,3,300.32,404.24,704.97,1432.57
64,4,949.21,650.48,1096.04,1129.07
64,5,2149.68,792.33,2338.51,1039.22
64,6,1073.29,671.99,1187.47,1103.46
64,7,1452.17,693.5,1592.52,1084.72
64,8,1170.55,690.84,1284.21,1074.56
64,9,1328.22,701.66,1447.43,1054.4
64,10,1680.78,757.24,1737.04,939.29
64,11,1734.89,762.46,1784.49,929.18
64,15,1837.55,785.15,1885.5,900.45
64,50,1249.57,703.3,1335.93,1059.52
64,24,707.13,679.38,812.69,1193.66
64,63,1552.63,699.99,1636.58,1069.8
64,12,1947.44,723.58,2064.5,1010.06
64,76,600.73,537.53,774.46,1269.74
65,3,287.49,400.69,692.82,1432.78
65,4,947.16,650.53,1096.04,1130.56
65,5,2151.94,792.48,2342.26,1041.43
65,6,1070.18,671.33,1185.14,1106.67
65,7,1451.92,692.81,1593.14,1088.32
65,8,1169.06,691.36,1283.35,1076.06
65,9,1328.5,701.47,1447.41,1056.82
65,10,1680.8,757.42,1737.46,940.42
65,11,1735.06,762.81,1784.9,930.24
65,15,1837.82,783.85,1886.45,901.18
65,50,1249.91,704.4,1335.56,1057.37
65,24,699.99,677.82,806.14,1196.71
65,63,1551.84,699.96,1635.8,1072.48
65,12,1948.97,723.34,2065.78,1012.18
65,76,593.01,535.18,772.17,1277.38
65,85,2475.91,1138.89,2560.0,1418.89
66,3,276.86,400.0,680.5,1433.81
66,4,943.64,649.07,1095.68,1133.57
66,5,2154.21,794.52,2344.53,1044.08
66,6,1066.8,673.51,1182.07,1109.94
66,7,1453.14,693.4,1594.55,1090.02
66,8,1166.01,691.1,1281.54,1079.73
66,9,1330.42,701.53,1449.87,1060.03
66,10,1680.2,757.47,1737.2,941.26
66,11,1735.55,762.86,1785.8,931.36
66,15,1838.16,784.31,1886.64,901.72
66,50,1247.81,704.75,1334.64,1062.19
66,24,691.26,675.6,798.19,1197.89
66,63,1551.19,700.15,1635.17,1075.45
66,12,1952.68,722.77,2067.69,1010.12
66,76,582.23,539.68,764.45,1283.59
66,85,2481.08,1153.77,2560.0,1423.13
67,3,263.59,399.03,666.24,1433.5
67,4,939.69,649.09,1094.61,1137.91
67,5,2156.81,795.56,2348.81,1046.31
67,6,1065.08,676.6,1180.05,1111.48
67,7,1454.0,692.87,1595.22,1091.25
67,8,1164.34,691.87,1280.08,1081.78
67,9,1334.41,701.99,1454.16,1061.82
67,10,1679.79,757.74,1736.99,941.77
67,11,1736.19,763.31,1786.37,931.46
67,15,1838.51,784.13,1887.23,902.18
67,50,1247.11,705.55,1330.6,1049.07
67,24,685.46,675.31,793.53,1201.23
67,63,1550.57,699.19,1635.4,1082.43
67,12,1954.62,727.96,2067.19,1011.62
67,76,570.82,541.02,755.53,1286.57
67,90,1910.39,739.2,1970.99,958.74
68,3,250.68,398.13,652.16,1433.74
68,4,935.02,650.56,1091.38,1141.29
68,5,2159.9,795.59,2352.23,1046.83
68,6,1062.13,680.08,1176.73,1113.32
68,7,1454.42,692.67,1595.3,1092.99
68,8,1162.83,692.06,1279.42,1084.3
68,9,1334.91,704.18,1455.43,1063.82
68,10,1680.62,758.05,1738.13,942.78
68,11,1737.16,762.96,1787.78,932.02
68,15,1838.41,782.55,1887.76,902.51
68,50,1245.08,706.67,1328.1,1051.32
68,24,679.38,676.58,788.02,1204.53
68,63,1551.66,698.68,1634.98,1078.06
68,12,1956.1,729.91,2069.41,1017.16
68,76,564.71,540.32,754.23,1293.17
68,90,1906.74,739.31,1967.44,958.75
69,3,238.7,396.06,640.27,1433.72
69,4,931.44,654.04,1088.98,1144.72
69,5,2161.76,794.77,2355.45,1048.0
69,6,1060.19,681.73,1175.07,1115.97
69,7,1454.28,693.33,1594.41,1094.14
69,8,1159.93,691.86,1277.34,1086.61
69,9,1334.48,704.05,1456.37,1065.8
69,10,1681.53,758.87,1739.25,944.15
69,11,1737.81,763.91,1788.51,932.32
69,15,1839.14,783.01,1888.42,903.31
69,50,1241.0,706.44,1323.87,1054.07
69,24,671.71,677.96,781.42,1209.07
69,63,1551.22,698.58,1635.88,1088.04
69,12,1955.37,729.35,2069.86,1021.17
69,76,554.99,538.7,748.33,1298.31
69,90,1900.79,738.82,1961.82,958.55
70,3,222.04,393.87,623.81,1433.5
70,4,929.34,658.48,1087.92,1147.47
70,5,2163.17,796.48,2356.59,1049.68
70,6,1055.74,678.21,1172.3,1120.42
70,7,1454.39,693.55,1594.65,1096.09
70,8,1158.16,693.44,1275.91,1089.0
70,9,1334.57,704.74,1457.88,1066.77
70,10,1681.45,759.18,1738.95,944.32
70,11,1738.22,764.7,1789.47,933.86
70,15,1838.98,782.06,1889.02,904.75
70,50,1243.18,706.16,1328.47,1064.51
70,24,665.18,679.43,775.3,1215.33
70,63,1551.54,698.88,1635.79,1090.45
70,12,1954.96,728.23,2069.39,1021.32
70,76,544.04,535.48,741.04,1304.26
70,90,1892.96,738.91,1955.6,962.22
71,3,206.72,390.98,608.16,1433.12
71,4,931.29,659.27,1092.94,1148.93
71,5,2166.0,796.94,2360.37,1051.4
71,6,1052.83,679.64,1170.0,1123.84
71,7,1453.91,694.85,1594.17,1097.57
71,8,1157.41,693.64,1275.74,1090.81
71,9,1334.22,704.21,1459.39,1069.04
71,10,1680.71,758.69,1738.21,944.45
71,11,1738.66,765.19,1790.53,934.95
71,15,1838.73,785.64,1887.1,905.02
71,50,1235.85,703.54,1322.68,1072.57
71,24,658.21,678.7,769.35,1221.93
71,63,1552.63,699.01,1635.49,1088.1
71,12,1958.87,725.49,2076.71,1028.41
71,76,534.35,532.86,733.23,1307.7
71,90,1887.17,740.07,1950.6,962.1
72,3,189.67,386.84,591.91,1433.14
72,4,927.06,659.53,1090.51,1149.77
72,5,2173.13,796.39,2370.68,1052.73
72,6,1050.4,683.94,1166.76,1125.6
72,7,1453.33,694.85,1593.87,1098.17
72,8,1154.91,692.66,1274.04,1092.55
72,9,1334.52,702.89,1461.42,1070.04
72,10,1680.68,758.28,1738.09,944.47
72,11,1738.42,765.54,1790.4,935.04
72,15,1841.06,787.56,1888.31,904.43
72,50,1239.16,705.84,1322.91,1065.29
72,24,648.71,677.79,759.93,1223.99
72,63,1553.57,698.56,1633.83,1077.22
72,12,1957.94,724.1,2076.93,1029.49
72,76,528.39,529.78,728.97,1310.77
72,90,1878.28,739.17,1944.24,962.4
73,3,172.5,381.82,575.43,1432.71
73,4,930.54,658.08,1099.19,1151.64
73,5,2170.45,796.42,2368.45,1053.39
73,6,1047.76,678.84,1165.01,1126.34
73,7,1452.13,694.36,1593.7,1100.88
73,8,1152.53,691.58,1272.38,1093.92
73,9,1334.46,699.63,1463.22,1069.45
73,10,1680.64,757.72,1738.19,944.98
73,11,1738.6,765.84,1790.73,935.12
73,15,1842.17,789.03,1888.83,905.13
73,50,1235.15,704.15,1320.15,1068.64
73,24,640.51,678.06,752.24,1228.15
73,63,1555.35,700.79,1631.12,1056.41
73,12,1957.54,721.85,2076.86,1026.97
73,76,526.56,527.47,730.14,1317.12
73,90,1870.81,739.01,1940.2,963.8
74,3,153.15,375.37,556.98,1430.76
74,4,931.35,657.35,1105.44,1152.1
74,5,2174.3,796.93,2373.93,1054.45
74,6,1045.85,675.12,1163.82,1127.29
74,7,1449.73,693.37,1591.88,1101.16
74,8,1149.46,690.98,1269.46,1094.56
74,9,1332.91,698.3,1462.79,1068.34
74,10,1680.98,757.72,1738.4,945.24
74,11,1738.3,765.51,1790.68,935.48
74,15,1843.03,792.64,1888.59,906.81
74,50,1235.42,701.27,1321.84,1069.63
74,24,632.97,673.68,746.66,1237.8
74,63,1557.88,701.42,1628.73,1029.0
74,12,1955.82,717.6,2077.27,1028.48
74,76,518.81,529.36,722.87,1318.44
74,90,1864.4,739.77,1937.42,963.34
74,98,2076.6,752.39,2142.95,944.33
75,3,133.69,368.56,538.84,1429.61
75,4,926.25,656.77,1104.5,1151.38
75,5,2173.7,797.82,2373.54,1055.15
75,6,1041.58,673.42,1159.57,1127.46
75,7,1449.16,692.88,1591.95,1102.77
75,8,1146.74,689.49,1267.44,1095.05
75,9,1330.56,695.92,1462.33,1069.38
75,10,1681.39,757.14,1738.76,945.2
75,11,1738.49,765.03,1791.18,935.82
75,50,1233.36,699.63,1319.33,1065.6
75,24,625.68,670.0,738.19,1229.72
75,63,1558.27,700.8,1628.04,1018.91
75,12,1963.45,712.92,2085.78,1027.32
75,76,510.04,521.63,717.93,1322.13
75,90,1859.53,740.57,1936.49,962.76
75,98,2080.0,752.64,2145.59,942.31
76,3,113.53,359.93,520.81,1429.01
76,4,920.84,658.83,1102.68,1151.82
76,5,2174.51,797.6,2374.71,1055.26
76,6,1038.78,673.99,1156.3,1127.49
76,7,1448.2,690.83,1591.29,1102.4
76,8,1144.35,687.17,1265.56,1095.12
76,9,1330.36,695.09,1462.99,1068.28
76,10,1681.3,756.24,1738.89,945.11
76,11,1738.74,764.23,1791.66,935.72
76,50,1231.23,697.62,1317.73,1065.23
76,24,619.99,667.87,733.07,1233.13
76,63,1557.85,700.18,1627.89,1014.41
76,12,1961.86,711.67,2087.6,1034.25
76,76,497.06,516.72,709.09,1324.02
76,90,1855.56,740.22,1937.0,962.66
76,98,2079.88,751.37,2146.09,943.07
77,3,91.98,351.06,501.67,1430.53
77,4,916.63,659.29,1101.64,1151.24
77,5,2175.46,796.47,2376.69,1055.13
77,6,1036.2,669.69,1154.93,1127.87
77,7,1447.25,689.8,1590.96,1102.96
77,8,1142.32,685.82,1264.26,1096.02
77,9,1329.24,694.0,1463.54,1069.07
77,10,1682.29,755.67,1740.2,945.16
77,11,1738.95,764.03,1791.88,935.46
77,50,1230.15,696.97,1316.45,1062.43
77,24,611.87,662.91,724.61,1229.5
77,63,1557.53,699.19,1628.67,1013.62
77,12,1965.98,713.81,2090.69,1031.43
77,76,482.02,509.34,699.48,1326.66
77,90,1852.25,739.79,1938.17,962.65
77,98,2082.39,750.01,2149.01,942.82
78,3,70.36,342.42,482.02,1431.67
78,4,913.9,661.41,1101.17,1153.35
78,5,2178.21,794.53,2380.84,1055.14
78,6,1031.63,667.82,1150.24,1127.22
78,7,1447.09,689.46,1591.6,1103.62
78,8,1140.96,682.77,1263.99,1096.84
78,9,1322.22,692.31,1456.63,1069.54
78,10,1682.24,755.11,1740.35,945.18
78,11,1739.38,763.44,1792.42,934.92
78,50,1228.4,695.16,1315.49,1061.8
78,24,603.16,661.61,715.99,1229.9
78,63,1557.11,698.17,1629.23,1012.16
78,12,1964.74,710.32,2091.87,1036.14
78,76,467.77,505.87,688.03,1327.54
78,90,1849.24,740.57,1938.68,962.36
78,98,2087.07,747.15,2154.21,940.66
79,3,44.61,334.02,458.41,1431.87
79,4,908.9,659.35,1099.93,1154.05
79,5,2179.64,794.26,2381.5,1054.43
79,6,1031.24,664.59,1149.98,1128.49
79,7,1445.73,687.91,1591.01,1103.29
79,8,1138.64,680.54,1262.48,1097.94
79,9,1321.07,691.54,1456.72,1071.01
79,10,1682.35,755.95,1740.15,945.16
79,11,1739.41,762.49,1792.72,934.65
79,50,1219.81,692.21,1308.91,1074.76
79,24,592.17,659.16,705.08,1231.04
79,63,1556.08,696.85,1629.56,1012.94
79,12,1967.28,707.2,2095.33,1035.35
79,76,451.15,500.19,675.18,1331.12
79,90,1845.62,740.8,1937.66,961.13
79,98,2089.46,744.77,2158.0,942.44
80,3,18.9,325.49,435.74,1432.07
80,4,900.9,659.99,1094.77,1155.07
80,5,2181.45,794.37,2383.29,1054.61
80,6,1027.15,666.25,1145.43,1129.63
80,7,1443.55,686.24,1590.04,1104.73
80,8,1134.98,680.99,1259.19,1099.42
80,9,1319.61,689.78,1455.89,1070.3
80,10,1682.6,756.44,1740.18,945.19
80,11,1739.22,761.17,1793.02,934.68
80,50,1217.97,692.41,1306.78,1077.48
80,24,584.73,653.84,697.99,1231.04
80,63,1550.56,694.51,1631.75,1041.65
80,12,1966.32,705.56,2095.85,1038.59
80,76,441.17,496.03,669.25,1333.31
80,90,1841.27,739.13,1935.97,960.34
80,98,2092.01,743.16,2160.55,940.53
81,3,0.0,318.66,416.95,1431.67
81,4,891.31,658.72,1089.0,1158.93
81,5,2184.35,794.54,2386.98,1055.18
81,6,1022.88,665.27,1141.47,1129.98
81,7,1442.1,684.9,1589.75,1106.53
81,8,1131.53,679.79,1255.78,1097.65
81,9,1319.1,689.53,1456.02,1071.61
81,10,1682.21,756.65,1739.83,945.35
81,11,1739.26,760.46,1793.34,934.48
81,50,1217.59,691.79,1305.44,1074.59
81,24,574.52,651.55,688.27,1232.56
81,63,1553.35,694.58,1628.53,1010.55
81,12,1967.07,705.14,2096.97,1039.12
81,76,426.37,492.03,658.47,1338.79
81,90,1835.52,740.47,1930.48,959.63
81,98,2094.56,741.97,2164.97,945.77
82,3,0.0,313.37,403.37,1432.02
82,4,883.0,658.86,1083.0,1160.55
82,5,2188.08,794.99,2391.64,1055.96
82,6,1017.71,663.44,1137.77,1132.56
82,7,1440.3,684.23,1588.6,1107.86
82,8,1126.85,680.03,1251.33,1097.08
82,9,1318.16,690.03,1455.51,1073.11
82,10,1682.11,756.97,1740.41,945.75
82,11,1739.69,760.11,1794.06,934.36
82,50,1219.17,691.34,1306.04,1069.71
82,24,566.16,652.33,680.65,1237.59
82,63,1548.28,693.2,1633.72,1051.04
82,12,1967.42,705.28,2098.52,1042.72
82,76,410.17,488.68,646.44,1346.44
82,90,1831.5,737.68,1926.89,958.73
82,98,2094.42,741.06,2166.16,947.96
82,110,1833.95,740.99,1904.51,958.91
83,3,0.0,309.44,380.13,1431.0
83,4,877.54,657.52,1081.16,1164.28
83,5,2190.53,795.68,2395.83,1057.41
83,6,1013.42,662.04,1134.4,1133.33
83,7,1439.3,684.3,1588.42,1110.12
83,8,1123.2,678.88,1248.53,1099.68
83,9,1316.04,690.07,1453.74,1074.59
83,10,1682.07,757.36,1740.83,946.56
83,11,1739.46,761.4,1793.64,934.8
83,50,1214.65,691.2,1303.44,1074.55
83,24,556.76,652.17,673.02,1243.0
83,63,1546.97,693.14,1631.65,1044.45
83,12,1969.32,706.28,2101.16,1044.22
83,76,393.3,487.68,631.92,1352.83
83,90,1825.28,736.68,1920.37,960.25
83,98,2097.19,740.89,2169.01,948.14
83,111,1261.32,698.33,1334.22,1040.78
84,3,0.0,306.13,359.08,1429.68
84,4,869.56,657.46,1075.92,1167.48
84,5,2192.1,794.54,2401.69,1061.11
84,6,1007.94,662.41,1129.69,1134.18
84,7,1438.39,684.21,1588.26,1111.92
84,8,1119.86,678.67,1246.36,1103.41
84,9,1313.99,690.88,1451.82,1076.06
84,10,1681.92,757.3,1740.53,945.78
84,11,1739.34,761.67,1793.97,936.0
84,50,1209.35,690.5,1296.4,1071.2
84,24,543.81,651.46,662.16,1245.55
84,63,1544.25,693.25,1636.11,1074.0
84,12,1971.03,706.98,2103.05,1043.03
84,76,376.54,483.72,618.54,1361.21
84,90,1815.44,736.5,1908.43,960.49
84,98,2103.9,741.3,2174.49,944.66
84,111,1265.57,696.74,1337.37,1034.01
85,3,0.0,303.17,341.83,1429.83
85,4,861.97,658.24,1070.06,1170.88
85,5,2196.23,794.35,2409.06,1063.57
85,6,1003.24,664.12,1125.1,1136.92
85,7,1437.09,685.45,1587.01,1113.04
85,8,1116.75,679.51,1243.79,1105.64
85,9,1307.26,690.88,1444.6,1077.86
85,10,1681.39,757.01,1740.03,945.79
85,11,1739.47,761.41,1794.73,936.87
85,50,1206.86,690.98,1295.58,1080.08
85,24,531.72,650.15,651.1,1249.55
85,63,1543.48,693.11,1635.7,1073.37
85,12,1971.91,707.82,2104.23,1043.06
85,76,365.86,485.13,609.82,1364.58
85,90,1810.48,735.94,1901.41,961.44
85,98,2108.72,741.58,2178.88,944.04
85,111,1261.51,696.08,1336.05,1045.05
86,3,0.0,301.51,324.41,1428.95
86,4,855.87,659.26,1065.84,1175.63
86,5,2198.26,795.34,2412.08,1065.07
86,6,997.37,667.05,1120.35,1142.72
86,7,1436.08,685.62,1586.75,1116.06
86,8,1114.99,679.01,1243.02,1107.52
86,9,1305.25,690.68,1442.94,1080.43
86,10,1681.73,756.4,1740.75,946.38
86,11,1740.24,761.59,1796.15,937.45
86,50,1203.08,691.43,1291.82,1086.0
86,24,521.47,651.48,641.71,1257.18
86,63,1541.76,693.31,1635.66,1079.56
86,12,1969.99,707.77,2103.95,1048.19
86,76,353.24,486.15,600.43,1371.06
86,90,1806.74,735.43,1896.17,962.26
86,98,2114.9,742.34,2184.41,942.72
86,111,1256.76,696.58,1331.26,1044.34
87,3,0.0,300.95,305.26,1428.95
87,4,852.45,660.54,1063.92,1180.66
87,5,2199.33,795.69,2413.66,1066.23
87,6,992.27,664.68,1117.75,1147.87
87,7,1435.37,685.66,1586.81,1118.39
87,8,1111.11,680.08,1240.39,1113.14
87,9,1303.81,690.69,1441.68,1083.36
87,10,1682.87,757.1,1741.94,947.03
87,11,1740.24,762.82,1796.64,939.69
87,50,1201.4,692.04,1290.0,1089.51
87,24,511.94,653.17,632.94,1261.21
87,63,1541.88,693.82,1637.06,1082.94
87,12,1971.51,708.01,2105.38,1047.49
87,76,340.46,485.8,591.88,1381.0
87,90,1802.49,734.14,1890.56,962.8
87,98,2120.52,741.42,2191.27,942.72
87,111,1258.53,695.33,1332.98,1043.97
87,115,1373.1,692.07,1448.39,1074.52
88,3,0.0,296.71,282.37,1426.75
88,4,847.94,657.47,1061.49,1184.36
88,5,2200.68,796.03,2416.07,1067.89
88,6,987.91,666.08,1114.66,1152.21
88,7,1435.15,684.46,1588.0,1121.72
88,8,1108.69,681.04,1238.67,1115.62
88,9,1306.78,690.62,1444.59,1083.75
88,10,1683.33,756.54,1743.0,948.23
88,11,1739.76,762.97,1796.2,940.62
88,50,1205.17,692.55,1294.59,1091.85
88,24,501.48,652.78,623.99,1265.63
88,63,1540.04,694.29,1635.66,1085.32
88,12,1974.96,706.94,2108.59,1043.73
88,76,328.95,481.94,585.86,1390.63
88,90,1800.98,736.96,1886.88,963.59
88,98,2125.47,743.62,2199.53,951.12
88,111,1261.28,694.1,1337.76,1053.04
88,115,1372.87,694.63,1447.4,1073.36
88,117,1237.28,696.55,1304.91,1078.19
88,13,1204.12,694.02,1276.37,1079.76
89,3,0.0,287.67,259.17,1427.62
89,4,842.48,659.18,1055.84,1187.1
89,5,2208.79,795.88,2428.75,1070.97
89,6,985.52,669.77,1112.2,1154.58
89,7,1434.68,684.05,1588.67,1124.68
89,8,1105.66,681.49,1237.1,1119.41
89,9,1307.13,690.67,1445.8,1086.39
89,10,1683.56,755.82,1743.8,949.02
89,11,1740.97,762.89,1796.79,939.26
89,50,1203.8,692.98,1294.22,1093.92
89,24,492.73,652.37,616.51,1268.06
89,63,1538.27,694.91,1634.85,1091.23
89,12,1974.19,704.91,2110.12,1048.39
89,76,317.57,480.38,578.78,1396.72
89,90,1793.95,737.19,1880.89,965.32
89,98,2131.09,745.57,2207.26,954.39
89,111,1260.77,695.09,1338.69,1062.37
89,117,1234.87,697.32,1302.36,1076.65
89,13,1199.43,695.12,1272.2,1082.39
90,3,0.0,286.71,237.79,1428.97
90,4,837.21,656.25,1052.77,1190.72
90,5,2209.89,793.82,2432.48,1071.81
90,6,983.9,668.89,1111.6,1156.7
90,7,1433.0,684.23,1587.78,1127.82
90,8,1103.52,680.46,1235.92,1120.72
90,9,1306.49,690.66,1446.21,1089.7
90,10,1684.01,754.97,1744.51,949.24
90,11,1740.93,763.04,1796.05,938.16
90,50,1200.75,692.77,1291.42,1096.59
90,24,485.54,654.1,610.95,1273.31
90,63,1538.56,695.02,1632.9,1082.13
90,12,1977.23,705.09,2116.42,1055.52
90,76,301.44,480.24,564.83,1403.46
90,90,1789.23,738.56,1876.99,966.0
90,98,2136.02,748.04,2212.9,955.73
90,111,1264.64,695.79,1341.51,1063.63
90,117,1242.14,697.34,1310.7,1082.17
91,3,0.0,286.96,219.19,1428.14
91,4,831.36,656.59,1047.35,1193.42
91,5,2210.59,791.9,2435.0,1072.96
91,6,980.56,669.96,1109.04,1158.28
91,7,1433.01,684.22,1588.76,1130.56
91,8,1102.25,679.46,1235.19,1121.01
91,9,1306.64,690.14,1446.92,1091.0
91,10,1686.69,754.39,1747.1,949.01
91,11,1741.57,762.26,1796.59,937.96
91,50,1201.52,692.91,1292.41,1097.52
91,24,475.01,654.28,601.95,1277.46
91,63,1538.91,694.65,1635.62,1091.87
91,12,1979.43,702.28,2119.37,1053.67
91,76,286.67,479.9,552.63,1412.11
91,90,1785.08,740.57,1874.17,966.54
91,98,2139.93,748.64,2218.67,956.86
91,111,1258.09,698.29,1335.84,1069.15
91,117,1241.29,698.71,1309.86,1084.04
91,120,75.3,466.59,219.9,1214.9
92,3,0.0,284.32,199.52,1428.06
92,4,826.81,657.97,1043.13,1196.06
92,5,2211.9,792.12,2436.36,1074.2
92,6,976.86,669.3,1106.45,1160.31
92,7,1433.19,683.96,1588.82,1130.18
92,8,1100.56,678.38,1234.2,1122.21
92,9,1306.24,689.84,1447.23,1092.64
92,10,1685.73,752.53,1746.65,949.09
92,11,1742.81,761.75,1798.87,941.18
92,50,1202.84,693.19,1294.65,1099.08
92,24,468.8,651.94,597.67,1284.18
92,63,1540.89,694.58,1634.25,1078.44
92,12,1980.14,700.81,2122.2,1059.21
92,76,276.33,477.44,545.27,1418.48
92,90,1783.16,745.51,1872.86,966.77
92,98,2142.32,748.38,2222.37,956.74
92,111,1260.62,685.21,1335.63,1047.5
92,117,1235.47,698.48,1301.96,1070.4
92,120,56.02,465.03,201.26,1214.53
93,3,0.0,283.27,179.04,1428.47
93,4,820.07,656.51,1037.46,1198.38
93,5,2220.1,792.58,2446.81,1075.52
93,6,973.66,666.75,1104.62,1160.66
93,7,1433.72,683.51,1589.65,1131.03
93,8,1099.2,678.0,1233.33,1123.26
93,9,1305.76,688.91,1447.33,1093.42
93,10,1686.08,751.64,1747.16,949.16
93,11,1744.89,761.23,1801.71,942.66
93,50,1201.73,691.93,1295.3,1102.29
93,24,460.93,651.7,591.03,1289.44
93,63,1539.27,694.41,1636.96,1100.39
93,12,1981.54,697.06,2124.65,1059.33
93,76,269.06,474.4,542.05,1423.35
93,90,1783.28,746.4,1874.88,967.84
93,98,2150.42,747.99,2229.62,955.04
93,111,1257.92,691.47,1333.28,1053.27
93,117,1231.05,698.03,1299.84,1078.06
93,120,35.36,463.25,184.36,1230.53
93,123,1862.17,788.81,1912.89,908.14
93,124,1609.79,742.06,1668.78,988.89
94,4,810.13,651.89,1028.16,1200.38
94,5,2225.38,794.27,2452.3,1076.29
94,6,970.66,668.0,1103.15,1163.98
94,7,1433.76,682.27,1590.95,1134.12
94,8,1097.75,677.79,1232.13,1123.71
94,9,1305.9,688.23,1447.83,1093.29
94,10,1688.13,754.44,1748.32,949.18
94,11,1745.26,760.26,1802.03,942.92
94,50,1201.36,690.82,1295.72,1101.9
94,24,450.15,648.38,581.46,1290.71
94,63,1540.53,692.02,1640.35,1111.06
94,12,1983.16,695.99,2129.98,1069.67
94,76,253.95,470.43,530.28,1429.39
94,90,1784.0,742.08,1878.46,967.63
94,98,2155.34,747.92,2234.07,954.1
94,111,1252.67,693.38,1329.23,1056.34
94,117,1231.27,696.96,1301.54,1076.97
94,120,13.45,461.2,172.23,1278.51
94,123,1862.86,788.77,1913.64,908.17
94,124,1609.79,737.35,1670.46,991.41
95,4,802.55,648.11,1020.48,1201.46
95,5,2229.4,793.03,2459.45,1078.6
95,6,968.88,662.02,1103.44,1164.4
95,7,1434.59,681.03,1592.96,1136.93
95,8,1096.57,676.59,1231.49,1124.17
95,9,1305.53,687.78,1448.35,1094.39
95,10,1691.95,751.51,1752.27,948.4
95,11,1746.0,759.49,1802.38,942.44
95,50,1198.98,690.07,1293.72,1101.7
95,24,436.59,646.97,570.09,1293.39
95,63,1549.43,691.44,1634.12,1041.92
95,12,1987.71,693.76,2136.02,1069.9
95,76,241.01,463.9,518.88,1428.09
95,90,1784.09,742.86,1879.78,968.34
95,98,2162.86,745.85,2241.49,953.04
95,111,1249.02,693.75,1326.8,1058.22
95,117,1234.85,695.48,1306.75,1078.85
95,120,0.0,455.12,168.84,1377.81
95,123,1864.12,788.49,1915.48,909.29
95,124,1611.93,734.26,1673.18,991.04
96,4,796.35,646.08,1013.2,1201.49
96,5,2241.98,793.55,2474.75,1078.93
96,6,965.81,658.99,1101.49,1164.87
96,7,1434.72,678.69,1593.25,1135.89
96,8,1095.08,675.65,1230.98,1125.16
96,9,1306.0,686.48,1449.55,1095.24
96,10,1693.81,751.74,1753.64,948.69
96,11,1746.2,759.38,1801.81,943.75
96,50,1198.9,689.1,1294.55,1101.87
96,24,428.06,644.11,563.61,1293.33
96,63,1546.74,688.88,1643.64,1091.67
96,12,1990.73,694.11,2135.79,1061.91
96,76,229.1,459.18,511.04,1432.42
96,90,1784.34,741.96,1881.04,968.22
96,98,2171.97,745.85,2249.78,954.1
96,111,1252.27,693.46,1330.78,1057.1
96,120,0.0,442.85,164.38,1373.72
96,123,1866.98,788.69,1918.48,910.27
96,124,1616.71,746.17,1673.28,983.03
96,132,1276.97,691.93,1337.59,1056.62
97,4,791.68,645.62,1009.16,1204.09
97,5,2248.15,793.51,2482.78,1079.03
97,6,964.35,653.62,1101.15,1164.85
97,7,1436.5,674.71,1596.42,1135.6
97,8,1093.89,672.4,1231.24,1125.51
97,9,1306.97,685.31,1451.06,1095.22
97,10,1695.73,749.12,1756.32,949.35
97,11,1747.79,760.13,1801.87,943.04
97,50,1199.66,687.71,1296.67,1102.2
97,24,421.16,641.13,558.81,1293.49
97,63,1549.12,684.59,1647.39,1094.0
97,12,1996.41,692.38,2138.35,1048.88
97,76,217.48,452.73,502.31,1434.49
97,90,1784.26,738.77,1882.56,968.68
97,98,2178.36,742.76,2256.66,954.38
97,120,0.0,435.11,150.52,1335.32
97,123,1867.72,788.65,1919.03,909.86
97,124,1618.66,741.34,1676.07,981.68
97,132,1277.09,690.99,1337.69,1055.69
98,4,785.53,643.02,1003.89,1204.6
98,5,2255.97,791.62,2493.96,1078.27
98,6,962.24,651.9,1099.79,1165.41
98,7,1437.83,671.44,1598.75,1134.08
98,8,1092.8,671.04,1231.1,1125.48
98,9,1307.65,684.08,1452.03,1093.68
98,10,1696.8,751.0,1756.64,950.06
98,11,1749.15,761.56,1802.2,944.41
98,50,1199.85,686.29,1298.28,1102.15
98,24,409.77,636.37,550.85,1295.04
98,63,1552.77,685.4,1652.26,1101.08
98,12,2000.19,693.38,2144.73,1056.85
98,76,210.05,445.22,499.87,1438.89
98,90,1784.95,737.83,1882.71,967.55
98,98,2186.13,742.16,2264.34,955.13
98,120,0.0,426.38,131.27,1277.21
98,123,1869.76,788.44,1920.8,909.5
98,124,1623.15,744.04,1678.94,977.54
98,132,1275.72,689.32,1337.37,1061.09
99,4,779.52,640.55,1000.19,1205.54
99,5,2257.42,789.14,2499.14,1078.84
99,6,960.83,655.39,1098.19,1167.09
99,7,1441.37,669.75,1603.31,1135.07
99,8,1090.91,669.2,1230.24,1125.47
99,9,1308.13,682.62,1453.58,1093.71
99,10,1698.12,749.12,1758.5,949.7
99,11,1751.05,762.08,1802.97,944.43
99,50,1200.72,685.26,1300.21,1100.96
99,24,401.3,629.61,545.62,1296.45
99,63,1555.08,683.82,1653.92,1099.94
99,12,2009.9,693.39,2154.87,1060.76
99,76,195.33,436.87,487.9,1438.75
99,90,1783.9,739.14,1879.84,966.61
99,98,2194.92,740.97,2273.77,956.58
99,120,0.0,415.1,111.15,1175.77
99,123,1871.05,788.94,1921.68,909.55
99,124,1624.26,743.35,1680.87,981.99
99,132,1273.65,688.05,1335.84,1063.29
100,4,774.99,637.06,998.81,1208.27
100,5,2255.93,787.41,2498.55,1079.6
100,6,957.6,655.68,1095.72,1168.75
100,7,1445.71,668.24,1609.51,1136.34
100,8,1089.07,667.87,1229.62,1127.22
100,9,1308.65,681.91,1455.04,1093.56
100,10,1702.14,749.36,1761.78,949.13
100,11,1753.24,761.18,1804.85,945.23
100,50,1198.66,684.92,1298.52,1099.98
100,24,398.33,627.5,544.06,1299.39
100,63,1555.98,689.03,1653.0,1103.39
100,12,2010.91,690.51,2158.06,1063.58
100,76,182.74,428.97,478.33,1436.85
100,90,1782.4,737.77,1877.01,965.04
100,98,2204.0,741.76,2282.8,958.25
100,123,1872.69,787.48,1923.55,909.6
100,124,1625.92,745.61,1681.82,982.42
100,132,1275.54,687.57,1337.68,1062.85
100,117,1226.94,688.32,1302.23,1079.17
101,4,767.59,634.23,993.15,1211.02
101,5,2260.38,787.72,2502.9,1080.5
101,6,955.1,653.65,1095.11,1171.96
101,7,1447.02,666.8,1612.1,1136.55
101,8,1087.63,666.37,1229.05,1128.23
101,9,1311.88,678.97,1461.22,1095.99
101,10,1703.36,749.48,1762.77,949.14
101,11,1754.67,761.58,1804.89,943.52
101,50,1198.73,683.2,1300.08,1101.0
101,24,385.64,625.98,535.17,1304.04
101,63,1560.66,683.17,1655.78,1094.01
101,12,2014.08,688.84,2164.01,1070.97
101,76,169.9,427.05,467.19,1435.63
101,90,1780.78,736.75,1872.52,962.47
101,98,2211.41,741.49,2290.31,959.91
101,123,1875.93,786.69,1926.05,908.01
101,124,1627.13,740.8,1684.63,984.96
101,132,1276.33,686.78,1338.47,1062.22
102,4,762.44,632.07,989.93,1214.9
102,5,2274.2,785.9,2521.8,1082.16
102,6,950.6,649.76,1092.8,1174.65
102,7,1451.7,666.67,1618.77,1139.48
102,8,1086.2,665.84,1228.61,1130.62
102,9,1311.32,679.19,1462.16,1098.51
102,10,1704.69,750.03,1764.34,949.5
102,11,1756.76,759.01,1806.51,942.55
102,50,1199.77,682.01,1302.08,1101.23
102,24,369.89,622.87,524.95,1309.21
102,63,1562.96,681.18,1659.88,1103.88
102,12,2017.9,687.63,2172.43,1083.33
102,76,161.22,424.82,460.83,1434.69
102,90,1778.5,735.88,1867.73,961.62
102,98,2219.14,741.17,2297.8,960.88
102,123,1878.68,786.77,1928.55,908.69
102,124,1629.68,745.23,1686.33,985.81
102,132,1278.11,689.28,1339.43,1060.47
103,4,756.87,630.66,986.89,1219.33
103,5,2282.74,785.71,2534.15,1083.82
103,6,946.36,645.03,1091.68,1178.93
103,7,1450.95,666.88,1620.35,1142.59
103,8,1085.36,665.12,1228.69,1133.08
103,9,1309.45,678.64,1461.98,1101.54
103,10,1710.5,752.37,1769.63,950.02
103,11,1757.95,756.74,1808.37,946.41
103,50,1200.05,680.82,1303.58,1104.16
103,24,344.94,619.17,509.68,1322.84
103,63,1566.03,680.63,1662.87,1104.58
103,12,2020.52,686.44,2179.11,1094.84
103,76,143.92,421.37,445.97,1433.5
103,90,1774.73,733.43,1863.34,962.58
103,98,2225.8,741.59,2303.63,960.07
103,123,1880.79,787.32,1930.21,908.9
103,124,1631.77,745.43,1688.49,988.21
103,132,1277.29,687.93,1338.8,1061.25
104,4,750.08,631.43,981.94,1222.63
104,5,2284.47,787.24,2537.72,1086.44
104,6,942.94,642.38,1090.63,1183.18
104,7,1450.67,666.11,1622.31,1145.19
104,8,1083.54,664.82,1227.98,1136.81
104,9,1309.36,678.71,1463.23,1104.35
104,10,1712.94,753.77,1771.71,951.87
104,11,1758.08,753.31,1808.66,948.67
104,50,1198.59,680.9,1303.41,1109.67
104,24,327.82,620.56,498.54,1329.21
104,63,1566.6,680.68,1664.06,1111.0
104,12,2025.5,683.54,2189.26,1108.1
104,76,132.46,419.09,437.96,1432.43
104,90,1771.22,733.64,1858.24,963.6
104,98,2232.04,742.0,2310.95,962.4
104,123,1882.39,787.71,1931.44,909.3
104,124,1631.6,742.89,1689.3,989.66
104,132,1277.84,687.65,1339.49,1063.35
105,4,740.48,632.89,974.83,1228.38
105,5,2289.32,789.85,2544.73,1089.36
105,6,939.62,644.59,1088.3,1186.71
105,7,1452.05,665.5,1626.5,1148.73
105,8,1081.8,664.45,1227.52,1141.13
105,9,1308.5,679.4,1463.53,1107.78
105,10,1711.13,753.35,1770.2,951.56
105,11,1759.57,750.44,1810.38,950.51
105,50,1196.21,678.76,1302.16,1110.23
105,24,309.23,623.15,489.33,1344.81
105,63,1567.94,681.01,1665.89,1117.1
105,12,2031.72,681.48,2195.13,1105.7
105,76,121.18,418.66,430.56,1432.34
105,90,1766.53,734.25,1853.67,967.75
105,98,2238.73,742.41,2318.15,962.73
105,123,1883.71,786.3,1934.19,910.79
105,124,1632.96,744.69,1691.13,992.3
105,132,1278.18,687.6,1340.2,1067.5
106,4,732.02,634.14,968.45,1232.31
106,5,2292.32,794.32,2548.14,1092.06
106,6,934.59,641.27,1085.5,1189.93
106,7,1453.99,665.14,1630.59,1152.45
106,8,1079.84,664.81,1226.48,1144.71
106,9,1294.16,680.03,1445.89,1111.11
106,10,1714.04,755.11,1773.19,953.59
106,11,1759.07,747.83,1809.53,952.02
106,50,1194.93,679.16,1301.59,1111.17
106,24,300.44,623.67,485.8,1347.11
106,63,1569.77,680.84,1667.28,1119.23
106,12,2040.47,680.12,2206.26,1113.51
106,76,107.87,417.58,421.43,1434.0
106,90,1767.64,737.8,1852.76,969.47
106,98,2242.51,742.78,2323.33,964.77
106,123,1885.89,787.57,1936.09,910.35
106,124,1633.59,746.59,1692.11,993.68
106,132,1277.64,687.63,1340.33,1074.01
106,139,1681.36,757.27,1732.89,959.19
106,115,1385.15,678.33,1466.36,1089.14
107,4,721.71,635.42,959.19,1235.44
107,5,2292.29,795.25,2550.42,1095.36
107,6,929.72,641.02,1082.55,1193.34
107,7,1455.43,665.61,1633.88,1155.62
107,8,1077.37,665.31,1224.3,1147.42
107,9,1300.97,680.42,1453.46,1112.99
107,10,1715.08,755.68,1774.3,954.59
107,50,1192.74,679.62,1300.53,1115.04
107,24,290.76,623.89,481.52,1349.51
107,63,1570.74,680.45,1667.79,1120.95
107,12,2042.51,678.75,2208.76,1111.39
107,76,85.92,416.1,402.51,1436.39
107,90,1765.63,738.57,1849.92,970.05
107,98,2248.48,743.28,2329.47,963.83
107,123,1887.28,789.43,1936.94,910.56
107,124,1634.62,749.94,1692.81,991.84
107,132,1276.81,687.81,1339.22,1073.77
107,139,1680.52,757.17,1732.1,959.35
107,115,1387.35,679.5,1469.48,1092.0
108,4,713.03,635.34,952.99,1238.14
108,5,2294.91,793.97,2555.88,1097.18
108,6,925.0,641.52,1079.28,1195.54
108,7,1453.34,665.97,1632.76,1158.09
108,8,1074.94,664.3,1222.14,1149.09
108,9,1294.64,680.12,1445.97,1115.31
108,10,1714.11,755.68,1774.19,956.66
108,50,1190.48,682.05,1297.8,1114.53
108,24,274.11,622.14,474.69,1364.91
108,63,1573.53,679.63,1665.14,1099.1
108,12,2045.67,676.18,2214.6,1113.15
108,76,73.5,413.01,394.53,1435.51
108,90,1766.15,740.7,1848.92,970.04
108,98,2252.03,742.54,2334.1,963.79
108,123,1889.16,790.25,1938.94,911.06
108,124,1635.47,747.4,1694.25,990.4
108,132,1276.09,687.98,1338.9,1078.32
108,139,1679.22,757.37,1731.17,961.55
108,115,1387.85,679.32,1470.82,1092.86
108,117,1231.38,687.21,1308.61,1092.14
109,4,706.07,634.81,949.26,1242.46
109,5,2296.68,793.95,2559.28,1098.98
109,6,920.75,641.69,1076.7,1199.02
109,7,1454.1,665.84,1634.74,1160.43
109,8,1071.17,663.76,1218.61,1151.16
109,9,1294.6,679.93,1445.55,1116.93
109,10,1713.89,755.8,1774.54,958.52
109,50,1194.2,681.56,1300.46,1111.46
109,24,253.62,624.27,462.16,1370.93
109,63,1574.57,678.34,1668.77,1114.07
109,12,2045.43,673.78,2216.08,1114.2
109,76,60.35,409.99,387.57,1435.9
109,90,1766.85,743.23,1848.42,970.63
109,98,2253.47,742.3,2336.97,964.0
109,123,1890.64,790.43,1940.8,911.66
109,124,1636.41,744.26,1695.84,990.89
109,132,1275.31,688.03,1338.68,1083.49
109,139,1679.75,758.34,1731.35,961.88
109,115,1386.97,679.16,1471.22,1094.56
110,4,699.47,633.55,945.48,1245.35
110,5,2298.32,793.74,2560.0,1099.49
110,6,915.98,642.29,1073.01,1201.02
110,7,1454.91,666.06,1636.35,1162.09
110,8,1067.31,662.19,1215.11,1152.1
110,9,1287.91,679.69,1435.82,1118.24
110,10,1714.75,755.48,1775.72,959.41
110,50,1188.57,681.84,1293.76,1107.59
110,24,229.14,618.84,454.71,1402.85
110,63,1579.16,676.96,1670.97,1103.62
110,12,2047.72,671.87,2220.34,1116.3
110,76,48.93,404.74,383.69,1434.69
110,90,1767.13,743.36,1848.52,971.43
110,98,2256.22,742.11,2340.55,962.35
110,123,1891.12,790.11,1941.47,911.62
110,124,1636.52,742.81,1696.09,990.87
110,132,1272.52,687.45,1337.2,1085.77
110,139,1680.76,757.91,1732.33,961.89
110,115,1386.32,677.9,1472.1,1095.56
110,117,1230.54,687.39,1306.57,1085.36
111,4,691.51,630.73,939.81,1246.65
111,5,2300.38,792.74,2560.0,1100.07
111,6,912.13,638.09,1071.56,1204.48
111,7,1456.25,664.58,1639.72,1163.54
111,8,1063.73,662.92,1211.61,1153.27
111,9,1284.81,678.5,1430.48,1119.44
111,10,1714.17,755.67,1775.06,958.73
111,50,1192.11,681.31,1295.57,1100.14
111,24,213.18,621.93,446.96,1410.5
111,63,1578.88,676.94,1672.06,1114.18
111,12,2051.67,669.94,2224.06,1110.83
111,76,28.73,399.13,369.72,1432.56
111,90,1767.53,743.63,1848.37,971.53
111,98,2262.61,741.27,2347.8,961.57
111,123,1891.54,790.26,1942.16,911.74
111,124,1635.63,738.26,1696.14,991.64
111,132,1272.1,685.78,1338.9,1098.03
111,139,1682.0,757.86,1733.4,961.5
111,115,1384.36,676.3,1471.12,1095.7
111,117,1226.95,688.08,1303.08,1087.64
112,4,684.71,626.77,936.46,1250.33
112,5,2302.33,792.32,2560.0,1100.69
112,6,907.66,641.06,1067.4,1206.56
112,7,1456.13,662.91,1641.49,1165.33
112,8,1059.66,661.12,1208.32,1154.55
112,9,1284.05,676.0,1428.26,1120.89
112,10,1715.21,755.63,1775.94,958.82
112,50,1186.96,681.66,1293.19,1108.9
112,24,198.24,619.69,442.56,1420.46
112,63,1579.02,675.76,1674.54,1129.63
112,12,2051.97,668.2,2228.28,1118.75
112,76,11.66,394.27,356.61,1433.83
112,90,1765.92,740.38,1847.48,971.45
112,98,2267.06,739.25,2353.76,962.05
112,123,1890.87,789.46,1942.21,911.88
112,124,1635.73,737.65,1696.28,992.29
112,132,1271.83,684.22,1340.11,1107.43
112,139,1681.91,758.2,1732.98,960.9
112,115,1382.8,674.0,1470.86,1097.4
112,117,1226.04,688.5,1302.27,1091.13
113,4,680.15,624.72,932.87,1251.61
113,5,2303.78,789.8,2560.0,1100.68
113,6,903.12,638.02,1064.55,1208.12
113,7,1456.24,661.25,1642.96,1166.36
113,8,1055.14,660.09,1204.06,1154.86
113,9,1296.75,672.44,1444.9,1121.47
113,10,1714.59,755.31,1775.1,957.5
113,50,1179.68,678.22,1289.3,1116.5
113,24,182.47,615.22,435.81,1421.83
113,63,1577.54,673.75,1673.55,1135.29
113,12,2055.59,666.44,2233.77,1119.24
113,76,1.78,387.24,349.5,1433.23
113,90,1764.91,738.05,1846.98,971.4
113,98,2271.87,739.94,2359.18,963.72
113,123,1891.5,789.46,1943.0,911.84
113,124,1634.44,743.16,1693.14,990.95
113,132,1265.29,685.32,1333.08,1095.55
113,139,1681.34,757.85,1732.12,959.95
113,115,1380.25,671.31,1470.44,1103.99
114,4,674.81,622.17,928.53,1252.63
114,5,2305.6,787.55,2560.0,1099.9
114,6,898.51,634.67,1061.54,1208.35
114,7,1453.6,658.84,1642.02,1167.26
114,8,1050.51,656.36,1200.56,1155.58
114,9,1287.16,670.71,1433.87,1122.06
114,10,1714.16,754.12,1774.57,956.68
114,50,1179.06,676.31,1288.97,1114.95
114,24,160.26,610.78,423.61,1429.08
114,63,1584.26,672.38,1676.92,1123.71
114,12,2058.09,664.01,2238.81,1120.23
114,76,0.0,379.65,336.71,1434.25
114,90,1763.86,735.06,1846.44,971.39
114,98,2277.45,738.24,2365.59,963.78
114,123,1891.36,788.92,1943.22,911.9
114,124,1639.27,745.53,1697.85,991.14
114,132,1264.74,683.85,1333.28,1095.01
114,139,1681.4,757.7,1732.05,959.66
114,115,1379.69,670.06,1470.84,1104.94
114,117,1217.73,679.08,1297.7,1108.46
115,4,668.75,620.15,923.88,1254.69
115,5,2307.36,786.3,2560.0,1100.88
115,6,889.86,627.6,1056.14,1211.0
115,7,1453.71,657.53,1642.35,1167.89
115,8,1045.83,656.51,1196.04,1158.05
115,9,1297.13,668.87,1447.63,1122.33
115,10,1714.51,752.72,1774.99,956.36
115,50,1182.24,675.09,1289.19,1103.69
115,24,139.25,608.62,411.54,1433.31
115,63,1585.22,671.81,1668.71,1076.48
115,12,2060.19,663.29,2241.14,1116.68
115,76,0.0,371.85,321.57,1431.89
115,90,1761.75,733.21,1844.07,970.91
115,98,2284.17,737.11,2372.17,963.62
115,123,1890.13,787.92,1942.28,911.85
115,132,1266.57,682.32,1334.48,1086.72
115,139,1681.4,756.81,1732.09,959.34
115,115,1379.27,668.22,1471.46,1107.86
115,117,1216.09,676.57,1295.3,1108.6
116,4,660.19,617.47,917.15,1257.24
116,5,2308.82,786.01,2560.0,1102.2
116,6,884.6,625.23,1052.78,1213.51
116,7,1455.39,655.62,1643.95,1168.45
116,8,1041.28,655.09,1191.98,1159.36
116,9,1298.13,667.6,1452.33,1123.65
116,10,1713.84,752.28,1774.07,956.13
116,50,1178.4,672.8,1284.56,1096.17
116,24,114.51,586.97,399.53,1433.45
116,63,1579.57,671.45,1669.67,1114.37
116,12,2061.16,662.38,2245.05,1120.18
116,76,0.0,367.45,317.86,1429.79
116,90,1759.78,730.1,1842.01,971.14
116,98,2293.31,735.09,2379.48,960.09
116,123,1889.52,786.38,1941.97,911.66
116,132,1265.43,679.3,1337.22,1106.45
116,139,1681.68,755.88,1732.3,958.56
116,115,1377.08,667.35,1469.87,1109.09
116,117,1212.05,674.31,1289.23,1091.07
117,4,650.64,618.4,909.42,1261.12
117,5,2309.8,785.87,2560.0,1104.13
117,6,877.1,620.52,1048.02,1216.31
117,7,1452.76,654.88,1641.31,1170.36
117,8,1035.91,653.57,1187.51,1161.45
117,9,1281.31,667.01,1435.7,1126.42
117,10,1714.22,752.42,1774.52,957.97
117,50,1165.47,669.41,1276.12,1115.37
117,24,94.59,594.49,384.69,1433.96
117,63,1586.91,672.63,1675.98,1121.5
117,12,2058.59,661.85,2241.68,1118.3
117,76,0.0,362.74,305.57,1430.62
117,90,1756.48,728.34,1838.18,971.3
117,98,2303.98,733.86,2384.28,944.73
117,123,1888.15,784.58,1940.96,911.84
117,132,1278.99,677.55,1357.4,1119.64
117,139,1681.74,755.77,1732.35,958.49
117,115,1374.9,668.62,1467.09,1105.49
117,117,1212.55,675.27,1288.08,1085.21
118,4,640.7,617.87,901.45,1265.07
118,5,2311.68,784.99,2560.0,1106.62
118,6,871.16,620.38,1043.89,1222.27
118,7,1450.52,654.48,1639.61,1173.52
118,8,1030.48,652.12,1183.28,1163.83
118,9,1280.28,665.65,1437.73,1128.71
118,10,1715.36,751.7,1775.85,959.18
118,50,1153.57,667.42,1264.38,1124.33
118,24,81.17,599.36,376.09,1432.69
118,63,1586.1,671.38,1677.17,1139.81
118,12,2061.28,661.55,2246.98,1123.81
118,76,0.0,356.0,288.79,1429.71
118,90,1754.02,728.58,1834.27,970.31
118,98,2313.87,732.67,2390.88,934.81
118,123,1886.87,785.02,1939.62,912.92
118,132,1266.85,677.59,1344.54,1122.32
118,139,1681.45,755.68,1732.47,960.56
118,115,1364.78,668.19,1458.44,1106.08
118,117,1212.69,676.25,1287.53,1088.86
119,4,631.25,619.1,893.13,1269.0
119,5,2313.12,785.63,2560.0,1108.84
119,6,864.58,620.16,1037.93,1223.77
119,7,1450.14,655.11,1640.86,1177.46
119,8,1025.43,650.87,1179.84,1167.26
119,9,1270.81,665.72,1426.97,1130.42
119,10,1715.71,754.36,1776.22,964.56
119,50,1145.06,667.37,1255.88,1128.93
119,24,65.22,605.35,366.26,1436.74
119,63,1581.69,668.44,1674.59,1149.42
119,12,2057.01,661.22,2244.55,1131.41
119,76,0.0,351.07,283.46,1430.23
119,90,1751.02,728.67,1830.96,970.91
119,98,2319.47,732.51,2395.58,932.61
119,123,1885.85,785.29,1938.45,913.6
119,139,1681.38,756.87,1732.96,964.41
119,115,1364.91,668.37,1458.02,1105.84
119,117,1211.8,676.88,1286.15,1091.78
120,4,622.33,619.38,886.61,1276.41
120,5,2315.45,786.36,2560.0,1112.07
120,6,856.78,620.84,1031.18,1227.99
120,7,1443.04,655.94,1633.3,1179.81
120,8,1019.19,648.57,1175.55,1171.25
120,9,1262.28,667.86,1415.69,1133.41
120,10,1713.94,756.24,1773.91,966.15
120,50,1138.04,668.87,1249.06,1135.02
120,24,50.7,607.36,357.69,1437.42
120,63,1573.39,669.87,1666.12,1150.29
120,12,2059.94,660.56,2250.66,1137.75
120,76,0.0,344.36,276.65,1427.74
120,90,1748.66,731.17,1828.3,973.53
120,98,2324.87,732.52,2400.45,929.92
120,123,1888.73,785.58,1940.24,912.54
120,139,1682.47,757.93,1733.33,962.52
120,115,1362.4,671.37,1455.45,1110.26
120,117,1208.56,676.06,1282.61,1093.04
121,4,612.43,621.22,878.28,1283.19
121,5,2319.08,789.3,2560.0,1115.16
121,6,850.26,622.32,1025.81,1233.47
121,7,1439.02,657.57,1629.13,1182.26
121,8,1014.34,649.14,1171.95,1175.87
121,9,1265.74,669.05,1419.6,1137.42
121,10,1713.2,755.96,1772.96,967.68
121,50,1133.36,671.19,1243.76,1137.2
121,24,42.92,608.4,353.25,1437.02
121,63,1569.71,669.0,1663.71,1153.19
121,12,2058.09,659.14,2256.74,1158.0
121,76,0.0,343.22,263.29,1421.77
121,90,1747.22,734.41,1825.84,974.47
121,98,2331.34,734.4,2406.67,928.79
121,123,1892.79,788.62,1942.94,912.53
121,139,1682.04,758.13,1733.92,967.64
121,115,1360.69,672.29,1453.38,1113.48
121,117,1205.75,676.81,1280.19,1097.56
122,4,599.83,621.2,868.54,1289.63
122,5,2322.15,791.59,2560.0,1116.88
122,6,843.36,623.12,1020.45,1238.72
122,7,1435.59,658.37,1628.53,1190.04
122,8,1009.13,650.76,1167.76,1180.36
122,9,1260.52,672.95,1412.75,1140.97
122,10,1712.09,755.82,1771.88,970.44
122,50,1129.18,673.77,1239.31,1141.25
122,24,41.68,608.78,353.87,1436.81
122,63,1565.61,671.44,1659.12,1154.45
122,12,2060.98,657.77,2260.69,1159.29
122,76,0.0,339.77,237.59,1324.9
122,90,1745.9,735.17,1824.58,976.68
122,98,2336.53,734.84,2414.02,932.66
122,123,1893.58,789.52,1943.53,912.75
122,139,1681.92,757.48,1734.42,970.67
122,115,1351.7,669.78,1445.05,1115.82
122,117,1202.55,676.83,1277.25,1100.55
122,157,1628.61,744.7,1692.79,1006.51
123,4,590.06,623.68,860.52,1295.72
123,5,2324.55,791.01,2560.0,1119.28
123,6,835.86,624.09,1014.2,1243.25
123,7,1433.82,658.79,1627.96,1194.02
123,8,1002.65,651.75,1162.45,1186.03
123,9,1256.73,675.57,1407.02,1144.22
123,10,1711.1,755.67,1770.18,970.99
123,50,1133.01,671.81,1246.94,1145.82
123,24,47.98,611.78,357.8,1435.24
123,63,1564.02,672.51,1656.98,1154.17
123,12,2066.43,655.82,2269.19,1162.91
123,76,0.0,334.41,220.32,1287.53
123,90,1745.57,740.18,1822.87,979.37
123,98,2341.59,736.72,2419.75,934.11
123,123,1896.22,790.23,1945.24,911.89
123,139,1682.51,757.99,1734.87,971.68
123,115,1351.48,672.81,1445.5,1123.88
123,117,1197.55,677.92,1274.5,1112.43
123,157,1629.28,743.7,1694.14,1008.2
124,4,578.93,625.0,852.24,1301.55
124,5,2326.23,790.09,2560.0,1123.31
124,6,829.12,625.24,1009.3,1250.83
124,7,1429.31,657.41,1624.92,1199.15
124,8,995.78,653.8,1156.34,1191.38
124,9,1258.27,678.9,1408.48,1148.83
124,50,1125.99,672.65,1241.5,1151.38
124,24,46.64,613.08,354.69,1435.33
124,63,1562.68,675.71,1656.29,1161.98
124,12,2070.08,653.94,2273.87,1162.26
124,76,0.0,341.45,203.81,1283.28
124,90,1743.76,741.22,1821.08,981.06
124,98,2347.54,739.31,2426.64,936.93
124,123,1893.46,789.03,1943.43,913.0
124,139,1683.63,758.93,1735.86,972.59
124,115,1347.37,670.99,1441.72,1125.26
124,117,1198.77,679.3,1274.35,1106.25
124,157,1629.39,742.47,1695.68,1012.06
124,132,1269.5,682.42,1353.26,1145.11
125,4,571.11,626.44,848.05,1309.99
125,5,2327.69,790.79,2560.0,1128.1
125,6,822.55,626.73,1004.65,1257.76
125,7,1424.55,658.14,1620.92,1204.93
125,8,990.73,654.07,1152.29,1195.73
125,9,1252.74,680.46,1402.52,1154.87
125,50,1118.68,675.28,1234.23,1156.35
125,24,25.78,611.62,337.49,1435.21
125,63,1559.83,676.74,1653.79,1165.6
125,12,2070.13,652.85,2276.56,1168.92
125,90,1740.62,737.88,1820.3,983.66
125,98,2352.65,739.21,2433.45,938.93
125,123,1894.39,790.93,1944.18,914.7
125,139,1684.6,759.71,1736.52,972.41
125,115,1343.28,670.07,1438.61,1126.62
125,117,1196.44,680.67,1271.36,1105.86
125,157,1627.87,741.21,1694.79,1013.39
125,10,1701.78,758.38,1759.68,967.31
126,4,564.46,629.38,842.87,1317.19
126,5,2329.58,790.79,2560.0,1130.21
126,6,816.93,627.78,1000.56,1263.02
126,7,1421.69,658.83,1617.76,1208.69
126,8,987.28,655.32,1149.34,1199.22
126,9,1250.47,680.26,1399.22,1158.42
126,50,1113.2,675.34,1227.49,1156.0
126,24,13.52,613.77,326.01,1432.45
126,63,1558.57,676.89,1653.15,1167.97
126,12,2074.51,650.13,2284.34,1174.02
126,90,1738.5,739.1,1818.86,984.66
126,98,2359.13,740.05,2439.38,936.8
126,123,1895.12,791.27,1945.45,916.41
126,139,1686.16,760.24,1737.73,971.31
126,115,1344.06,669.56,1438.85,1125.35
126,117,1196.22,681.56,1271.45,1108.33
126,157,1626.09,739.11,1694.21,1015.49
126,163,2073.51,649.5,2278.46,901.19
126,10,1701.28,757.45,1759.46,968.32
127,4,558.14,626.36,840.1,1324.14
127,5,2334.52,790.93,2560.0,1131.75
127,6,813.33,627.59,998.19,1266.31
127,7,1420.3,659.64,1616.35,1213.33
127,8,983.62,655.66,1146.52,1202.0
127,9,1247.3,681.06,1395.3,1161.34
127,50,1112.21,676.11,1225.41,1157.72
127,24,8.89,617.46,321.96,1431.73
127,63,1556.97,677.36,1651.8,1166.76
127,12,2081.51,648.51,2294.01,1177.18
127,90,1736.01,740.72,1817.58,987.96
127,98,2366.31,739.38,2449.02,940.73
127,123,1896.33,791.66,1946.66,916.98
127,139,1686.85,761.33,1738.14,972.23
127,115,1344.8,669.11,1439.91,1128.17
127,117,1195.77,682.26,1272.59,1118.13
127,157,1626.05,738.44,1694.86,1017.26
127,163,2086.29,647.81,2284.07,890.46
127,10,1697.78,754.94,1756.44,971.36
128,4,552.83,625.02,835.7,1326.17
128,5,2339.04,790.86,2560.0,1133.13
128,6,808.7,626.28,995.37,1270.66
128,7,1420.45,659.0,1616.67,1217.21
128,8,979.35,655.54,1142.91,1204.69
128,9,1247.46,680.23,1394.63,1162.5
128,50,1110.73,675.61,1223.86,1162.38
128,24,4.81,617.69,319.32,1431.52
128,63,1556.78,677.81,1653.16,1171.75
128,12,2090.62,646.61,2306.88,1182.22
128,90,1735.49,742.43,1817.64,989.95
128,98,2372.86,737.97,2457.42,942.69
128,123,1898.89,792.44,1948.77,916.98
128,139,1687.19,759.78,1739.75,976.88
128,115,1344.78,669.73,1439.17,1127.69
128,117,1194.69,682.22,1271.7,1117.93
128,157,1629.45,740.72,1697.63,1016.85
128,163,2095.28,646.56,2293.52,889.19
128,10,1696.65,754.29,1754.41,971.32
129,4,547.12,624.38,831.38,1329.72
129,5,2343.19,789.39,2560.0,1135.1
129,6,804.5,625.54,992.77,1274.21
129,7,1419.43,658.25,1615.31,1219.3
129,8,975.96,655.11,1140.51,1207.89
129,9,1247.94,681.19,1393.77,1164.26
129,50,1109.32,674.31,1222.24,1165.73
129,24,1.35,617.8,316.73,1431.68
129,63,1556.3,677.64,1653.64,1173.51
129,12,2091.7,646.45,2310.49,1187.6
129,90,1735.96,743.65,1818.14,990.46
129,98,2381.81,739.87,2465.98,942.76
129,123,1899.96,792.33,1949.89,917.31
129,139,1688.64,760.61,1741.03,977.28
129,115,1344.44,670.83,1439.11,1130.83
129,117,1193.08,682.52,1269.59,1114.52
129,157,1630.26,738.92,1699.0,1017.65
129,163,2095.41,646.11,2301.25,897.52
129,10,1695.43,754.58,1752.52,972.15
130,4,538.8,621.29,825.87,1332.86
130,5,2348.85,789.83,2560.0,1136.17
130,6,800.08,623.73,990.05,1277.67
130,7,1418.53,656.8,1614.34,1221.83
130,8,972.88,654.86,1137.66,1209.05
130,9,1248.59,680.46,1393.47,1164.73
130,50,1107.72,673.5,1219.72,1166.25
130,24,9.29,620.18,327.13,1430.53
130,63,1556.48,674.91,1655.5,1176.36
130,12,2094.44,644.54,2318.36,1197.66
130,90,1734.24,743.27,1817.47,993.3
130,98,2389.78,740.31,2474.58,944.28
130,123,1901.32,792.88,1951.0,917.66
130,139,1690.03,761.69,1742.97,980.95
130,115,1343.11,667.93,1439.37,1133.84
130,117,1192.93,681.78,1269.23,1111.7
130,157,1632.87,738.58,1701.38,1017.01
130,163,2104.09,645.33,2308.62,893.65
130,10,1696.23,754.47,1753.23,975.67
131,4,529.88,619.19,819.47,1335.73
131,5,2354.13,791.6,2560.0,1138.85
131,6,794.05,621.89,985.2,1278.49
131,7,1418.54,655.34,1614.12,1223.19
131,8,970.11,652.72,1135.84,1210.48
131,9,1247.48,680.86,1392.06,1166.13
131,50,1106.87,671.33,1218.78,1167.95
131,24,18.19,619.0,342.58,1431.52
131,63,1557.51,673.61,1658.05,1178.74
131,12,2098.12,643.35,2325.25,1204.2
131,90,1734.24,742.82,1817.88,994.14
131,98,2399.24,741.52,2484.6,944.71
131,123,1902.77,794.46,1951.98,918.87
131,115,1342.44,666.76,1439.79,1134.85
131,117,1192.27,680.08,1269.85,1118.45
131,157,1634.3,739.55,1702.57,1016.7
131,163,2102.03,642.4,2322.27,909.64
131,10,1694.15,759.01,1749.99,976.45
132,4,520.29,612.74,813.32,1336.82
132,5,2360.73,794.57,2560.0,1139.92
132,6,790.73,619.86,983.19,1279.51
132,7,1419.88,652.31,1616.1,1224.43
132,8,966.53,649.62,1133.55,1212.36
132,9,1246.43,675.54,1392.5,1168.16
132,50,1104.92,669.07,1216.75,1168.75
132,24,24.09,613.4,357.13,1431.57
132,63,1557.56,672.26,1659.03,1179.78
132,12,2099.67,640.65,2328.54,1208.13
132,90,1733.72,742.18,1817.72,994.25
132,98,2405.13,738.26,2492.63,945.81
132,123,1904.63,794.87,1953.56,919.66
132,115,1343.29,665.35,1441.01,1136.35
132,117,1192.72,679.34,1269.49,1111.82
132,157,1635.7,734.35,1705.22,1016.49
132,163,2108.67,639.91,2324.91,901.13
132,10,1692.01,759.94,1748.04,979.45
133,4,512.4,608.12,808.47,1339.18
133,5,2366.76,799.44,2560.0,1140.32
133,6,787.57,617.3,981.49,1281.65
133,7,1419.83,649.24,1616.87,1225.87
133,8,964.1,646.77,1132.3,1214.52
133,9,1247.71,672.51,1394.68,1170.23
133,50,1105.29,666.91,1216.79,1168.22
133,24,25.75,608.85,366.81,1431.72
133,63,1558.75,669.31,1661.39,1180.1
133,12,2107.1,636.24,2339.58,1214.32
133,90,1734.63,740.22,1818.61,992.53
133,98,2413.07,737.21,2500.98,944.61
133,123,1906.4,792.73,1955.6,919.71
133,115,1344.94,663.09,1442.64,1136.94
133,117,1192.91,677.39,1269.71,1109.04
133,157,1637.99,734.65,1707.93,1019.13
133,163,2116.24,637.91,2334.83,900.87
133,10,1693.8,759.36,1749.12,978.01
134,4,505.45,606.43,804.08,1342.64
134,5,2391.89,862.54,2560.0,1140.63
134,6,783.98,612.95,979.45,1283.22
134,7,1421.46,646.51,1619.67,1227.51
134,8,961.51,643.73,1130.44,1214.89
134,9,1247.9,669.36,1395.13,1170.79
134,50,1104.23,665.07,1215.3,1167.86
134,24,23.47,602.0,372.49,1431.95
134,63,1559.95,667.14,1664.32,1183.26
134,12,2111.71,633.74,2347.27,1221.98
134,90,1735.03,738.46,1819.11,991.91
134,98,2420.76,735.24,2509.38,944.35
134,123,1909.23,792.56,1957.91,919.22
134,115,1345.63,660.06,1443.67,1137.81
134,117,1193.17,675.78,1270.48,1109.03
134,157,1640.38,734.76,1710.32,1020.01
134,163,2114.08,634.15,2351.41,921.27
134,10,1695.61,757.07,1750.69,978.13
135,4,499.01,603.26,800.97,1347.01
135,5,2412.98,910.93,2559.42,1142.03
135,6,779.09,609.44,976.38,1285.38
135,7,1424.44,643.75,1623.86,1228.43
135,8,959.04,639.97,1129.2,1215.81
135,9,1251.29,666.71,1398.48,1169.96
135,50,1103.74,662.98,1215.12,1171.0
135,24,19.23,596.48,374.44,1432.01
135,63,1561.55,664.06,1667.66,1185.24
135,12,2128.48,628.96,2369.6,1227.26
135,90,1734.39,737.11,1818.99,992.13
135,98,2430.03,734.49,2519.51,944.77
135,123,1912.19,792.73,1960.44,918.52
135,115,1349.87,660.19,1447.1,1137.29
135,117,1192.73,674.65,1270.7,1110.17
135,157,1642.97,734.14,1713.22,1021.13
135,163,2125.36,629.62,2377.99,936.91
135,10,1697.6,755.15,1752.71,979.12
135,171,1803.34,767.85,1847.48,953.08
136,4,492.02,599.05,798.02,1352.51
136,5,2427.1,935.92,2558.99,1144.06
136,6,775.27,607.62,974.48,1287.53
136,7,1425.98,642.03,1625.95,1228.03
136,8,957.2,637.29,1128.2,1217.4
136,9,1251.77,661.52,1400.48,1172.13
136,50,1103.58,660.54,1214.7,1170.1
136,24,11.93,591.49,371.47,1432.78
136,63,1563.23,661.97,1670.67,1187.64
136,12,2143.36,623.28,2390.86,1236.41
136,90,1734.12,735.23,1818.54,990.32
136,98,2439.77,734.33,2529.65,945.93
136,123,1916.89,794.67,1964.46,918.48
136,115,1354.12,664.8,1449.8,1136.75
136,117,1192.59,673.28,1271.53,1111.62
136,157,1647.81,733.86,1717.43,1018.83
136,163,2136.7,624.14,2393.39,938.49
136,10,1699.48,753.84,1754.12,979.62
136,171,1805.25,768.91,1849.81,955.97
137,4,484.42,596.77,793.3,1356.78
137,5,2439.86,946.74,2560.0,1143.35
137,6,770.95,606.76,972.07,1289.92
137,7,1426.72,639.63,1627.88,1229.82
137,8,955.57,635.96,1127.07,1219.05
137,9,1250.75,658.47,1400.51,1173.62
137,50,1103.57,658.26,1215.33,1174.11
137,24,2.89,588.26,364.05,1433.95
137,63,1566.82,660.97,1675.19,1188.3
137,12,2149.23,617.21,2402.55,1246.45
137,90,1733.2,735.46,1818.03,991.57
137,98,2448.59,733.84,2538.97,947.16
137,123,1920.48,795.57,1967.5,918.25
137,115,1356.05,665.64,1452.02,1140.15
137,117,1192.18,671.3,1272.93,1118.6
137,157,1650.46,734.14,1719.99,1020.16
137,163,2143.87,618.74,2404.06,939.38
137,10,1701.93,747.43,1757.22,980.01
137,171,1807.95,768.53,1853.02,957.77
138,4,475.4,597.51,786.83,1361.02
138,5,2449.26,950.76,2560.0,1145.09
138,6,767.12,603.26,970.63,1293.2
138,7,1429.45,637.41,1632.43,1233.52
138,8,952.08,634.82,1124.95,1222.85
138,9,1252.22,657.39,1401.95,1176.48
138,50,1102.36,656.88,1214.74,1176.65
138,24,0.0,587.96,353.62,1433.72
138,63,1568.39,659.26,1678.5,1192.02
138,12,2160.22,611.5,2419.29,1254.26
138,90,1732.75,737.19,1817.83,993.29
138,98,2456.32,733.37,2547.47,948.44
138,123,1924.14,795.57,1970.76,917.81
138,115,1354.92,659.38,1452.59,1144.26
138,117,1192.01,670.28,1272.86,1115.96
138,157,1653.08,732.05,1722.86,1020.95
138,163,2157.8,612.83,2415.77,931.7
138,10,1705.13,743.01,1761.43,983.67
138,171,1809.23,764.26,1855.93,959.8
139,4,467.85,597.94,781.4,1365.77
139,5,2439.19,886.14,2560.0,1151.66
139,6,760.79,600.36,967.06,1299.81
139,7,1431.51,636.05,1636.33,1238.08
139,8,948.78,633.54,1123.02,1226.33
139,9,1249.69,656.71,1400.16,1180.75
139,50,1100.94,656.48,1213.5,1177.53
139,24,0.0,586.71,332.57,1433.35
139,63,1571.36,659.08,1681.99,1190.34
139,12,2163.48,608.13,2422.93,1256.74
139,90,1729.91,738.48,1816.48,997.61
139,98,2463.95,733.4,2555.13,949.16
139,123,1926.19,794.7,1973.04,918.87
139,115,1356.69,658.2,1454.41,1145.68
139,117,1191.07,670.74,1272.37,1117.74
139,157,1655.38,731.32,1726.06,1022.81
139,163,2168.0,605.8,2421.43,918.59
139,10,1709.05,740.68,1765.24,986.03
139,171,1810.31,766.18,1856.94,960.85
140,4,457.73,598.35,774.71,1373.03
140,6,755.57,599.22,964.81,1309.66
140,7,1433.68,637.05,1639.04,1240.79
140,8,944.98,634.39,1120.42,1231.03
140,9,1251.84,655.9,1402.5,1184.57
140,50,1100.13,656.06,1213.81,1182.69
140,24,0.0,587.41,294.12,1431.42
140,63,1572.88,658.96,1684.11,1190.76
140,12,2174.79,602.58,2442.12,1270.52
140,90,1730.78,740.13,1817.64,999.55
140,98,2469.35,735.2,2560.0,951.22
140,123,1928.69,795.17,1975.2,919.7
140,115,1358.29,655.75,1456.89,1150.56
140,117,1190.06,672.94,1272.15,1121.77
140,157,1656.09,730.6,1727.56,1024.62
140,163,2188.64,601.85,2432.81,899.7
140,10,1710.17,739.8,1765.8,987.51
140,171,1812.3,769.7,1858.18,960.16
140,174,2130.76,768.25,2185.72,939.26
141,4,447.03,598.77,768.71,1382.37
141,6,750.57,601.13,960.74,1315.63
141,7,1438.16,637.31,1645.39,1244.74
141,8,941.31,635.29,1118.15,1236.29
141,9,1251.9,655.89,1402.42,1189.61
141,50,1097.41,655.81,1211.97,1186.13
141,24,0.0,587.67,273.57,1431.18
141,63,1575.09,657.97,1686.35,1189.12
141,12,2183.43,597.64,2456.68,1281.59
141,90,1731.54,742.54,1818.07,1000.22
141,98,2473.31,735.1,2560.0,953.02
141,123,1929.61,795.04,1975.97,920.42
141,115,1359.38,654.26,1458.44,1155.75
141,117,1189.53,673.48,1272.35,1124.58
141,157,1656.96,731.37,1729.25,1027.89
141,163,2201.83,598.28,2440.13,884.16
141,10,1711.77,742.45,1766.28,989.5
141,171,1813.55,766.31,1860.69,960.9
141,174,2134.05,769.77,2188.89,939.94
142,4,437.73,598.92,763.16,1390.36
142,6,746.4,602.21,958.54,1323.22
142,7,1440.87,638.06,1649.94,1249.05
142,8,938.02,637.06,1115.86,1241.73
142,9,1250.62,654.24,1401.29,1192.26
142,50,1095.77,656.22,1210.67,1187.69
142,24,0.0,589.44,260.73,1432.25
142,63,1577.6,656.82,1689.78,1189.85
142,12,2190.3,594.62,2468.14,1292.71
142,90,1729.55,742.81,1817.18,1003.08
142,98,2478.52,735.31,2560.0,953.8
142,123,1932.95,795.22,1978.64,919.9
142,115,1360.5,655.05,1459.85,1159.67
142,117,1189.19,673.91,1272.65,1127.16
142,157,1659.32,730.76,1732.44,1028.97
142,163,2196.44,594.69,2464.66,917.69
142,171,1813.94,763.13,1862.18,960.95
142,174,2136.8,769.02,2191.64,938.36
143,4,430.24,592.89,760.44,1397.0
143,6,740.38,600.9,953.98,1327.59
143,7,1443.47,638.83,1654.4,1252.58
143,8,933.44,637.77,1112.1,1246.15
143,9,1249.82,655.56,1399.41,1193.79
143,50,1093.84,656.89,1209.38,1191.11
143,24,0.0,590.69,249.12,1430.75
143,63,1578.82,656.2,1692.23,1193.43
143,12,2199.85,590.77,2483.03,1299.6
143,90,1729.18,745.11,1816.41,1004.06
143,98,2482.69,733.8,2560.0,958.87
143,123,1934.56,797.47,1979.32,920.44
143,115,1361.87,654.65,1461.74,1161.72
143,117,1188.7,673.92,1272.68,1129.23
143,157,1661.09,731.27,1734.02,1025.81
143,163,2199.46,590.55,2486.28,935.93
143,171,1815.54,762.57,1864.18,961.96
143,174,2139.85,770.64,2194.22,937.45
144,4,420.14,595.33,751.94,1402.58
144,6,734.7,599.69,949.77,1331.28
144,7,1443.84,637.87,1658.14,1258.74
144,8,927.92,637.46,1107.77,1250.17
144,9,1250.3,654.63,1399.29,1195.61
144,50,1089.35,658.13,1205.1,1192.82
144,24,0.0,593.2,235.78,1429.95
144,63,1578.93,654.99,1693.28,1196.74
144,12,2204.38,588.31,2493.6,1309.38
144,90,1727.98,745.75,1815.05,1005.13
144,98,2487.82,735.43,2560.0,964.97
144,123,1935.48,798.9,1979.37,920.77
144,115,1362.66,654.7,1462.46,1163.02
144,117,1186.88,673.6,1271.24,1128.31
144,157,1660.96,733.26,1733.65,1027.42
144,163,2200.04,588.19,2500.56,950.69
144,171,1819.4,764.34,1867.16,960.63
144,174,2142.37,769.99,2198.04,939.01
145,4,410.38,595.11,744.45,1407.35
145,6,727.67,600.62,943.95,1335.57
145,7,1446.85,637.89,1663.67,1262.13
145,8,922.51,636.83,1103.19,1252.38
145,9,1250.02,656.64,1398.75,1198.14
145,50,1087.07,658.17,1203.19,1192.84
145,24,0.0,591.68,225.7,1429.01
145,63,1579.84,654.05,1694.59,1198.27
145,12,2209.94,584.23,2504.46,1316.11
145,90,1727.11,745.98,1814.08,1006.42
145,123,1936.67,796.81,1981.22,921.04
145,115,1361.54,654.56,1461.64,1162.71
145,117,1186.49,673.78,1271.06,1127.65
145,157,1661.35,733.72,1734.48,1030.13
145,163,2201.32,585.4,2513.39,963.32
145,171,1822.34,767.65,1868.89,960.66
145,174,2144.17,772.39,2200.32,940.39
146,4,401.8,588.78,740.95,1413.67
146,6,722.48,598.07,940.77,1339.68
146,7,1448.19,637.32,1666.76,1264.09
146,8,917.03,635.13,1099.22,1255.71
146,9,1257.52,654.44,1409.48,1199.77
146,50,1084.39,656.37,1201.97,1196.6
146,24,0.0,592.47,215.0,1429.41
146,63,1580.67,652.72,1696.0,1201.42
146,12,2212.08,582.26,2513.84,1329.3
146,90,1723.16,741.94,1811.69,1007.39
146,123,1938.22,796.42,1983.06,921.82
146,115,1361.97,653.56,1462.89,1164.88
146,117,1184.74,673.33,1269.91,1127.38
146,157,1662.5,733.46,1735.55,1029.12
146,163,2205.54,582.89,2522.06,967.02
146,171,1823.62,769.43,1869.44,961.22
146,174,2145.58,773.42,2202.16,940.2
147,4,396.2,589.57,736.69,1417.46
147,6,713.2,593.19,933.82,1343.61
147,7,1449.17,636.55,1669.21,1267.26
147,8,910.51,634.0,1094.08,1258.76
147,9,1251.22,655.54,1402.85,1202.17
147,50,1080.25,656.13,1198.09,1194.63
147,24,0.0,597.11,204.54,1429.56
147,63,1581.78,652.15,1697.24,1203.49
147,12,2217.74,579.41,2526.13,1338.63
147,90,1720.48,737.72,1810.69,1008.42
147,123,1939.04,797.11,1983.76,921.93
147,115,1362.41,652.78,1464.19,1164.8
147,117,1180.93,673.13,1266.87,1126.35
147,157,1661.33,731.89,1734.25,1028.53
147,163,2211.84,581.51,2530.99,968.88
147,171,1825.66,775.28,1869.67,960.86
147,174,2146.5,774.41,2203.76,939.91
148,4,386.22,588.63,729.65,1422.0
148,6,706.36,594.23,928.1,1345.52
148,7,1449.46,634.63,1670.51,1269.38
148,8,903.31,631.29,1088.61,1261.24
148,9,1263.07,654.24,1421.01,1204.28
148,50,1075.67,654.58,1194.77,1194.77
148,24,0.0,590.47,196.29,1430.45
148,63,1581.08,650.04,1696.89,1205.25
148,12,2224.47,576.54,2539.62,1346.34
148,90,1719.45,735.63,1810.34,1009.07
148,123,1939.72,799.16,1983.81,921.81
148,115,1360.46,651.41,1463.59,1168.34
148,117,1178.85,671.77,1265.31,1124.48
148,157,1659.46,731.96,1731.79,1028.07
148,163,2217.21,578.66,2541.46,972.38
148,171,1827.39,777.72,1870.21,959.25
148,174,2147.9,775.03,2206.0,939.97
149,4,377.53,584.77,724.49,1425.8
149,6,696.73,598.04,918.85,1349.89
149,7,1450.59,632.4,1671.54,1271.05
149,8,897.57,628.82,1084.63,1262.51
149,9,1259.32,653.67,1421.15,1206.78
149,50,1072.49,653.36,1193.41,1197.31
149,24,0.0,585.44,161.62,1234.39
149,63,1581.67,647.98,1697.24,1204.38
149,12,2228.43,574.21,2549.74,1357.13
149,90,1718.5,735.94,1809.6,1009.81
149,123,1938.96,797.99,1983.1,921.68
149,115,1358.25,650.18,1462.8,1169.23
149,117,1176.61,669.84,1263.47,1123.97
149,157,1659.91,731.32,1732.04,1028.0
149,163,2221.46,574.62,2549.48,974.33
149,171,1828.33,778.67,1870.48,958.95
149,174,2148.93,774.13,2208.24,939.82
149,182,158.46,803.55,209.36,941.08
150,4,367.47,578.53,718.06,1428.42
150,6,687.06,585.97,912.64,1349.56
150,7,1450.32,628.32,1671.89,1272.76
150,8,889.95,625.12,1079.19,1264.06
150,9,1262.95,653.1,1430.46,1208.97
150,50,1068.19,651.32,1190.51,1198.68
150,24,0.0,578.21,147.75,1184.63
150,63,1583.33,643.26,1698.73,1202.97
150,12,2228.33,570.31,2559.82,1379.88
150,90,1713.98,735.81,1806.3,1010.39
150,123,1940.09,796.57,1984.39,921.51
150,115,1357.7,647.61,1464.22,1170.65
150,117,1173.8,666.92,1261.82,1127.21
150,157,1661.24,732.07,1732.32,1026.69
150,163,2226.69,570.85,2557.88,975.48
150,171,1833.04,777.78,1874.33,953.37
150,174,2149.79,774.82,2209.88,939.8
150,182,158.81,803.78,209.79,941.08
151,4,353.01,574.86,705.41,1431.22
151,6,676.36,588.11,901.9,1353.48
151,7,1450.76,623.85,1672.4,1273.67
151,8,882.91,621.21,1073.94,1263.9
151,9,1264.49,651.88,1437.57,1208.05
151,50,1063.28,648.51,1186.75,1199.13
151,24,0.0,573.96,129.79,1103.3
151,63,1583.6,643.01,1697.74,1200.7
151,12,2228.25,564.91,2560.0,1402.25
151,90,1709.97,733.9,1804.43,1010.76
151,123,1940.76,795.01,1985.17,921.25
151,115,1356.03,645.24,1464.64,1171.82
151,117,1171.09,665.6,1258.79,1124.11
151,157,1661.81,733.16,1731.42,1025.51
151,163,2231.36,565.92,2560.0,973.3
151,171,1835.76,777.81,1877.06,951.25
151,174,2151.88,775.7,2212.48,939.38
151,182,158.49,804.12,209.55,940.96
152,4,336.2,568.9,691.18,1435.39
152,6,666.3,578.65,896.04,1357.34
152,7,1450.9,620.42,1672.72,1276.07
152,8,875.19,618.35,1068.1,1265.6
152,9,1260.98,646.49,1440.62,1208.65
152,50,1057.34,646.13,1183.28,1204.81
152,63,1582.46,630.17,1700.4,1220.08
152,12,2235.41,558.36,2560.0,1410.89
152,90,1705.67,731.88,1802.48,1010.92
152,123,1941.2,794.61,1985.45,921.52
152,115,1354.18,643.38,1464.63,1172.51
152,117,1168.51,664.43,1256.0,1121.28
152,157,1663.04,732.35,1731.56,1024.53
152,163,2238.98,558.76,2560.0,977.02
152,171,1836.33,776.4,1878.22,950.8
152,174,2153.16,774.53,2214.98,938.58
152,182,159.63,804.18,210.47,940.26
153,4,319.03,564.1,674.02,1434.29
153,6,653.11,581.23,882.58,1360.42
153,7,1450.92,616.95,1673.15,1278.36
153,8,866.3,618.06,1061.61,1270.77
153,9,1256.6,643.12,1442.92,1208.88
153,50,1052.34,645.03,1179.58,1206.41
153,12,2241.95,550.32,2560.0,1408.11
153,90,1701.35,729.4,1801.09,1011.62
153,123,1941.89,795.29,1985.8,921.55
153,115,1352.43,641.86,1464.84,1172.47
153,117,1163.62,662.27,1252.9,1127.56
153,157,1662.72,732.61,1730.7,1025.94
153,163,2243.2,551.96,2560.0,975.37
153,171,1835.97,775.53,1878.65,951.67
153,174,2155.01,774.46,2217.75,938.48
153,182,154.99,802.12,207.08,941.17
154,4,300.93,560.68,654.96,1432.84
154,6,638.99,571.03,873.3,1365.4
154,7,1449.76,614.41,1672.49,1281.23
154,8,856.85,617.08,1053.83,1273.52
154,9,1252.37,640.04,1445.82,1210.36
154,50,1047.53,643.18,1176.88,1210.62
154,12,2238.14,541.37,2560.0,1413.4
154,90,1716.37,741.8,1810.11,1010.68
154,123,1944.01,795.58,1987.31,920.43
154,115,1350.13,639.28,1465.7,1174.64
154,117,1161.21,660.61,1250.41,1125.9
154,157,1660.43,729.69,1728.99,1027.58
154,163,2238.01,542.38,2560.0,969.41
154,171,1835.38,774.65,1878.76,952.65
154,174,2157.27,774.35,2220.67,938.06
154,182,153.58,800.0,206.8,941.5
154,186,1773.22,752.73,1847.1,970.63
155,4,283.91,556.08,640.58,1436.78
155,6,626.45,568.54,863.73,1372.94
155,7,1449.52,613.02,1673.46,1285.92
155,8,846.84,616.1,1046.19,1278.51
155,9,1247.76,639.29,1448.58,1215.31
155,50,1040.29,642.65,1172.3,1215.33
155,12,2236.21,532.45,2560.0,1415.05
155,90,1720.75,747.18,1812.24,1011.76
155,123,1945.14,795.34,1988.11,919.82
155,115,1348.03,638.62,1466.13,1174.66
155,117,1156.58,659.17,1245.74,1120.33
155,157,1657.32,726.05,1727.77,1033.53
155,163,2231.97,534.68,2560.0,981.99
155,171,1834.64,773.94,1878.58,953.89
155,174,2158.89,773.89,2223.08,937.91
155,182,152.87,800.15,206.28,941.23
155,186,1773.55,751.61,1849.48,975.98
156,4,267.48,556.1,622.64,1436.3
156,6,613.41,564.84,853.1,1377.78
156,7,1448.72,611.94,1673.89,1290.4
156,8,838.62,615.44,1040.01,1280.56
156,9,1242.4,639.53,1449.82,1219.35
156,50,1035.29,642.76,1169.51,1218.18
156,12,2240.87,522.48,2560.0,1404.68
156,90,1720.5,750.04,1811.36,1012.87
156,123,1945.21,794.74,1988.3,920.06
156,115,1341.3,636.7,1463.15,1179.86
156,117,1149.56,657.61,1239.9,1120.89
156,157,1655.86,725.08,1726.92,1035.64
156,163,2228.61,526.6,2560.0,988.82
156,171,1834.85,775.29,1878.66,954.4
156,174,2159.93,773.54,2225.08,938.23
156,182,151.32,802.95,203.48,941.05
156,186,1775.45,751.11,1848.35,966.72
157,4,251.47,554.21,606.58,1436.31
157,6,599.77,561.23,842.61,1383.84
157,7,1446.83,611.62,1673.56,1296.22
157,8,826.22,616.1,1029.32,1285.19
157,9,1236.9,639.31,1450.85,1223.32
157,50,1027.15,642.43,1164.58,1224.68
157,12,2242.19,515.58,2560.0,1417.19
157,90,1725.8,754.82,1813.89,1012.51
157,123,1946.44,794.36,1989.18,920.02
157,115,1334.8,635.62,1460.67,1184.43
157,117,1145.34,657.08,1237.28,1125.86
157,157,1654.44,723.3,1725.88,1035.77
157,163,2223.72,518.39,2560.0,989.85
157,171,1833.86,773.41,1878.44,955.31
157,174,2162.0,771.6,2228.2,938.23
157,186,1775.6,751.42,1850.39,973.49
157,189,1753.64,755.12,1810.14,998.32
158,4,232.27,554.42,586.15,1435.01
158,6,588.49,559.0,834.28,1390.75
158,7,1443.88,611.44,1672.62,1303.06
158,8,815.69,614.39,1021.98,1292.7
158,9,1230.62,637.63,1451.12,1226.98
158,50,1018.07,641.74,1158.68,1228.95
158,12,2246.03,508.32,2560.0,1421.03
158,90,1730.87,757.27,1814.72,1004.35
158,123,1946.75,793.98,1989.39,920.03
158,115,1326.13,636.7,1454.91,1186.49
158,117,1141.24,656.7,1234.59,1131.76
158,157,1653.02,721.77,1725.06,1037.17
158,163,2229.36,509.65,2560.0,985.18
158,171,1837.88,773.44,1881.98,951.32
158,174,2162.95,771.04,2229.81,937.8
158,186,1775.69,751.62,1850.69,975.2
159,4,214.74,552.55,568.61,1434.68
159,6,573.18,559.53,819.82,1396.88
159,7,1442.05,611.79,1673.0,1308.18
159,8,806.13,613.02,1015.12,1296.72
159,9,1223.25,636.14,1450.16,1232.41
159,50,1010.12,641.52,1153.0,1231.86
159,12,2246.62,500.88,2560.0,1423.8
159,90,1734.76,758.28,1814.23,992.84
159,123,1947.11,794.38,1989.88,920.9
159,115,1321.39,635.66,1453.73,1191.89
159,117,1138.11,657.99,1232.98,1137.74
159,157,1653.38,722.48,1725.36,1038.04
159,163,2232.4,503.21,2560.0,986.79
159,171,1840.51,772.55,1885.51,952.6
159,174,2164.1,770.88,2231.78,938.18
159,186,1776.6,752.52,1851.4,976.98
160,4,196.67,552.17,548.95,1433.16
160,6,564.66,558.83,814.11,1405.4
160,7,1440.61,612.49,1673.54,1313.31
160,8,797.35,611.02,1009.88,1305.04
160,9,1219.17,635.69,1452.66,1238.56
160,50,1003.21,641.51,1148.77,1236.94
160,12,2249.97,492.68,2560.0,1426.66
160,90,1736.92,758.5,1813.66,985.33
160,123,1949.09,794.24,1991.8,921.31
160,115,1317.23,634.97,1453.1,1196.17
160,117,1135.29,658.36,1231.35,1141.15
160,157,1653.22,723.52,1725.18,1040.56
160,163,2240.11,496.18,2560.0,989.45
160,171,1840.15,775.39,1885.65,955.13
160,174,2166.51,770.11,2235.11,937.86
160,186,1777.62,753.28,1852.02,978.03
161,4,180.32,552.17,532.12,1431.86
161,6,553.09,565.76,804.29,1415.87
161,7,1438.7,612.31,1674.35,1319.53
161,8,787.61,612.24,1002.41,1311.94
161,9,1215.63,636.36,1454.6,1242.43
161,50,996.79,642.2,1145.33,1244.09
161,90,1739.89,758.27,1815.53,983.49
161,123,1948.73,793.2,1992.41,923.04
161,115,1311.88,634.39,1450.66,1198.86
161,117,1132.7,658.95,1230.02,1145.55
161,157,1654.05,725.91,1725.26,1042.67
161,163,2253.13,490.77,2560.0,996.3
161,171,1833.42,773.16,1880.9,960.83
161,174,2167.5,769.0,2237.73,938.98
161,186,1777.9,752.72,1852.48,979.54
162,4,163.36,552.43,514.74,1429.79
162,6,540.68,559.96,795.91,1422.59
162,7,1434.06,612.56,1672.14,1325.7
162,8,778.53,612.49,995.81,1318.82
162,9,1211.1,635.7,1456.59,1248.8
162,50,991.15,642.8,1141.78,1248.3
162,90,1740.16,758.29,1817.18,990.14
162,123,1948.19,794.43,1992.38,925.31
162,115,1307.29,634.96,1449.28,1202.47
162,117,1130.82,659.52,1229.51,1150.56
162,157,1654.28,726.66,1725.22,1045.19
162,163,2259.97,485.5,2560.0,1006.58
162,171,1834.47,774.18,1881.74,962.19
162,174,2168.82,768.42,2239.92,939.46
162,186,1779.42,754.59,1853.07,979.65
163,4,149.98,551.23,501.88,1429.81
163,6,527.31,556.34,784.91,1428.9
163,7,1431.58,612.25,1672.5,1331.4
163,8,768.78,613.28,988.09,1323.85
163,9,1205.82,635.13,1456.28,1253.52
163,50,986.36,642.57,1138.99,1250.1
163,90,1740.71,758.48,1818.92,995.09
163,123,1949.22,794.9,1993.85,926.59
163,115,1303.94,636.01,1448.89,1206.82
163,117,1128.92,659.55,1228.85,1152.29
163,157,1653.84,726.82,1724.25,1045.51
163,163,2262.83,482.0,2560.0,1033.68
163,171,1837.63,777.65,1883.64,960.1
163,174,2170.88,769.13,2242.34,939.71
163,186,1780.27,755.59,1853.48,980.79
164,4,136.86,548.2,490.17,1430.46
164,6,516.67,554.6,776.59,1433.18
164,7,1429.74,611.65,1673.93,1336.95
164,8,762.62,614.65,983.54,1329.53
164,9,1205.88,635.83,1461.25,1256.89
164,50,982.92,643.51,1138.48,1255.87
164,90,1744.78,758.48,1819.62,986.79
164,123,1952.06,794.03,1996.44,925.08
164,115,1303.25,636.47,1453.01,1213.18
164,117,1127.84,659.78,1229.42,1156.17
164,157,1653.83,729.54,1724.01,1049.48
164,163,2270.88,478.2,2560.0,1040.79
164,171,1840.31,777.89,1886.02,959.92
164,174,2172.49,769.29,2244.61,940.63
164,186,1781.83,755.46,1854.77,981.2
164,12,2275.23,476.78,2560.0,1431.26
165,4,127.84,546.06,482.25,1431.29
165,6,505.11,550.17,767.76,1436.86
165,7,1426.46,610.64,1673.54,1341.42
165,8,754.86,609.58,978.86,1333.93
165,9,1203.74,635.8,1464.25,1259.99
165,50,980.16,643.06,1139.31,1260.02
165,90,1746.52,755.35,1821.95,986.71
165,123,1953.62,793.83,1998.13,924.6
165,115,1304.89,635.95,1458.46,1217.85
165,117,1126.61,660.95,1229.79,1160.19
165,157,1655.42,727.01,1725.42,1049.8
165,163,2276.55,473.12,2560.0,1061.59
165,171,1844.17,777.42,1890.52,960.16
165,174,2174.48,771.2,2246.32,940.98
165,186,1781.8,755.95,1853.96,980.94
165,193,2236.73,809.28,2339.67,967.06
165,12,2289.04,473.08,2560.0,1432.58
166,4,115.18,543.57,470.25,1431.02
166,6,494.95,549.34,759.5,1439.27
166,7,1423.98,608.36,1673.96,1344.62
166,8,746.57,611.01,971.55,1337.45
166,9,1200.06,634.05,1466.08,1260.66
166,50,973.66,641.34,1136.43,1262.52
166,90,1748.46,754.4,1824.05,987.58
166,123,1954.32,795.12,1999.03,926.41
166,115,1302.53,633.93,1460.01,1219.19
166,117,1123.84,661.59,1229.01,1163.34
166,157,1657.65,723.27,1727.31,1048.61
166,163,2288.47,473.4,2560.0,1063.01
166,171,1843.29,779.17,1889.75,960.88
166,174,2177.29,773.85,2248.67,941.76
166,186,1782.56,755.9,1853.79,980.52
166,193,2239.56,807.65,2342.38,965.08
166,12,2300.43,471.25,2560.0,1435.33
167,4,100.57,542.04,455.9,1430.9
167,6,482.99,546.65,750.36,1440.0
167,7,1422.72,606.79,1675.87,1350.06
167,8,737.11,606.37,965.22,1340.51
167,9,1194.19,630.46,1466.8,1262.73
167,50,969.22,638.63,1136.09,1264.68
167,90,1750.66,753.63,1826.49,989.04
167,123,1956.3,795.05,2001.29,927.45
167,115,1298.54,632.53,1460.5,1221.55
167,117,1122.92,660.41,1229.97,1166.25
167,157,1659.45,721.89,1729.11,1049.73
167,171,1843.4,778.07,1890.6,960.86
167,174,2178.79,774.47,2250.32,941.76
167,186,1787.06,756.9,1855.34,975.4
167,193,2241.3,807.92,2344.16,964.95
167,12,2323.27,537.15,2560.0,1438.49
168,4,82.35,538.5,439.07,1430.28
168,6,469.26,542.12,738.68,1440.0
168,7,1421.07,604.05,1677.52,1354.42
168,8,728.33,601.91,958.95,1344.4
168,9,1188.62,627.86,1466.93,1264.77
168,50,963.69,636.08,1134.43,1266.71
168,90,1751.6,752.92,1827.79,990.13
168,123,1957.59,794.39,2002.92,927.25
168,115,1294.38,631.06,1459.1,1221.35
168,117,1121.66,653.43,1230.8,1160.07
168,157,1661.98,723.91,1730.82,1052.14
168,171,1839.63,774.41,1888.46,963.48
168,174,2180.83,775.39,2252.22,941.5
168,186,1790.5,758.06,1856.87,974.18
168,193,2243.85,807.36,2347.61,964.9
168,197,1709.85,760.81,1772.21,1021.44
169,4,59.84,533.6,420.01,1429.84
169,6,454.82,537.51,725.8,1440.0
169,7,1419.56,600.83,1679.77,1359.15
169,8,718.84,600.24,952.09,1350.27
169,9,1183.45,625.73,1466.98,1267.31
169,50,956.68,633.49,1131.73,1270.75
169,90,1753.72,753.16,1830.18,990.17
169,123,1958.61,795.01,2003.12,926.42
169,115,1289.08,630.15,1458.11,1222.91
169,117,1117.95,647.59,1230.15,1161.59
169,157,1663.95,723.6,1732.23,1052.75
169,171,1836.88,767.31,1888.76,965.23
169,174,2182.58,775.98,2254.03,941.39
169,186,1788.62,756.69,1856.05,980.48
169,193,2248.95,807.59,2352.72,963.97
169,197,1705.08,759.08,1770.06,1030.66
169,12,2357.24,603.29,2560.0,1419.75
170,4,38.0,529.29,402.68,1430.45
170,6,443.31,533.9,716.47,1440.0
170,7,1416.75,597.69,1680.74,1364.72
170,8,709.09,597.74,944.34,1353.05
170,9,1178.46,622.66,1467.84,1269.94
170,50,950.05,630.46,1128.97,1273.68
170,90,1756.02,751.99,1833.14,989.85
170,123,1960.83,794.71,2004.9,924.72
170,115,1283.08,627.66,1456.76,1225.81
170,117,1118.2,654.2,1231.27,1169.58
170,157,1666.29,724.21,1734.03,1053.37
170,171,1836.57,764.49,1890.12,966.63
170,174,2184.34,776.04,2255.89,941.17
170,186,1786.48,755.97,1853.67,984.81
170,193,2250.84,806.99,2355.13,963.26
170,197,1706.47,756.45,1771.19,1026.72
170,12,2394.46,616.24,2560.0,1258.8
171,4,14.14,524.57,382.92,1431.84
171,6,431.36,531.69,706.86,1440.0
171,7,1415.35,594.1,1682.97,1369.37
171,8,700.36,593.6,938.39,1356.72
171,9,1173.33,619.9,1468.24,1271.94
171,50,943.57,627.11,1126.75,1277.28
171,90,1759.62,753.16,1836.97,990.24
171,123,1961.76,793.93,2006.61,927.12
171,115,1277.55,625.75,1455.13,1229.58
171,117,1117.68,654.58,1232.59,1178.01
171,157,1667.42,722.78,1735.1,1054.34
171,171,1831.69,758.84,1888.58,970.59
171,174,2185.78,776.08,2257.21,940.71
171,186,1796.84,758.37,1860.34,980.66
171,193,2252.58,807.58,2356.91,962.76
171,197,1707.56,756.56,1773.37,1031.62
171,12,2428.12,619.79,2560.0,1108.09
172,4,0.0,518.53,369.57,1432.41
172,6,414.02,529.75,689.12,1437.88
172,7,1412.77,587.2,1684.62,1373.18
172,8,691.01,592.33,931.4,1363.0
172,9,1172.48,622.91,1469.9,1273.56
172,50,938.81,625.41,1125.17,1281.41
172,90,1761.21,753.12,1839.45,990.85
172,123,1963.6,794.09,2008.48,929.1
172,115,1270.79,623.14,1451.82,1234.09
172,117,1114.18,651.38,1228.85,1168.69
172,157,1667.98,720.38,1736.07,1056.94
172,171,1834.61,761.2,1890.89,972.48
172,174,2187.74,776.79,2259.5,941.24
172,186,1804.71,757.15,1865.62,975.2
172,193,2253.82,807.17,2359.93,963.9
172,197,1708.9,754.42,1775.65,1034.34
172,12,2450.75,622.56,2560.0,1039.84
173,4,0.0,513.14,360.78,1432.81
173,6,401.58,522.54,680.54,1437.99
173,7,1409.81,585.54,1684.13,1377.66
173,8,682.32,589.95,924.94,1367.15
173,9,1167.18,620.82,1470.08,1278.64
173,50,936.15,624.35,1125.7,1286.83
173,90,1762.19,751.9,1841.78,991.42
173,123,1966.03,795.03,2009.81,928.09
173,115,1267.56,621.44,1450.88,1235.59
173,117,1112.6,653.62,1227.98,1170.54
173,157,1668.5,718.4,1736.9,1058.69
173,171,1835.62,762.14,1891.42,971.31
173,174,2189.37,777.43,2261.31,941.32
173,186,1808.87,756.46,1868.22,974.1
173,193,2256.22,807.48,2362.53,963.74
173,197,1707.66,754.95,1774.66,1036.21
173,12,2474.18,636.85,2560.0,976.37
174,4,0.0,508.55,350.59,1431.41
174,6,388.19,516.29,670.54,1436.1
174,7,1408.37,584.22,1685.87,1383.88
174,8,674.67,587.83,919.72,1372.04
174,9,1161.81,617.32,1470.07,1282.46
174,50,929.34,623.5,1122.03,1291.5
174,90,1761.97,751.78,1842.17,991.91
174,123,1966.19,795.54,2010.57,930.28
174,115,1261.89,620.71,1446.46,1238.43
174,117,1107.54,654.65,1224.29,1173.03
174,157,1669.8,720.41,1737.47,1058.85
174,171,1835.87,759.54,1892.45,971.62
174,174,2189.36,776.89,2261.74,940.96
174,186,1815.19,755.95,1873.8,976.31
174,193,2258.28,807.81,2365.25,964.32
174,197,1707.86,756.51,1775.28,1038.6
175,4,0.0,504.89,340.08,1429.23
175,6,369.11,513.5,652.29,1433.16
175,7,1405.44,583.17,1686.2,1390.94
175,8,661.76,586.81,910.58,1382.0
175,9,1148.9,614.07,1462.51,1290.01
175,50,921.73,623.04,1117.03,1297.74
175,90,1762.73,753.51,1843.54,992.33
175,123,1965.58,795.68,2010.21,930.94
175,115,1258.59,621.24,1443.85,1239.79
175,117,1100.74,655.93,1217.97,1172.2
175,157,1670.06,722.65,1737.61,1061.98
175,171,1836.15,756.98,1893.54,971.39
175,174,2190.75,777.53,2263.63,941.28
175,193,2262.58,807.97,2371.46,966.41
175,197,1707.53,757.7,1775.69,1040.76
176,4,0.0,502.6,333.96,1428.35
176,6,354.01,513.71,639.97,1435.2
176,7,1398.78,584.72,1682.8,1401.58
176,8,653.11,587.52,904.34,1390.51
176,9,1134.61,614.13,1451.51,1300.31
176,50,914.62,622.89,1112.57,1305.02
176,90,1763.22,754.59,1845.22,993.93
176,123,1966.38,796.97,2010.58,931.02
176,115,1251.22,622.83,1437.85,1245.91
176,117,1093.53,658.73,1210.81,1173.1
176,157,1669.79,722.39,1737.06,1061.34
176,171,1835.53,757.21,1894.27,974.34
176,174,2191.2,777.32,2265.19,942.3
176,193,2263.63,808.87,2373.46,968.44
176,197,1708.88,757.67,1776.28,1037.56
177,4,0.0,501.92,324.16,1428.46
177,6,338.2,511.59,626.5,1435.48
177,7,1394.19,585.88,1680.91,1409.77
177,8,642.24,588.1,896.38,1398.78
177,9,1126.53,614.1,1444.66,1305.25
177,50,907.65,623.47,1107.08,1310.74
177,90,1763.35,755.12,1846.5,995.01
177,123,1966.89,797.82,2010.91,931.62
177,115,1249.6,624.04,1437.78,1250.9
177,117,1088.32,658.6,1207.77,1180.05
177,157,1668.91,723.66,1737.1,1068.41
177,171,1835.98,760.14,1895.09,976.07
177,174,2191.97,777.65,2266.87,943.23
177,193,2266.24,809.7,2376.79,970.23
177,197,1709.47,758.86,1776.43,1036.96
177,209,1934.03,792.47,1975.82,934.83
178,4,0.0,498.59,304.12,1426.78
178,6,322.87,510.13,613.88,1435.53
178,7,1391.59,585.65,1681.34,1417.79
178,8,630.33,589.04,887.03,1407.15
178,9,1119.94,613.91,1438.89,1310.81
178,50,903.85,624.92,1103.64,1314.22
178,90,1762.01,755.29,1846.16,994.3
178,123,1967.72,798.22,2011.77,932.08
178,115,1242.32,624.86,1432.12,1254.29
178,117,1081.81,657.35,1202.56,1183.25
178,157,1668.97,724.45,1736.73,1068.96
178,171,1837.77,765.53,1895.83,975.55
178,174,2192.09,778.06,2267.25,942.93
178,193,2267.13,810.82,2377.9,971.97
178,197,1708.12,761.51,1776.62,1044.48
178,209,1934.69,792.41,1976.63,935.42
179,4,0.0,497.26,291.05,1429.78
179,6,302.33,507.15,596.32,1433.91
179,7,1387.65,584.01,1682.32,1428.6
179,8,618.45,589.95,876.66,1414.75
179,9,1111.51,614.16,1432.47,1320.88
179,50,896.51,625.34,1098.15,1319.27
179,90,1761.77,755.87,1846.84,994.37
179,123,1967.06,798.32,2011.57,933.0
179,115,1238.11,623.89,1430.07,1258.24
179,117,1078.43,656.48,1200.48,1186.3
179,157,1668.66,730.11,1735.12,1067.54
179,171,1837.79,764.79,1896.55,977.14
179,174,2192.7,778.47,2268.74,944.03
179,193,2268.81,811.28,2381.11,975.55
179,197,1709.48,760.58,1777.24,1039.49
179,209,1935.22,793.9,1977.21,937.39
180,4,0.0,495.48,275.6,1429.91
180,6,283.3,506.39,579.69,1432.65
180,7,1383.32,585.76,1679.25,1431.4
180,8,608.48,590.65,867.74,1418.79
180,9,1105.64,613.93,1427.22,1325.26
180,50,889.23,625.73,1092.6,1324.79
180,90,1761.04,755.99,1847.79,995.84
180,123,1967.59,799.75,2011.75,933.49
180,115,1229.04,623.7,1423.16,1263.96
180,117,1072.17,656.34,1193.89,1189.36
180,157,1667.32,725.19,1735.3,1073.03
180,171,1838.49,765.5,1897.25,977.76
180,174,2192.8,778.25,2269.87,945.3
180,193,2271.5,812.15,2383.39,976.75
180,197,1707.83,760.59,1776.25,1041.05
180,209,1935.28,793.93,1977.27,937.73
180,212,1879.53,780.91,1942.81,955.41
181,4,0.0,491.97,258.07,1430.15
181,6,261.09,503.57,560.0,1434.0
181,7,1380.03,585.83,1677.43,1433.26
181,8,595.71,588.31,857.6,1425.64
181,9,1100.72,614.91,1422.22,1329.86
181,50,878.23,625.41,1084.11,1328.27
181,90,1761.59,756.41,1849.67,996.45
181,123,1968.22,800.14,2012.32,933.6
181,115,1222.58,624.22,1416.98,1265.91
181,117,1065.97,662.11,1186.02,1194.89
181,157,1664.9,724.27,1733.87,1075.59
181,171,1838.9,766.78,1897.22,977.14
181,174,2192.98,779.13,2270.22,945.74
181,193,2273.17,812.54,2384.44,977.05
181,197,1705.64,761.73,1775.93,1048.82
181,209,1935.33,793.84,1977.41,938.4
181,212,1879.79,781.07,1943.25,956.14
182,4,0.0,487.56,239.72,1428.71
182,6,243.62,500.49,545.93,1433.8
182,7,1376.24,586.66,1673.27,1429.35
182,8,583.72,586.62,847.12,1430.66
182,9,1094.62,616.08,1416.14,1333.91
182,50,872.23,621.33,1080.51,1333.62
182,90,1761.5,756.56,1850.95,998.16
182,123,1969.08,800.37,2013.41,934.46
182,115,1217.65,623.17,1412.08,1267.69
182,117,1061.96,667.57,1180.73,1197.07
182,157,1663.59,724.43,1732.91,1076.18
182,171,1839.28,771.25,1897.51,979.05
182,174,2192.96,780.22,2270.3,946.28
182,193,2276.29,812.59,2387.11,977.45
182,197,1704.91,762.37,1775.9,1050.79
182,209,1935.36,794.68,1977.42,939.46
182,212,1879.62,783.87,1942.23,956.59
183,4,0.0,487.49,217.3,1428.45
183,6,224.89,496.09,529.78,1432.99
183,7,1369.89,585.37,1669.12,1430.15
183,8,570.65,584.64,835.36,1432.83
183,9,1086.91,614.26,1409.28,1336.3
183,50,863.79,620.5,1073.15,1337.25
183,90,1762.3,756.6,1852.3,997.68
183,123,1969.27,801.32,2013.87,936.37
183,115,1212.95,623.97,1407.01,1271.12
183,117,1057.73,667.44,1176.76,1200.5
183,157,1660.22,725.9,1729.93,1079.72
183,171,1837.28,769.87,1897.09,980.48
183,174,2192.28,781.78,2269.84,947.28
183,193,2278.28,812.78,2388.7,977.73
183,197,1705.27,763.57,1776.06,1050.69
183,209,1935.48,795.03,1977.76,941.14
183,212,1879.32,784.29,1941.81,956.71
184,4,0.0,487.11,172.36,1271.37
184,6,207.71,491.65,516.5,1430.82
184,7,1364.17,579.23,1667.54,1431.77
184,8,558.49,581.41,825.02,1435.8
184,9,1075.8,612.35,1399.12,1337.27
184,50,857.15,619.82,1068.22,1342.03
184,90,1761.26,756.2,1852.54,998.34
184,123,1969.64,801.65,2014.24,937.26
184,115,1204.97,622.68,1399.26,1274.67
184,157,1657.68,725.44,1728.09,1081.02
184,171,1836.6,771.69,1896.85,981.42
184,174,2192.08,782.58,2269.7,947.2
184,193,2279.55,813.26,2389.33,977.99
184,197,1704.17,763.11,1775.59,1052.61
184,209,1935.8,794.96,1978.15,941.71
184,212,1879.31,783.85,1942.05,957.02
185,4,0.0,491.28,139.79,1210.95
185,6,185.32,488.35,498.71,1431.9
185,7,1357.15,575.51,1663.82,1434.49
185,8,545.84,578.17,814.33,1437.89
185,9,1062.12,608.77,1389.6,1343.2
185,50,845.05,618.32,1058.0,1346.43
185,90,1758.86,755.8,1851.73,999.74
185,123,1969.94,801.78,2014.6,937.95
185,115,1196.21,622.03,1390.72,1278.03
185,157,1654.11,724.47,1725.49,1081.8
185,171,1835.37,771.43,1896.45,982.15
185,174,2192.47,783.15,2269.99,947.02
185,193,2279.31,813.25,2388.6,978.17
185,197,1703.01,762.33,1774.42,1051.05
185,209,1936.08,795.0,1978.58,942.62
185,212,1879.51,784.24,1942.15,957.32
186,6,156.61,483.17,473.68,1430.96
186,7,1348.84,569.17,1658.68,1434.37
186,8,532.12,575.06,801.62,1437.65
186,9,1051.45,606.86,1381.6,1345.19
186,50,835.49,615.07,1050.07,1350.18
186,90,1757.34,755.81,1851.3,999.95
186,123,1969.87,801.66,2014.56,938.19
186,115,1190.33,619.78,1384.39,1276.66
186,157,1651.6,724.54,1723.09,1079.22
186,171,1833.54,771.34,1895.28,983.83
186,174,2192.65,783.15,2270.06,946.28
186,193,2278.97,813.47,2388.43,979.39
186,197,1702.41,762.49,1773.59,1048.78
186,209,1936.52,795.8,1978.7,942.41
186,212,1880.68,786.26,1942.67,957.84
187,6,130.6,476.5,452.8,1431.56
187,7,1339.21,566.09,1651.43,1435.47
187,8,515.82,570.74,787.65,1437.76
187,9,1041.77,604.58,1375.31,1350.6
187,50,824.4,612.17,1040.55,1353.06
187,90,1756.26,755.35,1851.24,999.64
187,123,1969.47,801.5,2014.25,938.51
187,115,1186.54,617.81,1379.0,1273.63
187,157,1648.02,723.76,1721.02,1079.9
187,171,1831.68,770.65,1893.92,983.99
187,174,2192.95,783.63,2270.05,945.55
187,193,2280.53,813.23,2388.51,977.12
187,197,1701.68,763.31,1771.63,1042.83
187,209,1936.73,796.49,1978.75,942.29
187,212,1880.64,786.15,1942.6,957.77
188,6,107.79,470.4,435.4,1432.2
188,7,1331.76,561.88,1645.82,1433.99
188,8,498.69,567.53,772.31,1438.54
188,9,1026.88,599.33,1363.07,1352.39
188,50,814.31,609.29,1032.03,1355.81
188,90,1755.3,755.71,1850.98,999.9
188,123,1969.64,802.0,2014.14,938.66
188,115,1179.38,616.53,1369.97,1272.35
188,157,1643.83,722.6,1718.16,1080.41
188,171,1829.05,765.55,1893.2,985.24
188,174,2192.65,783.93,2270.11,946.15
188,193,2280.6,812.68,2389.46,978.07
188,197,1698.8,760.04,1770.86,1047.01
188,209,1937.09,797.36,1978.83,942.06
188,212,1880.66,785.61,1942.96,958.27
189,6,80.82,462.96,412.97,1429.99
189,7,1323.39,557.61,1639.53,1432.7
189,8,482.34,563.62,758.95,1439.14
189,9,1014.65,593.6,1354.6,1356.86
189,50,801.42,607.26,1021.4,1360.39
189,90,1753.64,754.99,1850.57,1000.73
189,123,1969.73,802.54,2013.98,938.79
189,115,1171.38,612.2,1361.15,1271.69
189,157,1639.87,721.95,1715.94,1082.5
189,171,1827.3,764.17,1891.63,985.11
189,174,2192.5,784.13,2270.31,946.72
189,193,2280.24,813.08,2390.07,979.46
189,197,1695.97,759.74,1768.91,1049.61
189,209,1937.39,798.06,1979.0,942.19
189,212,1885.46,786.24,1946.32,956.75
190,6,53.45,456.96,391.22,1429.94
190,7,1316.03,555.79,1633.73,1431.02
190,8,464.09,560.94,741.68,1438.15
190,9,1004.05,588.13,1346.56,1360.54
190,50,790.87,604.45,1013.54,1364.88
190,90,1752.88,756.19,1850.15,1002.51
190,123,1969.3,802.94,2013.57,939.44
190,115,1164.22,611.35,1352.28,1271.38
190,157,1636.9,721.34,1714.45,1085.13
190,171,1825.42,764.19,1889.36,984.9
190,174,2192.84,784.26,2270.84,946.92
190,193,2280.19,813.03,2390.97,980.06
190,197,1693.14,759.75,1766.5,1050.9
190,209,1936.92,798.4,1978.72,943.13
190,212,1883.35,786.71,1944.49,958.67
191,6,24.16,451.05,367.76,1429.65
191,7,1306.68,554.64,1627.35,1433.84
191,8,445.03,559.66,724.05,1439.1
191,9,992.94,588.33,1337.2,1368.07
191,50,780.23,603.51,1004.22,1368.34
191,90,1752.63,756.84,1850.11,1002.75
191,123,1968.68,803.36,2012.95,940.2
191,115,1156.22,610.48,1343.84,1273.89
191,157,1632.64,721.85,1711.13,1084.54
191,171,1823.7,765.16,1887.2,985.41
191,174,2192.54,784.24,2271.1,947.9
191,193,2280.81,812.57,2392.58,980.06
191,197,1690.49,761.65,1764.31,1053.25
191,209,1936.53,798.21,1978.72,944.29
191,212,1887.76,787.67,1947.35,958.29
192,6,5.81,449.05,351.69,1429.96
192,7,1299.74,554.4,1623.09,1436.52
192,8,425.65,557.11,706.36,1439.96
192,9,987.22,590.48,1330.79,1372.32
192,50,767.94,602.71,995.1,1375.61
192,90,1750.93,754.74,1849.79,1003.74
192,123,1968.45,803.43,2012.54,940.33
192,115,1148.14,611.98,1334.58,1276.55
192,157,1627.58,721.8,1707.7,1086.54
192,171,1823.44,764.25,1887.28,984.66
192,174,2192.48,784.35,2271.54,949.41
192,193,2281.5,812.76,2394.14,980.57
192,197,1688.97,762.49,1763.61,1057.15
192,209,1936.39,797.86,1979.16,945.15
192,212,1882.96,787.72,1943.37,959.95
193,6,0.0,448.57,335.18,1430.77
193,7,1298.3,553.83,1621.92,1437.1
193,8,406.42,557.53,687.3,1438.92
193,9,979.47,591.9,1322.63,1377.08
193,50,754.09,602.92,983.23,1382.85
193,90,1748.77,758.32,1846.4,1005.66
193,123,1969.75,803.99,2013.28,940.36
193,115,1140.38,613.41,1327.92,1284.75
193,157,1621.6,722.32,1703.69,1088.89
193,171,1821.59,767.89,1884.88,986.93
193,174,2191.86,784.26,2271.57,951.65
193,193,2277.49,814.01,2392.9,984.84
193,197,1685.7,763.8,1761.78,1064.31
193,209,1937.62,800.21,1980.04,945.01
193,212,1881.95,788.27,1942.89,961.69
194,6,0.0,450.71,319.4,1428.86
194,7,1293.41,553.68,1616.31,1436.72
194,8,388.18,557.85,669.33,1437.53
194,9,969.81,593.69,1312.95,1384.89
194,50,734.49,604.52,967.14,1391.28
194,90,1746.59,756.14,1845.28,1006.33
194,123,1971.76,806.15,2014.17,940.16
194,115,1134.15,614.76,1322.34,1289.31
194,157,1616.77,722.92,1700.33,1088.41
194,171,1819.96,769.05,1882.96,988.52
194,174,2191.91,784.43,2271.52,952.24
194,193,2275.7,813.89,2390.58,984.35
194,197,1684.16,764.95,1761.09,1068.2
194,209,1938.42,800.27,1981.28,945.75
194,212,1881.34,787.56,1943.36,963.73
195,6,0.0,448.4,304.15,1428.35
195,7,1293.58,554.53,1613.39,1434.5
195,8,368.51,557.47,650.45,1436.93
195,9,964.23,594.13,1309.86,1393.79
195,50,718.59,604.29,953.96,1397.84
195,90,1746.24,755.38,1845.0,1006.83
195,123,1971.44,807.33,2013.49,941.1
195,115,1129.73,615.19,1319.24,1292.81
195,157,1611.38,723.71,1697.51,1090.39
195,171,1819.89,772.23,1881.77,988.95
195,174,2192.71,784.44,2272.01,952.16
195,193,2274.31,815.88,2389.95,986.58
195,197,1680.64,765.92,1758.69,1070.66
195,209,1938.95,798.61,1982.97,946.19
195,212,1882.93,786.54,1945.09,963.04
195,219,2507.12,752.63,2560.0,1034.91
196,6,0.0,447.87,288.46,1426.63
196,7,1287.2,555.43,1605.86,1433.54
196,8,350.8,559.03,632.63,1434.1
196,9,952.51,594.31,1298.61,1400.6
196,50,705.39,605.17,942.97,1404.66
196,90,1744.82,757.14,1843.14,1008.6
196,123,1971.66,812.59,2012.04,941.44
196,115,1124.45,614.61,1316.01,1294.54
196,157,1607.33,724.77,1696.11,1093.81
196,171,1818.79,774.79,1880.58,993.0
196,174,2192.75,784.68,2272.08,952.97
196,193,2273.21,816.59,2390.81,989.5
196,197,1678.65,767.97,1756.48,1070.89
196,209,1938.49,797.94,1983.72,947.59
196,212,1881.95,787.45,1944.94,967.07
196,219,2507.14,746.65,2560.0,1038.72
196,220,932.4,800.08,976.6,963.52
197,6,0.0,446.42,271.96,1427.7
197,7,1284.04,555.17,1602.09,1432.11
197,8,332.69,560.41,615.1,1433.64
197,9,942.14,593.45,1289.4,1408.42
197,50,694.06,606.41,932.93,1411.44
197,90,1743.01,759.19,1841.37,1012.14
197,123,1972.21,811.04,2013.02,942.08
197,115,1114.5,615.93,1306.92,1296.18
197,157,1603.01,725.95,1694.54,1098.12
197,171,1817.23,774.13,1879.04,993.05
197,174,2193.83,785.5,2272.29,952.86
197,193,2272.69,817.46,2391.51,991.66
197,197,1675.93,768.57,1754.17,1073.14
197,209,1938.18,798.48,1983.66,947.82
197,212,1881.77,788.07,1944.95,968.82
197,219,2503.02,745.62,2560.0,1042.1
197,220,925.82,799.88,970.52,965.06
198,6,0.0,441.48,253.75,1429.71
198,7,1270.62,553.8,1588.1,1431.9
198,8,314.42,559.61,598.27,1432.84
198,9,931.54,593.69,1279.47,1415.49
198,50,676.45,604.61,918.74,1417.74
198,90,1741.53,759.71,1839.24,1013.2
198,123,1971.98,809.83,2012.29,940.78
198,115,1104.64,614.62,1299.73,1299.54
198,157,1599.77,727.3,1692.7,1096.71
198,171,1815.9,772.62,1878.15,994.36
198,174,2194.77,785.52,2273.03,953.15
198,193,2272.69,818.0,2392.28,992.17
198,197,1675.08,772.08,1752.9,1072.98
198,209,1938.45,798.18,1984.66,948.37
198,212,1881.8,788.16,1945.07,969.87
198,219,2498.66,745.04,2556.47,1041.41
198,220,922.07,803.95,965.91,966.76
199,6,0.0,434.32,228.01,1431.0
199,7,1261.43,553.14,1578.56,1432.79
199,8,296.35,557.5,581.94,1433.45
199,9,919.44,594.21,1267.57,1421.6
199,50,658.9,605.13,905.39,1425.62
199,90,1740.01,759.72,1837.39,1015.1
199,123,1972.96,813.05,2011.67,940.97
199,115,1097.08,614.79,1293.82,1301.42
199,157,1596.73,727.6,1691.44,1098.28
199,171,1815.23,771.39,1878.15,996.22
199,174,2195.43,785.37,2273.82,953.75
199,193,2270.94,817.71,2390.94,991.98
199,197,1672.08,770.74,1750.39,1074.04
199,209,1938.53,797.81,1985.45,948.73
199,212,1879.78,787.86,1943.97,972.22
199,219,2494.54,742.54,2553.68,1042.8
200,6,0.0,460.93,208.48,1429.32
200,7,1252.84,550.76,1570.5,1433.05
200,8,278.94,555.51,566.57,1434.2
200,9,909.12,593.72,1258.55,1428.2
200,50,649.34,602.64,897.5,1425.92
200,90,1739.36,760.99,1835.53,1016.37
200,123,1973.44,814.49,2011.13,941.31
200,115,1089.45,613.84,1287.96,1303.78
200,157,1592.71,727.51,1689.35,1102.11
200,171,1815.39,770.4,1878.69,997.92
200,174,2194.5,785.12,2272.9,954.39
200,193,2271.17,818.49,2391.76,993.17
200,197,1670.01,771.25,1748.43,1075.75
200,209,1939.05,797.27,1986.86,949.44
200,212,1878.73,787.93,1943.09,972.38
200,219,2490.61,741.32,2551.14,1043.97
200,224,147.53,816.27,201.19,970.67
201,6,0.0,453.47,176.77,1315.32
201,7,1244.02,547.19,1562.25,1431.04
201,8,259.26,550.84,549.35,1431.33
201,9,899.93,590.55,1250.01,1430.79
201,50,636.8,601.4,886.87,1428.3
201,90,1738.59,761.1,1833.53,1015.65
201,115,1081.98,612.79,1282.65,1307.13
201,157,1590.52,726.76,1688.65,1102.03
201,171,1813.19,769.05,1876.9,997.79
201,174,2193.7,784.92,2271.5,954.48
201,193,2272.2,819.07,2393.08,994.13
201,197,1668.08,771.63,1746.56,1076.54
201,209,1939.24,796.48,1987.96,950.3
201,212,1878.76,788.39,1942.84,971.98
201,219,2487.16,741.11,2549.24,1045.32
201,224,141.63,813.98,197.06,972.35
202,7,1234.22,543.11,1553.61,1429.97
202,8,238.56,548.93,530.55,1430.3
202,9,887.09,588.11,1237.74,1433.63
202,50,624.45,600.79,876.49,1430.45
202,90,1736.57,760.61,1831.11,1015.81
202,115,1073.73,612.73,1276.21,1311.49
202,157,1587.85,726.29,1687.29,1102.9
202,171,1811.73,768.69,1875.03,997.49
202,174,2193.2,784.9,2270.31,954.73
202,193,2273.52,819.17,2394.73,994.78
202,197,1664.79,771.49,1743.27,1077.45
202,209,1939.8,796.08,1989.35,950.7
202,212,1877.54,788.59,1942.11,973.26
202,219,2483.67,741.21,2547.75,1047.57
202,224,140.55,813.29,196.61,972.1
203,7,1223.0,542.39,1543.4,1432.14
203,8,219.14,547.09,513.1,1429.99
203,9,876.31,585.81,1226.27,1434.22
203,50,602.37,597.95,858.7,1430.77
203,90,1734.22,760.71,1829.1,1018.4
203,115,1063.86,613.43,1267.83,1316.32
203,157,1584.96,726.1,1686.06,1105.59
203,171,1812.57,768.71,1875.87,997.82
203,174,2193.32,785.14,2269.46,954.57
203,193,2274.56,819.58,2395.38,994.61
203,197,1664.04,771.41,1740.73,1068.46
203,209,1939.79,797.21,1989.5,950.81
203,212,1876.75,788.91,1941.62,973.83
203,219,2479.36,741.01,2545.62,1047.85
203,224,142.45,813.44,199.05,972.1
204,7,1211.27,538.12,1533.6,1433.08
204,8,196.9,542.2,494.22,1431.12
204,9,865.45,583.07,1215.65,1435.79
204,50,584.75,594.42,844.69,1431.45
204,90,1731.85,760.9,1826.32,1020.1
204,115,1052.27,610.94,1258.17,1320.88
204,157,1579.85,725.39,1682.78,1109.12
204,171,1812.07,768.72,1875.51,998.14
204,174,2193.81,785.79,2269.1,954.72
204,193,2275.97,819.87,2396.2,994.07
204,197,1660.19,770.55,1738.73,1076.08
204,209,1939.49,798.44,1989.38,951.13
204,212,1876.59,789.03,1941.72,974.2
204,219,2476.22,740.97,2544.85,1048.57
204,224,136.07,812.39,192.86,972.38
205,7,1199.24,529.54,1525.36,1432.05
205,8,173.41,535.81,473.65,1429.49
205,9,854.11,580.22,1204.61,1436.94
205,50,568.18,590.44,832.13,1434.24
205,90,1730.7,759.9,1824.62,1019.9
205,115,1040.55,609.82,1247.3,1324.26
205,157,1576.69,724.72,1680.95,1109.5
205,171,1811.69,769.22,1874.96,997.73
205,174,2194.72,786.67,2269.08,954.46
205,193,2276.62,819.59,2396.87,993.72
205,197,1655.82,771.16,1734.33,1076.78
205,209,1938.99,798.81,1989.28,951.57
205,212,1877.89,788.11,1942.64,972.82
205,219,2472.21,740.17,2543.5,1047.87
205,224,132.15,813.11,187.83,971.67
206,7,1189.55,523.18,1520.06,1432.5
206,8,150.06,528.46,453.87,1429.27
206,9,842.33,576.84,1192.73,1437.47
206,50,556.1,587.19,822.25,1435.41
206,90,1730.67,760.22,1822.83,1017.81
206,115,1029.63,607.89,1237.02,1325.43
206,157,1572.29,723.73,1677.93,1109.64
206,171,1811.49,769.92,1874.49,997.46
206,174,2195.09,786.98,2268.8,953.91
206,193,2278.22,819.34,2398.49,993.34
206,197,1652.43,771.5,1730.96,1078.02
206,209,1939.06,798.7,1989.54,951.2
206,212,1878.96,787.68,1943.27,972.11
206,219,2460.52,740.63,2536.16,1047.13
207,7,1178.64,517.58,1512.77,1433.16
207,8,125.19,522.14,432.96,1429.55
207,9,830.6,573.26,1179.89,1433.9
207,50,528.9,583.99,800.61,1434.69
207,90,1728.28,760.48,1819.25,1017.42
207,115,1019.92,604.46,1228.45,1327.62
207,157,1570.36,723.38,1676.32,1106.86
207,171,1811.14,770.59,1873.88,996.92
207,174,2195.79,787.05,2269.46,953.93
207,193,2279.57,817.51,2400.55,992.78
207,197,1650.05,769.18,1729.07,1079.43
207,209,1938.54,798.26,1989.3,950.95
207,212,1879.5,787.94,1943.23,971.17
207,219,2445.95,740.93,2527.78,1046.6
208,7,1169.44,512.87,1507.91,1433.86
208,8,103.86,518.81,414.0,1428.76
208,9,816.52,567.83,1166.71,1435.12
208,50,511.01,578.63,788.72,1434.83
208,90,1727.33,760.4,1818.28,1019.23
208,115,1012.09,603.85,1220.09,1329.86
208,157,1566.87,722.56,1674.3,1108.51
208,171,1810.05,771.25,1872.6,996.94
208,174,2195.94,787.91,2269.06,953.48
208,193,2279.97,818.4,2400.85,993.41
208,197,1648.63,768.85,1728.07,1082.68
208,209,1938.18,798.79,1989.0,951.26
208,212,1879.27,788.45,1942.82,971.31
208,219,2434.75,741.59,2523.36,1046.66
209,7,1158.0,509.25,1500.24,1433.45
209,8,79.08,516.4,392.69,1429.65
209,9,804.88,565.05,1155.41,1436.05
209,50,493.34,576.9,774.79,1432.73
209,90,1725.03,758.62,1815.66,1019.72
209,115,1004.0,602.39,1212.09,1334.3
209,157,1564.84,721.97,1673.67,1109.05
209,171,1809.37,771.25,1872.28,998.27
209,174,2195.27,788.32,2268.75,954.53
209,193,2280.05,818.33,2401.85,994.46
209,197,1645.69,767.86,1724.39,1081.86
209,209,1937.86,798.87,1988.88,951.45
209,212,1878.36,788.57,1942.7,973.55
209,219,2427.27,741.35,2522.76,1046.7
209,242,1501.51,718.15,1605.08,1126.07
210,7,1144.95,507.65,1488.73,1429.84
210,8,53.85,513.62,370.25,1429.97
210,9,791.67,563.44,1142.19,1436.38
210,50,484.5,574.79,768.39,1433.0
210,90,1724.47,759.99,1813.83,1019.53
210,115,994.05,601.64,1202.11,1340.2
210,157,1562.24,721.15,1672.4,1110.68
210,171,1807.44,770.04,1871.27,1001.18
210,174,2195.09,788.8,2268.86,955.57
210,193,2279.25,815.45,2403.03,995.08
210,197,1645.0,767.26,1724.04,1084.78
210,209,1937.44,798.65,1988.77,952.18
210,212,1877.91,787.81,1942.49,973.45
210,219,2422.91,743.98,2524.41,1048.16
210,242,1490.53,715.28,1598.63,1141.88
210,245,1396.23,600.77,1537.65,1431.19
211,7,1129.63,508.64,1475.78,1431.72
211,8,26.53,513.74,345.02,1428.37
211,9,779.77,563.85,1130.11,1437.18
211,50,468.76,575.46,754.48,1431.74
211,90,1722.68,760.25,1812.51,1023.0
211,115,982.98,601.52,1190.53,1346.44
211,157,1559.54,721.73,1670.31,1111.89
211,171,1804.84,768.02,1870.0,1004.28
211,174,2192.6,790.78,2266.21,957.72
211,193,2278.09,814.96,2403.06,996.98
211,197,1644.63,769.33,1722.64,1084.77
211,209,1937.17,799.48,1988.52,953.44
211,212,1874.92,788.77,1940.49,975.17
211,219,2416.5,746.57,2524.36,1049.59
211,242,1488.83,716.69,1595.24,1134.95
211,245,1383.7,582.37,1527.37,1424.3
212,7,1117.15,505.8,1466.89,1431.59
212,8,6.48,513.04,326.6,1428.02
212,9,768.0,562.27,1118.56,1436.63
212,50,446.83,575.77,736.77,1432.15
212,90,1721.3,762.06,1810.13,1023.37
212,115,972.69,601.07,1179.28,1351.98
212,157,1555.31,722.79,1667.56,1116.08
212,171,1801.53,768.76,1866.43,1003.87
212,174,2191.57,791.07,2265.19,958.54
212,193,2278.14,814.96,2402.24,996.57
212,197,1639.97,771.57,1717.65,1086.31
212,209,1936.21,799.99,1987.81,954.83
212,212,1875.59,789.33,1941.26,976.61
212,219,2410.68,749.86,2524.62,1050.93
212,242,1495.59,718.15,1601.07,1132.68
212,245,1372.4,575.78,1516.44,1417.61
213,7,1112.06,503.8,1468.79,1432.17
213,8,0.0,512.12,311.84,1428.0
213,9,754.04,563.55,1103.5,1435.7
213,50,435.83,574.64,727.8,1431.63
213,90,1720.0,764.02,1807.55,1022.91
213,115,963.34,604.42,1169.27,1360.14
213,157,1552.72,724.43,1665.51,1118.76
213,171,1799.14,771.26,1864.27,1006.17
213,174,2190.83,791.51,2264.36,959.18
213,193,2278.11,816.71,2400.99,997.74
213,197,1635.0,773.5,1713.04,1092.24
213,209,1935.21,800.85,1986.57,954.78
213,212,1876.49,790.09,1941.39,975.93
213,219,2406.43,751.09,2527.04,1053.76
213,242,1493.31,715.28,1600.46,1135.71
213,245,1367.61,571.81,1512.77,1418.77
214,7,1105.22,509.1,1467.35,1432.98
214,8,0.0,511.83,300.0,1427.49
214,9,742.69,566.32,1090.43,1433.97
214,50,421.32,575.8,715.53,1432.02
214,90,1718.76,766.27,1805.79,1025.26
214,115,956.1,606.04,1162.77,1369.24
214,157,1548.71,725.98,1662.45,1122.47
214,171,1800.85,772.38,1866.24,1006.74
214,174,2188.26,791.9,2262.32,960.57
214,193,2277.61,817.7,2401.05,1000.24
214,197,1630.54,773.59,1708.7,1096.15
214,209,1933.56,802.9,1984.33,955.41
214,212,1877.75,791.78,1941.97,975.94
214,219,2399.65,752.31,2527.08,1056.25
214,245,1353.16,569.65,1499.84,1420.22
215,7,1087.6,509.02,1452.9,1428.66
215,8,0.0,513.13,287.38,1426.69
215,9,727.7,568.14,1074.31,1432.66
215,50,403.59,577.65,701.01,1434.01
215,90,1717.23,765.83,1804.25,1026.69
215,115,952.6,605.29,1159.61,1373.48
215,157,1546.2,727.93,1660.22,1123.95
215,171,1800.28,773.51,1866.1,1009.22
215,174,2186.92,791.79,2261.94,962.38
215,193,2274.81,820.36,2397.3,1003.4
215,197,1627.25,775.42,1705.16,1099.11
215,209,1932.85,803.66,1983.9,957.25
215,212,1876.76,794.31,1940.6,976.48
215,219,2393.63,751.8,2528.58,1059.72
215,245,1341.78,574.07,1490.08,1424.15
215,251,1678.31,775.8,1728.11,1052.74
216,7,1070.07,514.67,1437.27,1426.89
216,8,0.0,513.15,273.31,1426.54
216,9,713.39,570.05,1059.76,1433.93
216,50,387.54,578.81,686.89,1431.96
216,90,1715.68,767.15,1802.12,1028.2
216,115,948.87,606.08,1156.92,1377.78
216,157,1541.7,730.15,1656.51,1128.45
216,171,1799.82,773.11,1866.47,1010.56
216,174,2186.65,792.56,2261.73,962.83
216,193,2270.78,821.91,2392.49,1005.98
216,197,1622.58,773.41,1700.18,1099.43
216,209,1931.93,805.25,1982.61,957.91
216,212,1875.91,792.22,1940.73,981.26
216,219,2388.48,752.39,2528.95,1059.56
216,245,1329.53,577.22,1479.57,1426.03
216,251,1675.8,776.39,1725.81,1053.11
216,253,1436.39,716.05,1544.02,1188.91
216,254,1848.83,800.41,1899.14,979.29
217,7,1045.55,516.48,1415.55,1426.08
217,8,0.0,513.5,257.95,1427.39
217,9,698.7,569.3,1044.96,1433.22
217,50,372.89,579.57,674.34,1430.8
217,90,1715.6,770.28,1800.98,1029.32
217,115,943.44,603.37,1153.65,1381.37
217,157,1537.04,730.25,1652.72,1131.21
217,171,1798.5,774.52,1864.66,1010.09
217,174,2184.82,793.7,2260.1,964.23
217,193,2268.69,825.17,2387.22,1007.28
217,197,1623.56,777.78,1700.03,1099.51
217,209,1930.63,807.32,1980.92,958.25
217,212,1876.65,796.07,1939.93,981.01
217,219,2376.75,752.83,2520.12,1056.88
217,245,1318.6,579.87,1470.63,1427.01
217,251,1671.04,781.98,1719.27,1045.93
217,253,1435.2,715.42,1543.87,1192.23
217,254,1845.93,799.2,1897.99,984.43
218,7,1026.02,513.84,1399.39,1426.22
218,8,0.0,511.68,242.04,1431.15
218,9,683.09,566.27,1030.26,1433.44
218,50,352.39,578.56,657.88,1430.69
218,90,1712.13,770.3,1797.84,1031.9
218,115,936.06,605.16,1147.61,1384.18
218,157,1534.16,729.88,1650.06,1131.14
218,171,1797.12,776.27,1863.52,1012.45
218,174,2183.82,794.36,2259.23,965.53
218,193,2267.84,827.03,2383.98,1009.13
218,197,1620.45,779.7,1694.94,1096.45
218,209,1929.81,808.26,1979.99,958.48
218,212,1876.56,798.57,1938.73,980.55
218,219,2361.12,752.22,2506.83,1053.65
218,245,1311.19,579.33,1466.17,1429.93
218,253,1440.99,715.97,1550.64,1193.86
218,254,1842.74,802.6,1893.38,982.78
219,7,1007.7,512.77,1385.34,1426.96
219,8,0.0,505.89,226.16,1430.98
219,9,664.9,565.73,1012.05,1433.62
219,50,335.42,576.91,644.4,1431.43
219,90,1708.42,769.38,1794.89,1033.64
219,115,925.2,605.17,1138.34,1387.0
219,157,1529.22,729.96,1645.33,1131.94
219,171,1793.89,776.08,1860.29,1014.37
219,174,2181.92,794.93,2257.62,967.18
219,193,2267.24,824.9,2383.84,1010.58
219,197,1614.77,778.94,1687.92,1096.3
219,209,1928.95,809.0,1979.58,960.69
219,212,1874.44,798.47,1937.0,982.27
219,219,2349.47,752.16,2496.38,1051.88
219,245,1299.64,581.15,1456.76,1429.32
219,253,1446.9,713.85,1553.09,1178.12
219,254,1840.83,804.04,1891.14,983.7
219,251,1665.36,779.98,1716.79,1057.3
220,7,986.06,507.53,1369.33,1426.23
220,8,0.0,502.15,206.29,1429.82
220,9,648.82,565.34,996.61,1435.03
220,50,314.23,573.95,626.89,1431.66
220,90,1705.61,768.79,1792.76,1035.52
220,115,914.93,606.98,1129.34,1390.55
220,157,1524.01,730.3,1641.25,1135.51
220,171,1790.67,775.14,1857.01,1014.65
220,174,2181.01,795.59,2256.81,968.05
220,193,2267.88,829.76,2379.69,1010.19
220,197,1609.98,779.4,1682.82,1102.59
220,209,1926.16,808.52,1977.22,962.15
220,212,1871.82,799.49,1933.82,985.37
220,219,2336.12,752.75,2483.0,1052.85
220,245,1287.3,579.74,1446.92,1427.49
220,253,1442.15,712.97,1545.57,1165.01
220,254,1840.16,797.32,1892.76,985.72
220,251,1660.26,780.76,1711.76,1054.84
220,242,1470.5,721.98,1579.95,1155.22
221,7,964.85,496.46,1357.28,1430.45
221,8,0.0,502.05,184.86,1427.66
221,9,624.77,560.64,972.99,1435.52
221,50,279.71,573.74,598.89,1429.81
221,90,1702.83,768.69,1790.25,1036.42
221,115,881.95,635.75,1082.13,1389.83
221,157,1520.86,729.79,1639.1,1137.73
221,171,1788.77,776.47,1854.45,1014.38
221,174,2178.98,796.52,2254.53,968.12
221,197,1606.35,778.35,1678.83,1106.66
221,209,1925.63,809.46,1976.45,963.27
221,212,1870.9,799.14,1932.61,985.77
221,219,2304.28,752.32,2454.58,1051.61
221,245,1276.45,579.18,1439.29,1429.5
221,254,1839.62,795.83,1892.81,987.32
221,251,1655.86,778.7,1708.72,1056.01
221,259,811.77,650.46,954.47,1303.2
221,261,119.6,820.92,178.16,985.5
221,242,1467.39,722.77,1576.59,1155.24
222,7,939.95,489.48,1339.64,1432.42
222,8,0.0,497.93,167.47,1428.38
222,9,606.41,555.74,955.93,1435.37
222,50,257.34,567.85,583.98,1431.78
222,90,1700.85,768.67,1788.53,1036.63
222,157,1517.18,728.59,1634.65,1133.83
222,171,1786.75,779.32,1851.77,1014.14
222,174,2178.05,797.09,2253.14,967.56
222,197,1601.8,778.66,1672.77,1104.61
222,209,1924.61,810.0,1975.35,963.61
222,212,1870.52,802.75,1930.06,984.96
222,219,2305.21,752.9,2454.41,1053.41
222,245,1263.67,575.92,1429.74,1430.61
222,254,1838.34,799.45,1890.96,989.34
222,251,1648.94,778.05,1702.71,1055.48
222,259,798.14,646.12,941.31,1301.72
222,261,114.68,821.17,173.54,986.04
222,242,1457.42,717.67,1567.82,1154.59
222,262,1368.91,708.77,1495.52,1204.1
223,7,915.64,482.34,1322.16,1432.68
223,9,582.52,549.6,932.6,1435.02
223,50,228.94,561.73,562.98,1432.02
223,90,1696.01,766.83,1784.58,1037.71
223,157,1511.63,727.82,1629.78,1134.95
223,171,1784.17,781.56,1849.29,1016.18
223,174,2176.4,798.03,2251.37,967.67
223,197,1596.67,779.22,1667.53,1109.42
223,209,1922.59,810.86,1973.32,965.05
223,212,1868.06,804.12,1927.05,985.32
223,219,2288.63,752.78,2439.79,1055.17
223,245,1251.47,572.87,1420.01,1430.51
223,254,1834.86,800.64,1887.09,989.37
223,251,1643.77,778.79,1698.72,1059.11
223,259,779.84,642.53,926.09,1311.97
223,261,108.31,822.05,167.66,988.0
223,242,1448.27,717.01,1558.75,1157.69
223,262,1367.16,705.06,1495.11,1204.99
223,264,1617.8,777.9,1699.64,1072.86
224,7,891.56,475.51,1303.93,1431.28
224,9,560.28,545.56,909.87,1434.24
224,50,204.14,558.77,542.88,1429.92
224,90,1692.53,766.26,1781.25,1038.52
224,157,1504.4,727.55,1622.94,1135.95
224,171,1782.29,783.32,1847.35,1016.97
224,174,2174.5,798.59,2249.67,967.87
224,197,1590.98,777.76,1661.43,1110.6
224,209,1920.81,811.68,1971.17,964.84
224,212,1866.25,805.92,1924.94,986.54
224,219,2285.1,753.68,2434.35,1052.56
224,245,1240.06,569.39,1410.65,1428.73
224,254,1833.39,803.76,1885.53,992.04
224,251,1638.8,776.13,1695.02,1058.5
224,259,758.09,638.5,906.18,1311.99
224,242,1435.52,719.17,1547.11,1158.96
224,262,1364.33,706.62,1492.04,1204.93
224,264,1602.84,777.29,1690.36,1093.55
225,7,866.33,471.21,1283.93,1429.48
225,9,534.51,541.66,883.81,1435.04
225,50,180.73,555.01,524.93,1430.99
225,90,1688.37,768.11,1776.46,1039.16
225,157,1499.7,727.16,1618.37,1135.88
225,171,1778.83,783.72,1844.05,1017.42
225,174,2173.74,800.36,2248.72,969.36
225,197,1584.95,767.33,1656.6,1108.69
225,209,1918.53,810.79,1969.38,965.53
225,212,1862.72,806.16,1922.11,988.78
225,219,2280.5,756.91,2431.49,1059.13
225,245,1226.84,568.29,1399.45,1427.95
225,254,1831.26,806.32,1882.83,992.18
225,251,1632.82,773.68,1690.91,1058.26
225,259,739.52,637.95,889.95,1317.42
225,242,1431.37,719.76,1543.08,1157.48
225,262,1360.17,702.54,1489.68,1207.43
225,264,1599.76,777.92,1688.67,1099.79
226,7,837.77,467.64,1260.88,1429.75
226,9,512.81,540.23,860.21,1433.0
226,50,140.06,554.05,491.94,1429.72
226,90,1684.77,770.83,1772.5,1040.86
226,157,1493.98,726.9,1613.77,1139.68
226,171,1776.38,782.48,1842.6,1018.7
226,174,2172.88,801.4,2247.69,969.67
226,197,1580.28,770.39,1649.84,1108.19
226,209,1916.14,811.02,1968.24,968.54
226,212,1859.92,808.12,1918.81,989.86
226,219,2275.06,758.87,2425.96,1059.77
226,245,1209.74,567.89,1385.4,1429.73
226,254,1829.1,806.34,1881.03,992.27
226,251,1624.02,777.43,1684.25,1062.34
226,259,723.81,637.4,876.38,1322.39
226,242,1430.03,721.57,1541.19,1157.6
226,262,1353.08,704.72,1482.96,1210.72
226,264,1586.98,778.77,1673.12,1093.22
227,7,809.54,462.44,1238.31,1428.65
227,9,487.96,541.78,832.74,1433.12
227,50,117.14,554.63,474.15,1429.36
227,90,1682.8,771.65,1770.36,1041.95
227,157,1487.21,726.99,1608.35,1142.52
227,171,1773.07,782.78,1840.57,1020.6
227,174,2171.07,802.89,2245.82,971.12
227,197,1575.86,776.99,1643.58,1109.42
227,209,1914.21,811.54,1966.7,969.9
227,212,1858.73,809.04,1917.31,990.96
227,219,2268.8,760.08,2420.02,1061.69
227,245,1196.03,569.27,1373.67,1429.78
227,254,1823.53,802.54,1876.82,992.81
227,251,1616.78,779.07,1679.26,1067.0
227,259,707.34,637.64,860.94,1321.85
227,242,1424.48,721.86,1536.14,1160.02
227,262,1338.24,707.75,1467.59,1212.85
228,7,779.76,461.01,1214.33,1427.98
228,9,459.78,543.77,800.01,1430.28
228,50,92.22,554.58,453.97,1428.7
228,90,1680.29,774.16,1767.98,1045.55
228,157,1480.48,728.56,1602.86,1145.14
228,171,1768.42,781.9,1836.3,1021.53
228,174,2169.8,804.22,2244.56,972.12
228,197,1570.42,781.98,1636.4,1109.15
228,209,1910.91,812.52,1963.8,970.49
228,212,1853.06,807.12,1912.05,990.46
228,219,2263.01,762.76,2414.24,1065.03
228,245,1178.25,570.16,1358.59,1430.65
228,254,1821.4,807.51,1874.89,998.46
228,251,1617.29,779.07,1682.28,1071.39
228,259,688.37,638.21,843.8,1327.07
228,242,1416.74,723.18,1529.27,1163.38
228,262,1330.88,707.58,1461.14,1216.49
229,7,754.34,463.89,1191.84,1425.92
229,9,434.0,544.56,770.72,1430.15
229,50,51.0,557.36,419.97,1427.82
229,90,1675.88,776.43,1763.03,1046.7
229,157,1473.0,730.85,1595.99,1147.4
229,171,1766.32,784.8,1834.07,1023.56
229,174,2167.59,804.61,2243.31,973.78
229,197,1565.68,785.82,1631.46,1114.64
229,209,1908.23,812.46,1962.29,972.02
229,212,1850.63,808.04,1909.76,992.35
229,219,2257.26,767.15,2407.33,1067.04
229,245,1140.14,571.19,1328.93,1430.97
229,254,1818.35,809.65,1871.4,997.84
229,251,1606.06,781.47,1672.24,1071.23
229,259,664.84,638.62,820.63,1332.89
229,242,1407.5,728.68,1519.36,1165.63
229,262,1314.16,708.8,1446.12,1220.19
230,7,720.52,465.85,1164.51,1427.9
230,9,403.88,544.93,736.57,1431.76
230,50,26.53,561.5,400.02,1429.5
230,90,1672.66,777.81,1759.91,1047.75
230,157,1468.25,731.42,1593.0,1150.11
230,171,1762.94,785.4,1830.86,1024.68
230,174,2166.21,805.52,2242.44,975.49
230,197,1559.49,784.93,1624.49,1112.9
230,209,1906.39,813.61,1960.97,973.69
230,212,1847.51,809.71,1906.47,993.98
230,219,2250.86,769.4,2400.86,1069.54
230,245,1110.7,572.31,1308.22,1430.67
230,254,1815.97,811.13,1868.99,998.41
230,251,1602.47,784.07,1669.65,1073.33
230,259,643.75,653.5,795.73,1337.34
230,242,1399.01,729.38,1512.76,1170.47
230,262,1296.38,709.69,1430.49,1227.47
230,272,1613.77,782.52,1691.65,1067.37
230,264,1580.48,784.55,1661.8,1081.16
231,7,691.05,467.17,1141.83,1428.66
231,9,378.52,546.33,707.32,1432.63
231,50,10.88,562.21,387.42,1430.04
231,90,1668.58,778.45,1756.27,1049.76
231,157,1459.2,733.6,1584.4,1153.07
231,171,1759.2,786.82,1827.6,1027.56
231,174,2165.34,805.95,2242.14,977.1
231,197,1553.3,786.23,1618.23,1116.96
231,209,1904.19,814.44,1958.82,974.69
231,212,1845.23,809.62,1904.65,995.94
231,219,2245.18,772.42,2393.3,1068.93
231,245,1085.16,574.83,1291.58,1433.23
231,254,1813.75,811.12,1868.15,1002.64
231,251,1601.42,784.77,1669.82,1074.76
231,242,1392.24,732.84,1507.38,1175.04
231,262,1291.42,713.68,1426.36,1229.92
231,272,1613.53,785.17,1688.9,1061.74
231,264,1579.09,784.37,1661.04,1081.64
232,7,661.68,465.08,1120.14,1428.43
232,9,355.32,547.59,679.9,1432.6
232,50,0.0,562.63,375.82,1431.06
232,90,1665.66,779.62,1753.72,1051.37
232,157,1452.31,734.65,1578.17,1156.06
232,171,1755.75,787.82,1824.99,1031.15
232,174,2163.52,805.84,2240.47,977.85
232,197,1549.14,788.12,1613.1,1117.13
232,209,1903.67,816.0,1958.13,975.68
232,212,1844.07,808.38,1904.05,998.23
232,219,2240.1,774.66,2387.37,1069.6
232,245,1061.86,574.83,1277.55,1433.99
232,254,1811.43,811.41,1866.3,1004.17
232,251,1600.5,785.57,1667.84,1071.23
232,242,1386.88,736.05,1502.42,1176.26
232,262,1286.35,712.91,1422.36,1232.31
232,272,1615.1,789.28,1684.78,1045.49
232,264,1579.61,788.29,1660.31,1077.34
233,7,631.55,466.19,1096.92,1427.5
233,9,334.33,548.83,656.03,1433.29
233,50,0.0,562.12,362.09,1430.6
233,90,1662.02,781.56,1750.29,1053.85
233,157,1450.24,734.94,1577.66,1158.48
233,171,1754.15,790.52,1822.4,1030.47
233,174,2162.74,806.03,2239.89,979.18
233,197,1544.57,772.55,1611.37,1120.85
233,209,1902.1,817.79,1956.88,978.84
233,212,1843.29,809.58,1903.36,1000.01
233,219,2235.04,774.63,2382.49,1071.08
233,245,1040.81,573.12,1266.24,1431.99
233,254,1809.48,813.11,1864.56,1006.34
233,242,1379.59,733.79,1497.48,1180.14
233,262,1280.6,714.3,1416.97,1233.25
233,272,1609.93,787.93,1682.96,1058.32
233,264,1573.57,789.67,1656.17,1081.84
234,7,602.37,465.44,1076.25,1427.24
234,9,310.92,549.38,630.0,1432.36
234,50,0.0,561.51,348.62,1428.8
234,90,1658.32,782.33,1747.07,1055.75
234,157,1443.8,736.98,1571.35,1160.15
234,171,1751.61,791.0,1819.88,1030.84
234,174,2162.52,807.15,2239.1,979.89
234,197,1538.81,781.21,1606.08,1132.85
234,209,1899.92,819.37,1954.81,979.4
234,212,1841.25,809.73,1901.41,999.55
234,219,2230.15,775.47,2376.81,1071.67
234,245,1017.61,573.49,1253.01,1432.75
234,254,1807.52,814.75,1862.52,1006.64
234,242,1374.52,737.09,1494.01,1183.53
234,262,1271.89,715.59,1407.92,1233.9
234,272,1605.09,786.67,1679.23,1062.96
234,264,1572.64,789.65,1655.96,1079.61
235,7,571.92,463.06,1055.45,1427.94
235,9,289.38,545.95,608.18,1432.4
235,50,0.0,559.6,335.36,1430.11
235,90,1654.76,782.1,1743.71,1056.52
235,157,1440.05,736.79,1568.89,1161.76
235,171,1749.88,790.89,1818.78,1033.12
235,174,2162.49,808.47,2238.02,979.51
235,197,1531.75,784.88,1599.63,1139.16
235,209,1899.92,820.2,1954.43,978.43
235,212,1839.65,810.19,1899.89,999.42
235,219,2223.33,775.62,2368.12,1071.34
235,245,996.95,573.21,1243.25,1435.17
235,254,1805.27,815.77,1861.08,1008.12
235,242,1366.9,738.75,1487.01,1186.02
235,262,1265.29,714.17,1402.81,1239.95
235,272,1602.21,786.35,1675.71,1062.36
235,264,1566.19,789.07,1651.34,1082.15
236,7,540.8,456.85,1036.05,1429.17
236,9,268.46,544.16,587.18,1432.61
236,50,0.0,556.92,322.1,1429.41
236,90,1650.63,781.16,1740.43,1056.71
236,157,1432.34,735.98,1562.31,1165.32
236,171,1745.65,788.83,1815.47,1034.48
236,174,2161.77,808.7,2236.56,978.44
236,197,1527.61,786.68,1595.69,1140.81
236,209,1898.62,819.89,1953.49,978.35
236,212,1837.75,806.75,1898.89,998.77
236,219,2215.36,774.41,2358.4,1067.3
236,245,980.39,572.3,1236.2,1433.67
236,254,1801.92,816.29,1858.26,1008.63
236,242,1359.62,738.68,1480.71,1188.32
236,262,1257.45,715.58,1394.27,1240.7
236,272,1595.13,786.33,1670.14,1070.43
236,264,1563.27,790.32,1647.81,1079.93
237,7,509.73,450.85,1016.85,1429.84
237,9,246.81,540.37,565.94,1432.42
237,50,0.0,554.91,306.37,1430.18
237,90,1650.75,780.98,1740.47,1056.53
237,157,1426.96,734.91,1557.74,1167.12
237,171,1743.61,789.01,1812.97,1033.12
237,174,2160.74,808.9,2234.77,977.97
237,197,1530.33,778.49,1599.06,1132.84
237,209,1897.84,819.0,1953.49,979.36
237,212,1836.45,809.07,1897.1,998.23
237,219,2205.45,772.59,2346.34,1064.14
237,245,960.29,570.43,1226.49,1434.75
237,254,1799.79,812.74,1857.39,1005.99
237,242,1355.11,736.71,1477.62,1189.97
237,262,1249.11,715.95,1385.6,1239.14
237,272,1595.36,788.14,1668.57,1067.39
237,264,1554.13,789.84,1640.21,1085.97
238,7,476.95,442.88,996.09,1428.84
238,9,223.05,537.65,542.48,1429.98
238,50,0.0,553.21,291.5,1433.19
238,90,1649.22,781.3,1738.77,1056.75
238,157,1420.34,734.3,1551.32,1168.82
238,171,1741.39,788.44,1811.33,1033.85
238,174,2159.51,810.03,2232.34,977.14
238,197,1527.75,779.63,1596.56,1129.44
238,209,1895.97,819.49,1951.46,979.59
238,212,1835.26,810.85,1896.18,999.19
238,219,2197.97,771.25,2338.02,1064.65
238,245,943.29,564.1,1219.21,1432.27
238,254,1798.35,815.72,1856.04,1008.59
238,242,1349.06,736.61,1472.47,1191.98
238,262,1242.14,716.39,1378.6,1239.0
238,272,1590.12,791.11,1664.24,1075.49
238,264,1553.19,789.27,1639.5,1089.27
239,7,439.48,432.99,973.0,1430.13
239,9,199.91,532.2,522.53,1431.8
239,50,0.0,547.15,275.62,1431.12
239,90,1646.64,779.83,1736.51,1056.31
239,157,1416.76,734.45,1547.41,1168.36
239,171,1738.79,788.27,1809.25,1034.92
239,174,2158.21,810.2,2230.24,977.37
239,197,1524.66,780.17,1593.52,1126.82
239,209,1895.64,819.44,1951.37,979.94
239,212,1831.76,812.02,1893.09,999.47
239,219,2193.53,769.49,2332.7,1063.84
239,245,923.72,559.58,1210.63,1433.63
239,254,1796.43,816.44,1853.8,1007.58
239,242,1340.81,737.37,1464.95,1194.41
239,262,1234.0,714.43,1371.39,1239.38
239,272,1587.22,790.74,1661.77,1078.59
239,264,1549.56,788.29,1635.61,1088.8
239,251,1575.1,790.39,1644.41,1078.29
240,7,406.49,425.01,953.05,1430.68
240,9,172.91,528.95,497.15,1431.05
240,50,0.0,539.14,258.28,1428.76
240,90,1643.35,780.21,1733.84,1056.79
240,157,1412.81,734.16,1543.13,1168.56
240,171,1737.53,788.09,1808.28,1034.85
240,174,2157.74,810.78,2228.83,978.29
240,197,1521.41,784.74,1591.02,1130.98
240,209,1894.84,819.37,1950.95,980.27
240,212,1830.76,813.27,1892.28,999.66
240,219,2189.69,767.36,2328.03,1063.61
240,245,913.24,555.67,1209.05,1434.85
240,254,1795.42,816.56,1852.88,1007.31
240,242,1334.69,736.23,1458.86,1192.89
240,262,1226.26,713.4,1364.49,1240.1
240,272,1585.46,790.1,1659.64,1078.24
240,264,1549.51,787.01,1635.75,1088.05
241,7,368.58,414.73,930.0,1431.35
241,9,149.7,524.15,475.54,1428.6
241,50,0.0,535.45,241.28,1429.96
241,90,1640.54,780.18,1731.44,1056.88
241,157,1408.57,732.89,1539.32,1169.17
241,171,1735.29,788.88,1805.54,1033.12
241,174,2157.07,810.91,2226.36,976.72
241,197,1517.03,784.12,1587.8,1132.59
241,209,1892.76,818.34,1949.42,980.2
241,212,1829.95,813.13,1891.58,998.43
241,219,2185.4,766.18,2323.33,1064.3
241,245,899.99,552.28,1203.18,1432.78
241,254,1793.34,816.32,1851.36,1007.27
241,242,1329.78,734.36,1454.42,1192.53
241,262,1218.0,709.15,1358.24,1240.55
241,272,1583.81,789.56,1657.32,1076.85
241,264,1548.36,785.59,1633.59,1085.05
242,7,329.32,404.62,905.29,1431.12
242,9,121.05,518.55,451.02,1430.59
242,50,0.0,530.05,223.41,1427.02
242,90,1640.32,779.66,1732.13,1056.73
242,157,1404.86,731.81,1536.54,1171.04
242,171,1733.78,786.36,1804.63,1032.98
242,174,2155.44,808.29,2224.93,978.08
242,197,1512.31,781.96,1584.47,1134.08
242,209,1891.81,818.85,1948.28,979.65
242,212,1827.34,813.06,1889.4,998.87
242,219,2182.39,767.01,2319.39,1064.3
242,245,886.64,547.45,1198.35,1432.48
242,254,1791.18,815.96,1850.03,1008.62
242,242,1323.88,730.81,1450.77,1193.1
242,262,1213.46,706.57,1356.82,1243.04
242,272,1581.88,787.67,1655.05,1075.79
242,264,1543.21,783.23,1630.16,1087.53
243,7,290.58,393.06,881.57,1429.33
243,9,92.83,509.05,426.46,1427.68
243,50,0.0,523.28,193.56,1347.18
243,90,1636.81,778.44,1729.13,1057.63
243,157,1399.49,730.86,1531.51,1171.27
243,171,1732.62,785.46,1804.07,1033.44
243,174,2153.6,810.03,2220.59,977.55
243,197,1507.33,782.98,1579.39,1134.12
243,209,1892.52,818.36,1949.61,980.49
243,212,1825.82,812.07,1888.87,1000.44
243,219,2180.07,766.41,2315.97,1063.9
243,245,871.54,542.5,1190.23,1430.64
243,254,1790.07,815.83,1849.18,1007.92
243,242,1316.05,730.8,1442.24,1191.85
243,262,1208.58,704.37,1356.19,1246.26
243,272,1580.57,787.6,1652.42,1073.15
243,264,1538.98,783.17,1625.43,1087.34
244,7,246.38,381.59,853.62,1427.86
244,9,62.04,506.2,398.56,1426.4
244,50,0.0,521.6,154.89,1214.64
244,90,1633.97,776.27,1726.71,1057.72
244,157,1394.31,730.44,1526.84,1171.25
244,171,1730.66,783.07,1803.05,1033.63
244,174,2151.6,811.33,2215.52,974.53
244,197,1501.87,782.56,1574.81,1138.25
244,209,1891.42,818.36,1948.85,981.0
244,212,1824.51,811.27,1888.54,1002.36
244,219,2176.03,766.84,2311.14,1064.9
244,245,848.77,539.14,1175.01,1430.35
244,254,1788.79,815.46,1848.62,1008.56
244,242,1308.95,724.16,1438.17,1194.42
244,262,1201.91,702.48,1354.59,1249.75
244,272,1579.05,787.67,1649.78,1070.91
244,264,1535.66,784.63,1622.6,1092.96
244,251,1555.67,780.98,1629.3,1081.07
245,7,203.33,374.15,825.19,1426.97
245,9,35.34,500.04,378.14,1428.22
245,50,0.0,521.68,121.48,1146.97
245,90,1631.04,775.39,1724.01,1057.94
245,157,1390.0,729.37,1523.15,1171.5
245,171,1729.46,785.85,1801.2,1033.07
245,174,2150.18,812.89,2211.37,972.1
245,197,1498.15,774.07,1573.17,1137.2
245,209,1892.06,818.25,1949.79,981.19
245,212,1821.61,809.69,1886.86,1004.14
245,219,2172.75,768.18,2307.1,1066.12
245,245,823.9,536.0,1156.44,1431.14
245,254,1785.91,815.64,1846.21,1008.32
245,242,1304.88,726.84,1433.51,1194.61
245,262,1196.44,700.09,1355.02,1250.2
245,272,1576.89,786.49,1647.3,1072.26
245,264,1532.58,784.17,1619.12,1091.78
245,283,1087.68,716.92,1223.08,1290.2
246,7,159.89,368.18,797.44,1427.75
246,9,17.54,496.0,366.27,1427.73
246,90,1628.8,776.21,1721.4,1057.71
246,157,1386.77,728.43,1520.92,1173.1
246,171,1727.46,786.05,1799.88,1034.49
246,197,1496.29,774.77,1572.44,1137.29
246,209,1891.44,817.76,1949.32,981.24
246,212,1818.33,806.4,1885.29,1005.17
246,219,2168.33,770.53,2301.91,1066.35
246,245,806.57,532.14,1145.78,1429.36
246,254,1783.07,816.0,1843.66,1008.13
246,242,1300.43,727.53,1429.82,1197.09
246,262,1189.94,700.41,1354.19,1253.73
246,272,1573.21,786.24,1644.0,1074.78
246,264,1529.32,784.78,1614.97,1090.9
246,283,1083.06,720.12,1217.82,1291.04
246,285,2296.97,842.29,2366.08,964.54
247,7,109.75,358.68,765.95,1428.14
247,9,0.0,491.66,340.29,1429.22
247,90,1626.69,777.8,1719.26,1059.0
247,157,1380.56,729.37,1515.26,1175.28
247,171,1725.63,786.13,1798.8,1036.77
247,197,1491.24,779.42,1566.87,1138.93
247,209,1891.39,818.76,1949.37,982.11
247,212,1817.31,805.11,1885.01,1005.37
247,219,2163.73,773.86,2297.23,1068.02
247,245,783.23,531.11,1127.67,1428.17
247,254,1782.06,816.89,1843.36,1009.53
247,242,1295.88,728.33,1426.46,1199.96
247,262,1184.11,701.79,1352.95,1256.61
247,272,1569.13,784.34,1640.1,1073.99
247,264,1531.04,786.4,1615.45,1090.47
247,283,1074.02,724.41,1209.55,1298.55
247,285,2293.52,842.18,2363.69,965.99
248,7,64.61,352.35,736.46,1426.11
248,9,0.0,485.89,320.26,1427.17
248,90,1624.68,779.38,1717.25,1060.9
248,157,1374.31,729.22,1509.38,1176.52
248,171,1723.72,785.47,1797.46,1038.0
248,197,1487.58,779.4,1563.5,1137.45
248,209,1889.89,819.79,1947.77,983.17
248,212,1816.35,807.07,1884.07,1007.12
248,219,2159.43,776.06,2293.3,1069.54
248,245,763.7,530.13,1113.49,1427.33
248,254,1779.45,816.15,1841.76,1010.38
248,242,1289.85,729.3,1420.77,1201.37
248,262,1175.33,705.15,1348.76,1260.78
248,272,1565.48,784.87,1637.55,1081.3
248,264,1526.78,783.79,1610.3,1094.12
248,283,1062.78,724.18,1200.14,1305.66
248,285,2288.96,841.68,2360.87,967.94
249,7,35.98,346.88,717.83,1423.25
249,9,0.0,485.58,278.63,1248.87
249,90,1623.48,779.35,1716.54,1062.89
249,157,1369.27,728.62,1505.76,1181.26
249,171,1722.3,785.05,1796.63,1038.35
249,197,1482.9,779.37,1560.25,1140.3
249,209,1892.15,819.61,1949.91,983.01
249,212,1817.7,811.7,1881.64,1001.72
249,219,2154.69,778.03,2289.12,1070.14
249,245,745.32,532.43,1099.0,1425.96
249,254,1778.93,816.96,1841.44,1010.87
249,242,1283.5,728.75,1415.65,1204.56
249,262,1166.15,704.87,1343.93,1263.15
249,272,1562.16,785.89,1634.17,1084.43
249,264,1523.46,785.99,1607.18,1101.32
249,283,1054.32,725.13,1192.94,1310.45
250,7,19.13,342.17,708.83,1421.66
250,90,1620.96,778.81,1714.48,1064.27
250,157,1364.64,729.45,1501.7,1184.0
250,171,1719.95,786.06,1794.83,1040.96
250,197,1477.18,781.74,1554.96,1142.42
250,209,1892.59,819.68,1950.8,984.17
250,212,1818.13,813.04,1880.75,1001.35
250,219,2148.21,780.26,2284.24,1071.77
250,245,727.04,532.18,1086.12,1427.48
250,254,1776.02,818.09,1839.36,1015.13
250,242,1277.83,728.88,1410.81,1206.22
250,262,1158.63,705.01,1340.64,1264.71
250,272,1560.36,786.86,1630.98,1080.58
250,264,1516.93,785.57,1601.55,1104.79
250,283,1045.81,727.16,1185.74,1314.74
250,115,580.03,575.83,792.75,1430.98
251,7,1.12,336.37,696.45,1421.91
251,90,1617.99,778.81,1711.54,1065.27
251,157,1358.55,728.82,1496.82,1188.13
251,171,1716.99,786.77,1792.64,1041.76
251,197,1470.62,780.37,1549.65,1142.99
251,209,1890.02,820.24,1947.72,984.0
251,212,1814.29,809.39,1879.49,1006.72
251,219,2143.34,780.04,2281.46,1072.63
251,245,706.47,532.82,1070.08,1426.75
251,254,1774.03,818.49,1837.3,1016.62
251,242,1274.14,725.87,1409.84,1209.52
251,262,1150.13,703.42,1336.2,1266.58
251,272,1554.69,787.72,1626.22,1085.43
251,264,1516.13,785.4,1598.0,1098.48
251,283,1034.99,725.94,1176.36,1314.92
251,115,566.05,571.6,772.31,1431.91
252,7,0.0,329.66,680.31,1422.53
252,90,1613.81,779.11,1706.94,1063.76
252,157,1352.69,728.74,1491.19,1189.58
252,171,1712.6,784.63,1788.58,1041.88
252,197,1464.89,779.4,1545.24,1144.97
252,209,1888.43,821.45,1946.26,985.82
252,212,1811.84,807.18,1878.05,1007.87
252,219,2138.07,779.92,2278.37,1073.4
252,245,679.38,531.42,1049.39,1429.75
252,254,1772.75,818.91,1835.32,1014.55
252,242,1270.19,725.68,1408.59,1212.58
252,262,1139.46,697.82,1331.43,1269.08
252,272,1549.65,788.54,1620.46,1085.13
252,264,1516.65,785.32,1598.78,1097.58
252,283,1023.0,726.59,1167.39,1320.21
252,115,548.46,570.03,751.53,1431.54
252,193,2251.21,845.22,2362.48,1022.93
253,7,0.0,321.63,664.13,1421.88
253,90,1610.49,779.55,1703.39,1063.38
253,157,1347.48,729.13,1486.29,1192.15
253,171,1708.93,784.98,1784.65,1042.05
253,197,1458.42,780.16,1539.8,1146.1
253,209,1888.95,822.99,1946.24,985.88
253,212,1810.39,806.33,1877.06,1009.05
253,219,2131.27,780.53,2272.84,1073.97
253,245,658.75,528.4,1035.44,1429.7
253,254,1771.36,819.4,1833.83,1014.15
253,242,1261.45,726.18,1401.04,1214.87
253,262,1129.05,698.04,1323.46,1269.15
253,272,1548.23,788.34,1618.88,1083.92
253,264,1513.98,784.54,1596.65,1096.39
253,283,1013.14,725.76,1160.88,1323.66
253,115,532.2,565.91,734.52,1433.99
253,193,2248.13,846.22,2363.19,1029.63
253,251,1531.97,786.68,1607.32,1088.07
254,7,0.0,311.06,647.12,1421.86
254,90,1607.93,779.85,1701.13,1065.22
254,157,1342.49,728.35,1482.05,1194.12
254,171,1707.04,786.79,1782.67,1043.07
254,197,1451.13,781.53,1534.06,1147.45
254,209,1888.83,823.01,1946.44,986.29
254,212,1809.23,808.31,1874.98,1007.87
254,219,2125.49,780.88,2267.27,1072.41
254,245,632.67,525.79,1018.04,1429.8
254,254,1769.36,819.24,1832.7,1014.91
254,242,1254.4,726.22,1393.82,1214.0
254,262,1121.46,695.94,1319.65,1271.63
254,272,1545.6,788.58,1616.94,1086.96
254,264,1506.99,786.9,1589.44,1097.96
254,283,1000.75,724.67,1151.99,1326.69
254,115,512.17,564.24,713.63,1435.38
254,193,2247.61,845.23,2366.74,1035.7
254,251,1528.25,788.68,1602.32,1084.56
255,7,0.0,301.03,629.38,1423.09
255,90,1605.94,778.95,1699.16,1065.39
255,157,1335.38,727.72,1475.73,1195.23
255,171,1703.76,784.95,1780.32,1043.69
255,197,1447.29,781.02,1532.1,1148.79
255,209,1889.84,824.01,1946.7,986.01
255,212,1805.42,804.78,1872.62,1009.4
255,219,2117.53,779.81,2259.26,1069.19
255,245,608.96,523.32,1002.5,1429.47
255,254,1766.82,820.35,1829.96,1015.65
255,242,1246.44,727.77,1385.84,1214.67
255,262,1112.04,696.12,1312.2,1273.66
255,272,1543.66,787.96,1615.06,1087.65
255,264,1504.12,788.79,1586.46,1100.71
255,283,989.79,723.88,1144.55,1329.47
255,115,492.85,564.1,692.23,1432.8
255,193,2247.38,845.1,2367.04,1036.7
256,7,0.0,288.46,608.96,1422.74
256,90,1601.43,778.89,1695.56,1068.05
256,157,1329.9,725.68,1471.24,1195.79
256,171,1702.45,782.53,1780.23,1044.01
256,197,1441.51,778.72,1527.55,1148.48
256,209,1885.36,821.86,1942.98,985.51
256,212,1803.06,804.36,1869.8,1008.15
256,219,2111.05,776.7,2252.36,1064.38
256,245,583.26,518.35,987.32,1431.85
256,254,1764.89,820.42,1828.23,1015.66
256,242,1238.32,726.53,1377.92,1214.95
256,262,1103.98,696.73,1305.54,1275.26
256,272,1539.29,786.43,1610.98,1087.01
256,264,1501.59,787.93,1582.9,1098.63
256,283,979.1,718.81,1138.02,1330.4
256,115,471.84,561.68,669.67,1431.42
256,193,2243.66,846.29,2362.06,1036.54
257,7,0.0,274.04,586.27,1422.79
257,90,1597.31,776.91,1692.07,1068.33
257,157,1324.57,724.78,1465.28,1192.57
257,171,1699.95,782.29,1778.11,1043.79
257,197,1437.07,779.05,1522.97,1148.25
257,209,1883.56,821.29,1941.85,986.51
257,212,1801.01,804.14,1867.63,1007.56
257,219,2105.19,775.58,2246.14,1062.54
257,245,558.44,510.55,971.73,1430.45
257,254,1762.8,820.23,1826.04,1014.96
257,242,1231.97,726.6,1371.89,1215.98
257,262,1094.88,696.49,1298.85,1277.63
257,272,1534.92,787.44,1606.4,1088.17
257,264,1492.22,784.08,1575.42,1101.91
257,283,968.4,717.7,1131.06,1334.13
257,115,453.9,558.31,651.71,1432.89
257,193,2238.55,846.11,2359.07,1038.53
258,7,0.0,255.71,562.83,1422.07
258,90,1595.7,776.24,1690.68,1067.4
258,157,1318.46,723.05,1458.85,1190.42
258,171,1697.42,779.99,1776.29,1042.66
258,197,1431.89,781.07,1518.58,1148.27
258,209,1881.0,821.73,1939.98,987.57
258,212,1799.3,806.28,1865.27,1006.7
258,219,2100.08,774.33,2241.48,1062.59
258,245,536.91,505.94,957.31,1427.78
258,254,1761.37,820.25,1824.6,1013.14
258,242,1226.48,726.24,1367.14,1218.16
258,262,1085.73,691.17,1292.25,1278.07
258,272,1533.8,786.22,1604.46,1086.06
258,264,1479.5,780.14,1566.93,1110.69
258,283,955.08,714.7,1122.38,1336.51
258,115,431.97,554.67,629.49,1432.18
258,193,2233.62,846.15,2354.11,1036.93
259,7,0.0,237.71,536.57,1421.44
259,90,1593.46,777.46,1687.93,1068.1
259,157,1311.54,721.64,1452.66,1191.91
259,171,1694.1,781.02,1772.24,1041.47
259,197,1425.92,776.26,1514.33,1148.47
259,209,1879.69,820.51,1939.19,986.75
259,212,1795.85,807.45,1862.13,1008.46
259,219,2094.25,773.18,2236.16,1062.34
259,245,512.88,502.0,941.03,1428.27
259,254,1756.63,818.11,1821.37,1016.03
259,242,1218.32,723.38,1359.76,1220.62
259,262,1075.9,685.97,1285.66,1280.73
259,272,1532.86,785.83,1603.06,1087.57
259,264,1474.42,779.52,1562.81,1110.95
259,283,945.11,712.27,1115.96,1339.13
259,115,404.63,551.19,604.13,1430.4
259,193,2228.65,845.53,2351.4,1038.15
260,7,0.0,221.76,508.97,1421.22
260,90,1590.0,777.6,1684.09,1067.73
260,157,1304.48,719.76,1446.16,1192.46
260,171,1691.31,779.68,1769.71,1041.67
260,197,1418.54,776.57,1508.12,1149.02
260,209,1878.11,820.91,1937.5,986.42
260,212,1793.24,806.59,1860.46,1010.16
260,219,2090.66,772.31,2232.1,1059.68
260,245,487.38,495.79,923.96,1428.6
260,254,1754.57,818.22,1818.7,1013.16
260,242,1211.71,719.16,1354.35,1221.48
260,262,1067.61,683.73,1278.64,1279.96
260,272,1524.33,785.6,1594.64,1087.95
260,264,1472.71,778.92,1560.48,1108.61
260,283,935.09,707.95,1109.28,1338.8
260,115,378.63,547.19,581.45,1432.49
260,193,2226.41,845.74,2350.31,1038.58
261,7,0.0,215.16,473.97,1424.07
261,90,1585.6,776.9,1680.18,1068.13
261,157,1297.08,718.94,1438.79,1192.84
261,171,1691.03,780.68,1770.03,1042.75
261,197,1412.12,770.92,1503.86,1149.12
261,209,1877.59,820.7,1937.1,985.88
261,212,1790.52,808.18,1857.23,1009.78
261,219,2086.55,772.28,2228.9,1060.64
261,245,463.14,492.23,907.15,1429.18
261,254,1751.19,818.35,1816.09,1015.82
261,242,1204.76,715.58,1349.13,1223.96
261,262,1056.11,679.04,1270.34,1281.97
261,272,1519.08,784.49,1589.89,1089.44
261,264,1472.39,778.74,1557.98,1102.79
261,283,925.74,707.26,1102.71,1343.39
261,115,343.09,545.3,550.23,1433.06
261,193,2223.08,845.7,2347.82,1038.7
262,7,0.0,222.34,433.26,1424.74
262,90,1581.01,776.36,1675.94,1068.55
262,157,1290.14,718.37,1432.31,1193.49
262,171,1688.17,782.87,1767.37,1043.87
262,197,1405.25,773.97,1497.77,1150.66
262,209,1877.48,820.74,1937.26,985.8
262,212,1788.25,808.68,1855.64,1012.33
262,219,2081.36,773.01,2224.03,1061.96
262,245,438.15,489.14,889.36,1430.18
262,254,1747.91,814.77,1814.12,1016.01
262,242,1197.42,716.62,1341.63,1222.64
262,262,1047.23,679.35,1262.56,1285.62
262,272,1516.05,783.75,1586.94,1089.76
262,264,1470.68,777.76,1555.48,1101.31
262,283,914.28,708.48,1093.5,1347.08
262,115,311.45,543.64,522.68,1428.96
262,193,2221.1,845.37,2347.38,1039.73
263,7,0.0,383.53,361.92,1426.73
263,90,1578.81,777.06,1673.42,1068.81
263,157,1284.03,718.66,1426.35,1196.49
263,171,1682.96,782.48,1762.82,1045.24
263,197,1400.07,776.17,1493.24,1152.5
263,209,1877.54,820.39,1937.75,986.6
263,212,1784.9,806.52,1853.31,1014.29
263,219,2076.15,774.95,2218.43,1062.32
263,245,412.12,486.01,869.77,1429.56
263,254,1745.35,814.84,1812.24,1017.63
263,242,1188.05,717.71,1332.45,1226.09
263,262,1036.73,681.42,1252.55,1288.96
263,272,1510.91,782.71,1581.66,1088.47
263,264,1465.28,776.43,1550.51,1103.0
263,283,900.52,707.94,1083.05,1351.74
263,115,244.58,540.22,473.58,1432.9
263,193,2219.15,844.64,2346.26,1039.32
264,7,0.0,463.11,300.53,1382.06
264,90,1576.61,777.48,1671.11,1070.46
264,157,1277.1,720.24,1419.8,1200.14
264,171,1678.34,785.36,1757.51,1045.86
264,197,1392.64,776.45,1487.02,1154.76
264,209,1875.87,820.42,1936.49,987.75
264,212,1782.22,803.33,1852.03,1016.27
264,219,2071.24,776.73,2213.13,1062.68
264,245,387.62,484.55,852.47,1431.88
264,254,1743.72,812.46,1811.31,1016.91
264,242,1178.43,719.09,1321.68,1224.41
264,262,1030.53,682.62,1247.54,1292.61
264,272,1508.65,782.29,1579.24,1090.79
264,264,1460.6,776.68,1545.44,1103.45
264,283,885.3,707.39,1071.95,1358.36
264,115,204.63,545.5,445.97,1436.69
264,193,2220.01,843.96,2350.74,1042.12
265,90,1571.74,777.98,1666.35,1071.93
265,157,1268.73,721.59,1411.57,1202.38
265,171,1674.2,784.89,1754.49,1047.11
265,197,1383.46,774.03,1479.8,1156.95
265,209,1876.28,821.06,1937.34,988.81
265,212,1780.33,804.22,1849.6,1016.21
265,219,2067.52,779.66,2208.78,1063.67
265,245,362.52,487.07,831.72,1431.41
265,254,1741.58,817.77,1807.61,1017.41
265,242,1169.22,720.59,1313.9,1230.33
265,262,1020.73,684.46,1238.84,1297.09
265,272,1506.02,784.76,1575.93,1091.99
265,264,1456.09,778.02,1541.25,1108.98
265,283,867.79,707.76,1058.18,1361.5
265,115,171.69,545.06,425.45,1436.34
265,193,2216.35,845.04,2347.77,1043.61
266,90,1566.23,780.22,1660.99,1073.53
266,157,1262.08,722.08,1405.37,1205.85
266,171,1670.39,786.04,1750.56,1048.73
266,197,1376.42,773.04,1473.82,1158.42
266,209,1874.0,822.53,1934.62,988.88
266,212,1778.31,802.55,1848.41,1017.38
266,219,2063.83,782.31,2204.57,1063.62
266,245,333.69,488.4,807.01,1430.41
266,254,1738.81,820.74,1803.84,1016.74
266,242,1160.3,722.5,1306.44,1238.04
266,262,1007.94,684.49,1228.67,1303.89
266,272,1500.99,785.24,1571.29,1097.95
266,264,1451.34,781.11,1535.63,1110.83
266,283,859.53,709.42,1053.03,1367.95
266,115,146.92,547.61,411.49,1436.85
266,193,2213.75,844.75,2345.81,1044.61
267,90,1564.08,781.44,1659.61,1076.5
267,157,1255.6,722.61,1398.97,1208.43
267,171,1667.18,786.95,1747.09,1050.15
267,197,1370.39,776.55,1469.08,1162.96
267,209,1873.17,823.53,1934.48,990.79
267,212,1775.15,800.6,1844.9,1015.54
267,219,2060.58,785.04,2201.11,1064.6
267,245,308.62,488.19,787.75,1429.87
267,254,1737.22,821.52,1802.62,1018.26
267,242,1148.87,723.61,1294.73,1241.69
267,262,998.76,685.56,1221.5,1309.04
267,272,1496.24,786.24,1566.3,1099.41
267,264,1445.71,780.99,1530.82,1113.35
267,283,844.49,709.28,1042.8,1375.73
267,115,158.82,547.86,423.55,1434.19
267,193,2211.39,844.02,2344.72,1045.75
267,310,2509.08,715.93,2556.98,1188.86
268,90,1560.51,782.92,1656.32,1078.37
268,157,1248.49,723.82,1392.71,1212.98
268,171,1666.41,785.32,1747.35,1051.12
268,197,1365.01,780.61,1464.45,1166.26
268,209,1872.5,825.85,1933.74,992.34
268,212,1773.46,799.41,1843.84,1017.58
268,219,2057.31,787.73,2197.99,1066.25
268,245,282.9,489.13,768.51,1430.75
268,254,1735.24,822.15,1800.86,1018.87
268,242,1141.5,723.35,1288.95,1249.75
268,262,988.47,688.33,1211.2,1314.2
268,272,1492.44,787.05,1562.32,1102.34
268,264,1441.37,779.91,1527.06,1115.21
268,283,830.91,708.81,1033.5,1378.72
268,115,149.7,551.09,414.22,1433.23
268,193,2210.29,846.55,2343.05,1046.33
268,310,2503.94,709.47,2553.06,1191.54
269,90,1556.83,784.35,1652.98,1080.63
269,157,1241.37,725.78,1385.71,1216.53
269,171,1664.89,784.82,1746.61,1052.84
269,197,1359.26,781.87,1459.91,1169.16
269,209,1873.35,825.61,1935.21,993.53
269,212,1772.1,798.43,1842.43,1017.24
269,219,2053.69,789.19,2195.19,1068.5
269,245,259.09,490.05,751.5,1431.09
269,254,1733.29,823.26,1799.5,1021.37
269,242,1134.09,723.88,1282.82,1253.84
269,262,977.21,689.2,1201.4,1319.49
269,264,1435.52,783.46,1520.52,1117.35
269,283,821.16,710.33,1027.9,1384.95
269,115,136.32,552.54,401.19,1434.03
269,193,2207.31,847.56,2341.84,1049.11
269,310,2493.33,704.5,2544.18,1193.79
269,251,1481.21,790.66,1559.4,1106.69
270,90,1553.27,783.91,1650.2,1082.49
270,157,1234.11,726.39,1379.26,1221.13
270,171,1662.56,789.1,1743.85,1055.46
270,197,1353.51,785.73,1454.55,1171.17
270,209,1870.61,827.0,1932.49,994.57
270,212,1769.69,804.97,1838.58,1018.79
270,219,2050.81,790.65,2192.25,1069.63
270,245,233.57,487.42,732.94,1429.78
270,254,1731.18,824.06,1797.28,1022.56
270,242,1128.0,724.3,1277.34,1254.23
270,262,966.29,690.75,1192.02,1324.86
270,264,1432.77,786.02,1517.42,1120.15
270,283,810.87,711.61,1021.39,1390.42
270,115,121.25,553.69,386.73,1432.94
270,193,2203.76,844.61,2340.37,1049.29
270,310,2484.14,705.19,2536.34,1189.42
270,251,1484.08,789.22,1559.1,1105.08
271,90,1550.67,785.19,1647.5,1083.51
271,157,1227.77,725.94,1373.47,1224.09
271,171,1658.95,790.13,1739.97,1056.9
271,197,1348.5,785.14,1450.31,1172.5
271,209,1869.41,827.03,1932.55,995.62
271,212,1767.48,806.33,1836.18,1019.21
271,219,2045.11,790.77,2187.0,1072.15
271,245,212.34,486.22,719.56,1430.53
271,254,1729.31,824.48,1795.8,1023.16
271,242,1118.93,725.14,1269.16,1257.48
271,262,957.49,690.14,1185.06,1327.24
271,264,1429.2,788.23,1512.99,1119.1
271,283,802.64,711.34,1017.06,1396.71
271,115,103.8,552.49,370.22,1433.36
271,193,2202.77,844.37,2339.96,1049.34
271,310,2477.2,704.68,2533.23,1202.64
271,251,1481.85,787.04,1556.03,1105.86
272,90,1547.9,786.07,1645.16,1086.3
272,157,1223.31,725.89,1368.99,1224.9
272,171,1656.9,795.79,1736.42,1058.19
272,197,1342.49,784.44,1446.42,1176.73
272,209,1866.8,827.78,1930.05,996.02
272,212,1765.73,808.88,1833.79,1018.43
272,219,2043.95,789.9,2185.79,1071.98
272,245,192.07,487.74,705.07,1428.7
272,254,1727.67,825.48,1794.3,1023.72
272,242,1111.31,725.73,1261.46,1257.29
272,262,947.02,690.12,1175.97,1329.97
272,264,1426.92,789.93,1510.48,1120.81
272,283,791.94,710.68,1009.98,1401.51
272,115,91.31,550.26,358.33,1430.95
272,193,2202.93,847.62,2339.3,1050.22
272,310,2470.24,706.0,2529.67,1205.4
272,251,1479.05,788.89,1551.88,1107.93
273,90,1545.41,786.35,1642.52,1086.62
273,157,1217.8,725.79,1363.67,1226.37
273,171,1654.07,796.12,1733.51,1058.08
273,197,1338.11,785.05,1442.8,1176.84
273,209,1864.17,828.43,1927.43,996.22
273,212,1763.65,808.82,1832.22,1019.24
273,219,2042.51,789.48,2184.01,1072.06
273,245,171.82,486.39,692.57,1428.5
273,254,1725.43,825.87,1792.61,1024.16
273,242,1103.54,721.08,1256.92,1260.6
273,262,938.93,690.7,1168.22,1331.81
273,264,1422.8,791.42,1506.18,1122.41
273,283,782.67,709.19,1005.08,1407.57
273,115,81.32,550.35,347.79,1429.87
273,193,2202.71,848.93,2339.31,1050.9
273,310,2452.48,706.08,2517.81,1208.0
273,251,1474.94,788.59,1547.99,1109.49
274,90,1543.55,786.17,1640.2,1085.9
274,157,1212.86,725.58,1358.78,1227.4
274,171,1651.65,797.16,1731.08,1058.16
274,197,1333.59,784.85,1439.22,1177.3
274,209,1863.97,829.06,1927.52,996.38
274,212,1763.13,810.51,1831.52,1019.07
274,219,2040.88,787.73,2182.44,1072.29
274,245,149.01,484.6,678.82,1431.01
274,254,1723.17,825.86,1791.05,1024.31
274,242,1095.33,721.36,1249.59,1261.69
274,262,933.66,686.67,1165.28,1333.18
274,264,1417.81,789.59,1502.48,1124.26
274,283,772.5,707.09,999.55,1413.52
274,115,63.87,550.06,332.21,1431.02
274,193,2202.55,849.76,2339.59,1051.81
274,310,2426.29,708.59,2500.32,1208.01
274,251,1469.84,787.86,1543.09,1110.5
275,90,1542.01,784.7,1639.01,1086.87
275,157,1207.98,725.32,1354.25,1229.08
275,171,1649.84,795.31,1729.96,1057.75
275,197,1328.81,779.11,1436.97,1178.72
275,209,1864.74,829.9,1928.42,996.61
275,212,1762.54,813.72,1830.74,1021.16
275,219,2039.46,786.35,2180.09,1071.45
275,245,134.68,480.99,672.93,1430.57
275,254,1722.74,825.73,1791.17,1024.24
275,242,1088.82,721.34,1244.27,1263.7
275,262,925.7,686.72,1158.84,1336.2
275,264,1414.27,788.78,1499.69,1127.05
275,283,761.35,703.39,992.34,1416.17
275,115,47.48,547.03,316.39,1426.98
275,193,2202.04,849.78,2339.66,1052.41
275,310,2404.34,710.47,2489.02,1207.1
275,251,1465.04,787.6,1538.81,1111.25
276,90,1539.23,780.56,1637.54,1086.61
276,157,1202.88,723.26,1349.56,1229.26
276,171,1648.87,792.84,1729.72,1057.58
276,197,1323.55,776.12,1433.23,1178.25
276,209,1863.19,830.45,1927.04,996.89
276,212,1762.31,813.94,1830.21,1020.2
276,219,2038.44,785.7,2178.04,1070.94
276,245,118.25,478.02,663.5,1429.35
276,254,1722.18,826.16,1791.19,1024.63
276,242,1079.71,722.12,1234.24,1261.79
276,262,913.86,683.84,1148.56,1337.56
276,264,1411.64,786.83,1497.47,1127.28
276,283,751.16,701.78,985.32,1417.22
276,115,29.62,544.01,301.25,1427.3
276,193,2201.53,848.92,2340.23,1053.08
276,310,2387.05,711.53,2483.66,1207.06
276,251,1463.97,784.58,1539.19,1113.32
277,90,1537.21,782.13,1634.96,1086.46
277,157,1197.95,720.52,1345.91,1231.63
277,171,1647.35,793.11,1728.59,1058.25
277,197,1319.08,776.45,1429.45,1177.86
277,209,1862.19,830.44,1926.44,997.04
277,212,1762.03,815.16,1829.83,1020.4
277,219,2037.47,785.74,2175.06,1068.99
277,245,100.14,470.52,654.75,1428.07
277,254,1721.04,826.55,1790.42,1025.1
277,242,1071.85,721.93,1225.74,1262.92
277,262,907.11,680.8,1144.02,1338.73
277,264,1408.49,784.94,1495.43,1127.39
277,283,740.94,701.1,978.55,1420.33
277,115,6.33,538.31,279.8,1427.28
277,193,2202.14,848.16,2341.73,1053.41
277,310,2372.63,712.18,2482.02,1208.34
277,251,1459.43,784.35,1534.15,1111.7
278,90,1534.77,781.58,1632.74,1086.21
278,157,1191.99,718.83,1340.76,1233.97
278,171,1644.97,788.8,1727.7,1057.02
278,197,1316.27,776.37,1427.66,1178.38
278,209,1862.36,830.1,1926.91,996.98
278,212,1761.29,814.86,1829.65,1021.22
278,219,2036.36,784.84,2172.68,1067.67
278,245,80.93,463.07,644.44,1427.78
278,254,1720.19,826.28,1790.3,1025.59
278,242,1065.86,720.11,1220.38,1264.5
278,262,897.86,674.99,1138.31,1340.97
278,264,1404.6,783.04,1493.1,1129.93
278,283,730.39,697.45,972.04,1423.94
278,115,0.0,532.87,274.68,1425.9
278,193,2202.76,848.36,2342.83,1053.92
278,310,2361.36,713.09,2483.5,1210.1
278,251,1457.45,782.56,1532.97,1113.46
278,317,2141.79,820.79,2202.26,987.99
279,90,1533.85,780.54,1632.28,1085.72
279,157,1187.32,719.76,1336.48,1235.54
279,171,1643.61,785.97,1727.37,1056.4
279,197,1313.23,775.89,1425.77,1178.78
279,209,1862.49,829.79,1927.19,996.78
279,212,1760.78,814.38,1829.28,1021.24
279,219,2033.94,784.63,2169.87,1069.01
279,245,62.13,455.44,634.57,1427.96
279,254,1719.28,825.86,1789.92,1025.64
279,242,1062.66,720.68,1217.94,1266.68
279,262,891.93,674.36,1133.37,1340.66
279,264,1403.25,781.71,1492.06,1129.23
279,283,717.92,694.52,963.06,1425.18
279,115,0.0,529.63,264.69,1428.2
279,193,2202.42,847.87,2342.97,1053.54
279,310,2353.73,711.5,2488.44,1211.41
279,251,1452.62,783.55,1528.93,1113.4
279,317,2140.52,820.24,2201.43,988.48
280,90,1531.82,778.4,1631.02,1085.68
280,157,1182.34,719.86,1332.0,1237.55
280,171,1642.71,783.49,1727.83,1057.89
280,197,1310.21,778.48,1423.29,1179.25
280,209,1863.2,829.42,1928.33,996.92
280,212,1759.99,811.65,1827.99,1017.8
280,219,2032.18,785.0,2166.89,1068.92
280,245,38.77,448.33,619.22,1428.33
280,254,1718.28,824.77,1789.53,1025.67
280,242,1055.38,715.73,1213.18,1269.55
280,262,880.83,672.92,1125.48,1347.98
280,264,1397.89,782.46,1487.19,1132.29
280,283,705.93,692.02,954.46,1426.07
280,115,0.0,521.8,257.25,1426.04
280,193,2202.73,847.48,2343.6,1053.86
280,310,2347.6,711.56,2494.11,1213.82
280,251,1452.01,783.95,1529.07,1113.9
280,317,2139.44,818.23,2200.83,987.38
281,90,1529.16,777.05,1629.19,1087.01
281,157,1175.16,717.09,1324.94,1237.59
281,171,1641.25,784.69,1726.46,1057.9
281,197,1307.2,780.62,1420.93,1179.76
281,209,1862.59,829.07,1928.17,996.95
281,212,1757.77,808.22,1827.04,1017.77
281,219,2029.74,785.5,2163.46,1069.08
281,245,15.87,443.14,601.15,1427.18
281,254,1717.1,822.03,1789.42,1027.07
281,242,1048.86,712.27,1208.99,1271.89
281,262,869.78,669.02,1118.72,1355.12
281,264,1396.26,781.54,1485.31,1129.95
281,283,694.94,688.51,947.26,1428.23
281,115,0.0,515.32,247.68,1421.2
281,193,2204.98,847.39,2345.31,1054.69
281,310,2340.71,706.68,2499.81,1216.51
281,251,1454.93,786.75,1529.92,1111.47
281,317,2139.93,817.9,2201.37,986.95
282,90,1527.34,777.34,1627.45,1087.81
282,157,1169.65,715.47,1319.63,1236.69
282,171,1641.22,784.31,1727.28,1058.19
282,197,1300.31,781.76,1415.75,1182.11
282,209,1862.66,828.98,1927.87,996.64
282,212,1756.79,809.77,1826.24,1019.75
282,219,2027.06,785.98,2159.58,1069.36
282,245,0.0,433.42,590.37,1426.74
282,254,1716.29,820.75,1789.09,1027.63
282,242,1042.9,712.22,1204.52,1274.57
282,262,858.92,666.61,1108.16,1355.87
282,264,1392.98,780.9,1482.76,1130.1
282,283,682.57,684.59,938.56,1432.14
282,115,0.0,510.0,211.11,1211.1
282,193,2203.47,847.2,2342.25,1054.19
282,310,2335.56,702.72,2505.47,1216.6
282,251,1452.15,782.85,1527.85,1112.66
282,317,2140.79,818.61,2201.74,986.21
283,90,1526.31,776.55,1627.13,1088.45
283,157,1164.72,713.82,1315.69,1239.07
283,171,1640.3,783.92,1727.18,1059.32
283,197,1296.13,780.3,1413.11,1182.37
283,209,1863.71,828.87,1928.97,996.86
283,212,1755.22,811.86,1824.27,1020.29
283,219,2026.03,787.08,2157.56,1070.51
283,245,0.0,425.59,576.54,1426.36
283,254,1715.9,820.23,1788.73,1027.79
283,242,1036.03,704.74,1200.49,1274.82
283,262,850.88,665.83,1102.77,1359.69
283,264,1389.78,780.95,1480.26,1130.61
283,283,667.9,680.57,927.08,1432.35
283,193,2200.69,844.54,2340.62,1056.45
283,310,2328.1,701.09,2506.79,1218.26
283,251,1449.75,779.75,1526.48,1114.56
283,317,2141.49,820.15,2201.85,986.03
284,90,1523.47,775.7,1624.95,1089.61
284,157,1156.45,711.51,1308.72,1243.98
284,171,1637.26,782.4,1725.33,1060.21
284,197,1291.13,777.95,1411.51,1188.57
284,209,1861.03,829.53,1925.01,996.28
284,212,1755.14,810.34,1825.53,1022.56
284,219,2021.94,787.2,2152.96,1072.17
284,245,0.0,421.02,564.26,1424.25
284,254,1714.48,818.13,1787.93,1028.52
284,242,1027.46,706.74,1193.02,1277.85
284,262,837.2,663.57,1091.55,1365.26
284,264,1387.85,780.92,1478.83,1131.04
284,283,653.63,679.02,915.96,1435.59
284,193,2196.37,840.91,2336.68,1057.63
284,310,2307.69,698.82,2493.12,1219.78
284,251,1443.9,779.43,1521.01,1114.27
284,317,2140.6,820.17,2201.01,985.81
285,90,1523.04,776.37,1624.38,1089.37
285,157,1150.64,710.72,1304.26,1248.86
285,171,1636.98,782.18,1725.05,1060.47
285,197,1287.21,777.7,1409.79,1192.03
285,209,1859.61,829.09,1923.62,996.89
285,212,1752.94,810.5,1823.85,1024.66
285,219,2018.04,788.38,2147.84,1073.48
285,245,0.0,415.34,545.37,1425.43
285,254,1713.15,817.85,1786.67,1028.97
285,242,1018.29,706.42,1185.8,1282.15
285,262,828.36,662.35,1084.78,1368.02
285,264,1385.76,781.09,1477.61,1132.72
285,283,641.54,677.93,905.99,1436.06
285,193,2196.43,849.55,2328.84,1058.05
285,310,2284.46,696.8,2475.34,1226.08
285,251,1439.93,780.01,1517.59,1115.06
285,317,2139.22,820.91,2199.8,986.06
286,90,1521.45,777.3,1622.88,1089.83
286,157,1145.0,710.21,1299.63,1253.48
286,171,1635.19,785.22,1723.24,1064.44
286,197,1282.53,777.32,1407.15,1194.64
286,209,1857.76,828.82,1921.33,997.3
286,212,1751.96,809.81,1823.05,1023.8
286,219,2016.46,790.65,2144.53,1072.96
286,245,0.0,409.08,530.55,1422.78
286,254,1712.31,816.48,1786.21,1028.72
286,242,1010.04,703.03,1180.52,1285.97
286,262,819.24,661.61,1078.44,1372.63
286,264,1382.44,781.46,1474.98,1133.54
286,283,628.04,677.32,895.24,1438.76
286,193,2197.16,861.84,2318.8,1057.69
286,310,2259.53,696.14,2451.94,1225.14
286,251,1436.33,782.39,1513.83,1115.94
286,317,2137.37,821.7,2198.55,986.86
286,320,357.79,588.88,511.54,1427.59
287,90,1519.93,779.47,1620.88,1090.77
287,157,1139.14,711.58,1294.03,1256.78
287,171,1634.35,786.97,1721.97,1066.35
287,197,1276.54,777.2,1403.14,1196.65
287,209,1858.99,829.31,1922.32,998.46
287,212,1751.5,811.38,1821.61,1021.99
287,219,2014.74,792.99,2141.38,1073.83
287,245,0.0,402.6,516.45,1422.83
287,254,1712.11,816.84,1786.06,1029.18
287,242,1001.66,707.56,1172.35,1290.5
287,262,807.76,662.28,1069.64,1380.44
287,264,1379.14,781.0,1472.49,1134.22
287,283,613.39,677.24,882.35,1439.56
287,310,2242.55,696.21,2435.79,1225.99
287,251,1432.66,782.34,1511.42,1116.81
287,317,2135.92,821.89,2197.54,986.5
287,320,345.94,585.36,501.74,1431.78
288,90,1517.46,779.8,1619.05,1092.15
288,157,1133.29,712.86,1287.9,1256.58
288,171,1632.97,787.23,1720.65,1068.55
288,197,1271.14,777.54,1399.57,1198.27
288,209,1861.7,829.15,1925.81,999.65
288,212,1751.98,812.18,1822.06,1022.1
288,219,2013.98,794.18,2139.61,1074.28
288,245,0.0,395.24,497.55,1423.1
288,254,1710.14,820.25,1783.24,1031.73
288,242,991.55,708.24,1163.79,1294.55
288,262,795.85,661.38,1060.85,1387.61
288,264,1373.09,783.62,1466.13,1134.84
288,283,599.91,676.95,870.45,1439.83
288,310,2228.43,696.49,2421.16,1225.98
288,251,1429.72,782.48,1509.75,1117.96
288,317,2135.93,823.05,2198.12,987.37
288,320,339.42,580.7,497.69,1438.58
289,90,1514.99,779.56,1617.56,1093.82
289,157,1127.6,711.93,1282.6,1258.34
289,171,1632.8,788.07,1720.24,1069.03
289,197,1265.95,776.84,1396.09,1198.44
289,209,1861.65,829.01,1926.78,1000.24
289,212,1749.66,812.03,1820.39,1023.33
289,219,2012.86,794.33,2138.02,1074.29
289,245,0.0,388.59,476.14,1417.03
289,254,1707.97,821.33,1780.84,1033.61
289,242,984.54,707.87,1158.5,1298.01
289,262,779.62,660.78,1044.64,1390.93
289,264,1367.96,783.23,1461.73,1135.68
289,283,589.65,679.58,859.99,1438.73
289,310,2216.01,697.6,2410.52,1228.84
289,251,1428.02,780.81,1510.22,1124.48
289,317,2134.01,823.93,2197.63,990.5
289,320,318.02,578.98,477.33,1439.05
289,326,534.65,841.61,588.23,1011.73
290,90,1511.61,779.03,1614.78,1094.68
290,157,1122.18,710.52,1277.43,1259.55
290,171,1630.26,787.23,1718.51,1070.78
290,197,1260.62,776.72,1392.44,1200.26
290,209,1861.11,828.96,1926.92,1000.83
290,212,1748.49,811.57,1819.61,1024.41
290,219,2010.81,793.46,2135.46,1073.25
290,245,0.0,380.33,453.89,1414.55
290,254,1707.11,821.62,1779.75,1034.47
290,242,974.59,708.41,1149.42,1300.54
290,262,767.75,659.94,1034.39,1394.76
290,264,1363.63,784.21,1457.49,1136.81
290,283,574.34,678.37,846.65,1437.56
290,310,2196.66,700.53,2395.6,1231.38
290,251,1423.47,781.18,1506.91,1127.17
290,317,2133.24,824.6,2197.75,992.49
290,320,293.52,579.56,453.14,1433.5
290,326,531.67,843.25,584.66,1011.49
290,327,206.64,579.12,460.05,1434.83
291,90,1509.69,777.7,1613.37,1094.76
291,157,1115.71,709.71,1271.52,1262.74
291,171,1629.3,786.24,1717.88,1070.66
291,197,1255.95,776.55,1389.28,1200.98
291,209,1858.03,829.3,1922.72,1000.21
291,212,1746.46,811.62,1817.83,1025.01
291,219,2008.25,792.15,2131.57,1068.95
291,245,0.0,370.9,429.34,1408.86
291,254,1705.73,821.73,1778.33,1035.38
291,242,966.62,706.35,1143.32,1303.93
291,262,759.89,658.8,1029.46,1399.01
291,264,1360.37,787.09,1454.53,1141.33
291,283,556.9,675.46,832.41,1439.17
291,310,2176.7,701.68,2383.55,1235.14
291,251,1421.99,782.61,1505.41,1127.66
291,317,2130.93,824.89,2194.91,990.82
291,326,526.51,841.4,579.92,1011.32
291,327,215.26,577.77,469.77,1438.63
292,90,1506.21,776.86,1610.23,1095.36
292,157,1108.56,709.42,1264.08,1262.49
292,171,1627.57,789.5,1715.12,1071.25
292,197,1249.88,777.2,1384.63,1202.7
292,209,1852.2,828.74,1916.69,1000.61
292,212,1745.64,811.31,1816.97,1025.07
292,219,2005.4,791.87,2127.72,1065.55
292,245,0.0,360.37,405.16,1417.83
292,254,1705.72,821.98,1777.39,1033.38
292,242,958.54,706.55,1135.59,1305.0
292,262,746.98,658.08,1017.36,1401.86
292,264,1356.41,783.13,1452.49,1143.26
292,283,542.14,671.78,820.31,1439.33
292,310,2160.5,705.35,2375.31,1237.22
292,251,1419.21,782.7,1502.51,1126.34
292,317,2128.14,825.06,2191.45,988.4
292,326,522.26,839.14,576.0,1010.17
292,327,197.33,576.82,453.63,1439.59
293,90,1503.07,775.94,1607.9,1096.83
293,157,1100.35,707.8,1256.55,1264.74
293,171,1626.75,789.52,1713.91,1070.33
293,197,1244.25,777.26,1380.55,1204.52
293,209,1854.11,829.3,1917.77,1001.2
293,212,1743.65,810.99,1815.22,1024.74
293,219,2001.08,791.38,2123.46,1064.94
293,245,0.0,349.46,378.13,1424.11
293,254,1704.11,821.6,1775.67,1033.22
293,242,950.9,703.29,1129.17,1307.46
293,262,738.15,655.78,1011.08,1404.11
293,264,1350.72,781.19,1446.48,1142.33
293,283,526.6,670.25,806.31,1437.63
293,310,2145.4,706.94,2369.42,1238.62
293,251,1415.52,783.01,1498.91,1125.91
293,317,2127.29,825.03,2190.02,985.87
293,326,519.63,842.92,571.61,1008.52
293,327,169.94,570.14,430.13,1440.0
294,90,1499.9,774.7,1605.7,1097.48
294,157,1092.52,705.78,1249.42,1267.13
294,171,1623.46,786.41,1711.62,1069.72
294,197,1238.31,775.88,1376.92,1205.7
294,209,1849.08,828.11,1912.85,1001.06
294,212,1743.67,810.77,1815.32,1024.56
294,219,1997.1,791.12,2120.12,1063.91
294,245,0.0,345.71,347.36,1425.41
294,254,1703.67,820.39,1775.6,1033.08
294,242,941.86,700.3,1120.41,1307.87
294,262,728.29,654.06,1004.05,1407.06
294,264,1347.42,779.86,1443.61,1142.23
294,283,512.64,668.23,794.63,1438.2
294,310,2134.05,710.9,2365.89,1239.62
294,251,1410.04,783.17,1493.39,1123.0
294,317,2125.45,824.64,2187.65,985.53
294,326,513.32,840.86,566.1,1008.64
294,327,160.1,565.45,424.71,1440.0
295,90,1496.75,774.0,1603.29,1098.81
295,157,1084.86,705.27,1242.23,1268.92
295,171,1620.38,786.72,1708.01,1068.35
295,197,1233.13,775.0,1373.43,1206.58
295,209,1846.41,827.63,1910.07,1000.87
295,212,1741.02,810.55,1812.42,1024.65
295,219,1990.81,789.7,2115.13,1063.74
295,254,1702.93,819.93,1774.85,1032.84
295,242,933.39,698.76,1111.77,1309.59
295,262,712.69,651.41,991.09,1408.77
295,264,1343.28,778.34,1440.73,1143.61
295,283,498.04,664.87,782.6,1436.23
295,310,2124.33,710.28,2364.43,1236.49
295,251,1405.19,779.78,1490.13,1123.24
295,326,505.82,837.42,559.64,1007.41
295,327,143.46,560.28,412.82,1437.05
295,328,1559.84,777.47,1635.08,1072.97
296,90,1494.66,773.43,1602.01,1099.37
296,157,1077.04,703.33,1235.21,1271.3
296,171,1616.6,785.66,1704.71,1068.86
296,197,1226.37,772.05,1368.84,1207.05
296,209,1844.96,827.46,1908.34,1000.84
296,212,1739.94,811.48,1810.65,1024.05
296,219,1988.23,790.64,2112.9,1063.78
296,254,1701.36,819.42,1773.02,1032.85
296,242,926.35,696.57,1105.14,1311.3
296,262,697.15,647.76,978.63,1412.79
296,264,1338.31,777.58,1436.82,1144.84
296,283,479.57,660.26,767.39,1437.03
296,310,2116.23,713.86,2363.26,1235.94
296,251,1400.24,781.85,1485.77,1123.72
296,326,503.44,840.94,555.35,1006.17
296,327,114.39,556.34,387.38,1436.4
296,328,1555.26,777.3,1631.36,1076.75
296,245,0.0,427.35,272.9,1427.28
297,90,1490.51,774.66,1597.86,1101.01
297,157,1067.34,701.93,1225.79,1272.32
297,171,1613.54,783.89,1703.22,1070.26
297,197,1219.38,771.11,1363.34,1208.35
297,209,1845.28,827.22,1908.38,1000.55
297,212,1735.12,812.25,1805.96,1024.58
297,219,1983.04,788.6,2108.23,1062.49
297,254,1699.28,819.22,1770.65,1032.69
297,242,917.86,694.79,1096.99,1314.66
297,262,682.26,644.98,966.51,1416.73
297,264,1334.77,778.37,1433.23,1144.13
297,283,463.48,657.05,753.39,1435.92
297,310,2104.55,713.22,2360.21,1237.4
297,251,1396.1,781.44,1482.36,1124.65
297,327,93.23,551.87,370.63,1436.75
297,328,1555.6,776.8,1631.53,1074.53
298,90,1487.33,774.55,1595.24,1102.28
298,157,1059.25,701.32,1217.15,1272.74
298,171,1612.22,784.17,1702.15,1070.25
298,197,1213.46,770.84,1358.66,1208.73
298,209,1844.95,826.91,1907.97,1000.45
298,212,1736.53,811.54,1807.99,1027.03
298,219,1978.23,788.64,2103.49,1062.93
298,254,1697.45,817.6,1769.63,1033.16
298,242,910.07,692.95,1089.75,1316.53
298,262,664.33,643.48,950.08,1420.84
298,264,1330.02,777.96,1429.5,1144.55
298,283,447.65,652.88,739.93,1435.57
298,310,2091.59,711.49,2355.29,1240.38
298,251,1393.11,781.25,1480.02,1126.19
298,327,72.25,546.76,353.63,1436.16
298,328,1554.83,775.34,1631.74,1075.72
298,331,1.92,488.83,139.62,1154.69
299,90,1484.27,775.47,1592.05,1103.6
299,157,1052.08,700.46,1209.95,1275.35
299,171,1608.85,780.72,1700.52,1071.3
299,197,1206.21,769.68,1352.95,1209.51
299,209,1841.94,826.9,1904.91,1001.01
299,212,1736.76,811.21,1807.95,1027.25
299,219,1973.51,789.73,2098.12,1063.38
299,254,1696.61,818.62,1768.72,1033.37
299,242,901.93,692.22,1081.99,1319.56
299,262,651.44,644.16,939.79,1427.42
299,264,1323.91,777.94,1424.03,1144.83
299,283,432.59,652.04,726.17,1435.56
299,310,2075.66,710.7,2342.39,1240.16
299,251,1391.95,782.12,1478.59,1126.93
299,327,51.81,542.48,336.56,1432.83
299,328,1549.33,774.96,1623.08,1063.84
299,331,0.0,505.44,128.02,1131.93
299,333,306.56,786.52,414.11,1091.35
300,90,1482.45,775.21,1589.89,1102.38
300,157,1042.97,699.76,1201.61,1280.11
300,171,1604.17,780.1,1696.56,1072.93
300,197,1198.9,769.49,1346.93,1211.19
300,209,1842.49,827.06,1905.04,1001.86
300,212,1733.5,813.33,1804.68,1028.83
300,219,1967.81,792.38,2090.28,1063.8
300,254,1694.97,819.51,1766.79,1032.85
300,242,892.32,688.85,1074.42,1324.51
300,262,638.48,640.94,930.95,1431.48
300,264,1318.5,777.39,1419.92,1147.36
300,283,415.36,651.7,709.85,1433.87
300,310,2057.89,710.61,2323.18,1236.42
300,251,1385.35,781.92,1472.91,1128.34
300,327,28.59,544.36,316.78,1432.87
300,328,1547.13,772.21,1624.96,1075.95
300,331,3.1,566.38,103.35,1050.32
300,333,295.53,787.84,402.02,1088.88
300,335,2209.78,845.75,2344.9,1063.37
301,90,1479.18,774.33,1586.99,1103.11
301,157,1032.84,701.58,1191.27,1283.22
301,171,1600.2,779.26,1693.58,1076.1
301,197,1192.06,770.06,1341.52,1214.44
301,209,1841.43,826.65,1904.63,1003.26
301,212,1731.53,812.52,1802.28,1029.18
301,219,1962.94,795.19,2082.22,1063.18
301,254,1692.91,819.38,1765.33,1033.06
301,242,881.56,687.51,1065.36,1329.86
301,262,622.18,639.48,917.68,1436.28
301,264,1311.87,777.5,1414.87,1150.11
301,283,390.24,650.14,687.61,1435.79
301,310,2040.77,708.64,2302.01,1230.47
301,251,1379.29,783.49,1467.54,1128.59
301,327,14.5,545.27,305.28,1432.85
301,328,1544.06,772.79,1623.39,1080.62
301,331,8.38,638.51,79.77,979.76
301,333,282.59,798.44,386.61,1090.1
301,335,2208.48,848.16,2342.87,1064.51
302,90,1473.34,773.39,1582.18,1105.04
302,157,1021.88,701.98,1182.07,1293.09
302,171,1597.27,779.25,1691.29,1079.42
302,197,1184.27,772.4,1335.29,1219.68
302,209,1839.23,825.86,1902.85,1004.58
302,212,1728.79,812.82,1798.88,1028.67
302,219,1958.21,799.31,2074.85,1066.21
302,254,1690.82,822.65,1763.06,1035.34
302,242,870.94,690.77,1055.28,1334.92
302,262,607.13,638.8,904.2,1437.01
302,264,1307.61,778.6,1411.54,1151.88
302,283,374.87,652.37,671.32,1433.25
302,310,2019.05,708.6,2275.47,1227.15
302,251,1372.58,782.61,1462.4,1131.62
302,327,4.03,546.83,294.92,1431.0
302,328,1540.38,771.83,1620.64,1082.38
302,331,5.09,703.81,60.85,968.52
302,333,269.59,799.64,373.9,1088.59
302,335,2203.68,848.99,2341.29,1070.4
303,90,1469.06,774.26,1579.06,1108.77
303,157,1013.5,702.83,1174.9,1300.8
303,171,1596.28,781.28,1689.88,1079.62
303,197,1176.56,771.87,1329.26,1223.54
303,209,1839.05,826.95,1902.29,1005.58
303,212,1726.82,811.39,1797.56,1028.86
303,219,1953.84,799.99,2068.37,1067.98
303,254,1687.99,823.0,1760.55,1037.12
303,242,861.79,690.88,1047.5,1339.91
303,262,593.13,639.93,891.41,1436.36
303,264,1303.08,779.63,1408.27,1154.93
303,283,357.46,653.12,655.94,1434.21
303,310,1999.21,709.47,2247.9,1223.51
303,251,1368.46,787.79,1458.26,1133.7
303,327,0.0,545.12,286.66,1431.26
303,328,1539.94,775.49,1620.76,1085.55
303,331,5.68,781.34,40.64,944.47
303,333,259.33,803.53,365.34,1092.55
303,335,2201.83,850.46,2339.59,1071.41
304,90,1466.6,775.86,1577.01,1111.13
304,157,1006.88,704.5,1168.3,1304.29
304,171,1596.22,782.19,1690.3,1080.15
304,197,1170.8,774.42,1323.76,1226.19
304,209,1837.53,829.1,1899.75,1005.0
304,212,1725.32,811.84,1797.4,1031.42
304,219,1951.31,801.27,2058.76,1059.27
304,254,1684.58,824.0,1756.62,1038.33
304,242,852.08,691.77,1039.43,1344.49
304,262,577.65,641.5,878.09,1437.27
304,264,1298.85,781.43,1405.02,1156.92
304,283,339.41,656.33,638.81,1433.28
304,310,1977.75,710.36,2219.76,1224.66
304,251,1365.72,785.42,1456.63,1135.2
304,327,0.0,550.18,278.83,1431.14
304,328,1538.72,777.47,1619.93,1087.59
304,333,249.81,795.53,360.19,1092.77
304,335,2201.62,851.73,2340.15,1073.21
305,90,1464.75,776.56,1575.66,1113.92
305,157,999.9,705.41,1159.87,1301.8
305,171,1594.6,784.24,1688.4,1081.23
305,197,1165.21,776.18,1318.74,1228.59
305,209,1836.06,828.83,1898.62,1007.25
305,212,1725.02,814.06,1795.8,1029.65
305,219,1954.54,802.21,2046.32,1027.13
305,254,1682.4,821.39,1755.36,1038.61
305,242,842.69,689.99,1032.43,1349.95
305,262,563.88,643.41,865.02,1437.7
305,264,1293.79,782.59,1401.22,1159.22
305,283,320.41,657.93,620.65,1431.84
305,310,1951.23,708.49,2191.14,1228.52
305,251,1363.61,785.16,1455.14,1136.64
305,327,0.0,551.6,270.6,1430.9
305,328,1543.83,777.76,1625.78,1088.86
305,333,240.55,802.8,352.14,1097.36
305,335,2200.78,852.25,2340.18,1074.49
306,90,1461.79,777.59,1572.28,1113.49
306,157,992.92,705.85,1153.16,1304.7
306,171,1592.3,787.26,1686.84,1083.66
306,197,1158.84,776.75,1313.83,1232.92
306,209,1833.88,828.75,1896.08,1007.4
306,212,1723.99,815.04,1795.15,1030.06
306,254,1682.07,821.89,1755.17,1039.5
306,242,833.19,687.99,1025.36,1354.95
306,262,544.65,644.91,845.2,1438.28
306,264,1289.08,783.13,1397.66,1162.84
306,283,295.85,656.83,599.64,1432.05
306,310,1937.58,711.05,2172.3,1229.76
306,251,1360.03,788.6,1451.96,1142.47
306,327,0.0,550.25,260.57,1429.17
306,328,1545.08,781.52,1626.22,1091.49
306,333,233.32,807.18,345.26,1096.63
306,335,2200.03,852.83,2340.03,1075.28
307,90,1458.44,777.1,1569.86,1115.65
307,157,987.02,706.12,1147.13,1305.8
307,171,1589.09,790.72,1682.58,1083.85
307,197,1153.04,778.74,1308.93,1236.95
307,209,1832.74,829.51,1894.72,1008.17
307,212,1721.72,815.79,1793.33,1030.45
307,254,1680.49,820.02,1755.05,1042.79
307,242,824.65,690.35,1017.37,1357.1
307,262,539.28,645.99,842.94,1439.6
307,264,1285.05,782.96,1394.61,1165.17
307,283,277.38,656.64,584.91,1433.68
307,310,1934.28,712.25,2164.8,1229.82
307,251,1357.01,789.54,1449.99,1148.67
307,327,0.0,547.53,249.15,1429.17
307,328,1544.33,781.61,1626.13,1092.81
307,333,222.76,809.83,335.64,1095.25
307,335,2200.51,853.29,2341.38,1076.43
308,90,1458.4,777.74,1569.94,1116.1
308,157,981.9,705.91,1141.65,1304.39
308,171,1585.53,788.94,1679.27,1083.5
308,197,1148.53,777.98,1305.55,1239.63
308,209,1832.34,830.33,1894.22,1009.14
308,212,1720.17,816.5,1792.28,1031.25
308,254,1680.2,819.92,1754.92,1043.31
308,242,813.07,691.66,1009.27,1364.07
308,262,524.98,645.61,831.39,1440.0
308,264,1281.18,784.47,1391.51,1166.73
308,283,257.59,653.97,568.9,1433.18
308,310,1911.59,712.32,2144.13,1233.2
308,251,1354.99,790.05,1447.63,1147.59
308,327,0.0,546.97,238.34,1428.47
308,328,1535.35,782.21,1617.14,1095.18
308,333,208.11,812.31,321.67,1092.41
308,335,2200.93,853.41,2342.6,1077.28
309,90,1454.53,778.44,1566.84,1119.2
309,157,975.43,705.26,1135.59,1306.04
309,171,1580.92,785.84,1675.8,1085.05
309,197,1143.54,777.14,1301.56,1241.17
309,209,1832.23,830.71,1894.26,1010.09
309,212,1719.15,816.66,1792.03,1032.57
309,254,1680.04,823.63,1753.71,1043.75
309,242,805.81,691.28,1004.29,1368.47
309,262,511.5,646.17,820.12,1440.0
309,264,1276.22,785.0,1387.94,1170.47
309,283,234.38,650.68,550.91,1433.22
309,310,1897.54,716.12,2131.94,1236.8
309,251,1354.98,792.74,1445.86,1146.17
309,328,1525.18,783.12,1604.97,1089.71
309,333,194.41,815.44,307.88,1090.46
309,335,2201.05,853.5,2342.84,1077.15
309,320,12.24,544.93,182.54,1426.26
310,90,1453.98,778.45,1566.02,1118.88
310,157,970.3,705.74,1129.91,1304.02
310,171,1579.76,783.51,1675.82,1086.22
310,197,1139.16,777.15,1297.92,1242.11
310,209,1832.18,830.82,1894.14,1010.57
310,212,1717.51,816.89,1790.45,1032.05
310,254,1678.74,824.49,1752.57,1043.65
310,242,797.08,689.09,998.08,1370.61
310,262,496.07,644.92,805.97,1439.22
310,264,1272.01,783.57,1385.14,1172.63
310,283,211.88,647.99,533.47,1433.42
310,310,1884.23,719.71,2121.9,1238.71
310,251,1351.58,790.07,1443.14,1146.54
310,328,1520.77,784.69,1599.4,1087.52
310,333,183.78,815.17,297.01,1085.88
310,335,2200.86,852.84,2342.97,1076.42
310,320,3.63,540.83,170.21,1389.07
310,317,2121.44,828.52,2187.96,995.67
311,90,1451.06,778.08,1563.29,1119.21
311,157,964.49,705.72,1125.43,1308.5
311,171,1578.47,783.01,1675.77,1087.99
311,197,1135.1,775.2,1295.27,1243.93
311,209,1832.59,830.74,1894.55,1011.16
311,212,1716.32,816.18,1790.49,1033.71
311,254,1678.26,824.88,1752.62,1043.94
311,242,784.11,687.79,989.27,1374.81
311,262,477.77,641.2,789.26,1439.39
311,264,1268.75,781.82,1382.95,1173.78
311,283,194.91,644.48,521.17,1434.21
311,310,1873.4,722.56,2115.46,1239.48
311,251,1347.62,788.99,1440.05,1149.2
311,328,1517.45,781.94,1597.54,1092.9
311,333,171.19,812.3,286.06,1086.1
311,335,2199.94,850.98,2343.91,1076.85
311,320,0.0,536.28,155.81,1361.25
311,317,2122.44,828.4,2190.32,996.07
312,90,1448.94,777.34,1561.5,1119.0
312,157,959.43,703.73,1121.57,1310.28
312,171,1578.19,781.51,1677.12,1089.31
312,197,1130.38,772.97,1292.03,1245.18
312,209,1832.78,830.59,1894.81,1011.45
312,212,1715.67,815.53,1790.7,1035.13
312,254,1677.14,822.61,1752.82,1044.46
312,242,778.96,686.4,985.95,1376.77
312,262,458.39,638.66,769.59,1438.18
312,264,1266.18,781.91,1381.54,1174.39
312,283,172.82,642.12,503.67,1433.94
312,310,1870.19,723.8,2115.8,1238.98
312,251,1342.09,787.95,1436.24,1152.3
312,328,1520.1,781.39,1600.57,1094.28
312,333,162.3,807.22,273.52,1071.62
312,335,2201.18,850.49,2346.0,1077.05
312,320,0.0,530.97,143.59,1346.18
312,317,2122.72,828.19,2191.98,996.63
313,90,1446.91,775.83,1560.2,1119.13
313,157,955.17,701.37,1119.17,1312.9
313,171,1578.12,781.18,1677.43,1088.04
313,197,1125.36,771.47,1288.04,1244.8
313,209,1833.11,830.52,1894.94,1011.37
313,212,1715.99,814.2,1791.79,1035.61
313,254,1676.55,822.09,1752.97,1045.0
313,242,770.96,684.89,980.27,1377.44
313,262,440.4,632.01,753.5,1437.39
313,264,1262.44,780.05,1378.52,1173.3
313,283,149.1,636.67,484.82,1432.37
313,310,1863.0,726.08,2111.01,1233.42
313,251,1337.9,785.51,1433.32,1152.85
313,328,1520.93,778.5,1588.87,1038.32
313,333,155.63,810.94,255.49,1045.84
313,335,2201.84,850.13,2347.47,1077.38
313,320,0.0,526.33,126.99,1275.02
313,317,2123.23,828.78,2193.03,996.99
314,90,1446.16,774.6,1560.41,1119.64
314,157,952.21,698.85,1118.71,1314.8
314,171,1576.4,780.43,1676.77,1088.7
314,197,1119.75,769.64,1284.32,1245.53
314,209,1832.18,828.56,1894.49,1011.49
314,212,1716.65,813.2,1793.44,1035.92
314,254,1675.93,821.68,1752.8,1045.03
314,242,763.56,682.56,976.03,1381.66
314,262,422.19,628.64,736.31,1437.65
314,264,1260.7,780.19,1377.17,1172.21
314,283,127.24,632.41,468.14,1432.72
314,310,1856.05,723.34,2110.25,1232.07
314,251,1335.48,784.44,1431.55,1151.98
314,328,1522.48,777.55,1581.94,997.9
314,333,148.99,811.7,234.02,1008.09
314,335,2202.27,850.12,2348.45,1077.6
314,320,0.0,520.19,110.0,1209.63
314,317,2124.49,828.82,2194.47,995.78
315,90,1444.71,774.07,1559.42,1119.65
315,157,947.58,696.06,1117.56,1319.72
315,171,1576.29,780.29,1677.09,1088.78
315,197,1115.58,768.13,1281.92,1247.49
315,209,1828.84,828.08,1890.02,1010.85
315,212,1716.61,812.69,1793.71,1034.68
315,254,1675.13,820.96,1752.56,1045.03
315,242,752.59,679.73,968.4,1384.49
315,262,409.24,623.11,724.69,1437.18
315,264,1258.33,779.84,1375.19,1171.39
315,283,102.46,628.46,448.36,1433.5
315,310,1850.86,722.4,2110.81,1233.14
315,251,1332.76,783.26,1429.18,1150.73
315,328,1516.37,775.7,1586.78,1038.37
315,335,2204.1,850.3,2350.7,1077.82
315,320,0.0,515.44,90.64,1142.51
315,317,2124.6,828.27,2194.79,994.09
316,90,1443.7,771.82,1559.28,1120.13
316,157,943.8,693.91,1116.63,1321.93
316,171,1574.98,780.27,1675.89,1087.96
316,197,1110.25,765.23,1278.68,1250.81
316,209,1826.7,826.18,1886.37,1007.99
316,212,1716.21,811.68,1794.31,1034.64
316,254,1675.03,820.7,1752.64,1045.04
316,242,744.33,675.59,963.35,1387.07
316,262,391.17,617.62,708.17,1436.38
316,264,1255.48,780.67,1372.58,1171.67
316,283,78.53,622.86,429.93,1433.55
316,310,1841.71,718.47,2106.69,1235.25
316,251,1331.64,782.85,1428.26,1149.73
316,328,1511.42,773.66,1590.37,1072.71
316,335,2206.33,849.52,2354.22,1078.09
316,320,0.0,512.2,70.61,1070.74
316,317,2125.09,828.32,2195.16,992.48
317,90,1442.97,770.61,1559.05,1120.81
317,157,940.99,691.82,1117.1,1323.9
317,171,1574.35,779.88,1675.35,1087.56
317,197,1105.86,763.16,1275.58,1252.72
317,212,1715.87,811.38,1794.97,1035.82
317,254,1675.2,820.57,1752.65,1044.86
317,242,734.76,669.0,958.4,1392.01
317,262,373.39,612.68,691.01,1435.85
317,264,1251.9,778.45,1371.1,1173.32
317,283,54.85,617.71,412.03,1432.64
317,310,1830.9,717.48,2096.89,1234.87
317,251,1330.85,782.51,1428.39,1153.25
317,328,1507.17,771.82,1590.27,1089.92
317,335,2208.64,850.07,2357.07,1079.22
317,317,2125.33,828.73,2194.77,991.36
318,90,1441.68,770.24,1557.73,1121.3
318,157,937.8,689.59,1118.39,1327.05
318,171,1574.92,779.62,1675.71,1086.96
318,197,1102.57,763.93,1272.67,1254.44
318,212,1715.46,810.94,1795.84,1037.45
318,254,1675.7,820.67,1752.99,1044.73
318,242,723.23,666.41,950.57,1396.27
318,262,356.34,610.24,674.09,1435.69
318,264,1248.28,775.86,1368.63,1172.64
318,283,34.93,614.06,397.26,1432.87
318,310,1818.38,716.21,2079.47,1227.26
318,251,1330.65,781.68,1428.63,1154.83
318,328,1506.48,771.47,1590.12,1092.61
318,335,2209.8,850.62,2358.72,1080.26
318,317,2125.23,828.81,2194.92,991.18
318,340,1966.3,778.8,2066.67,1070.22
319,90,1439.81,770.25,1555.69,1121.84
319,157,929.38,686.37,1113.88,1330.64
319,171,1572.7,778.4,1673.9,1087.96
319,197,1098.46,762.35,1270.14,1257.1
319,212,1716.23,812.57,1796.11,1037.14
319,254,1674.75,821.82,1751.85,1045.59
319,242,713.74,663.88,944.42,1400.68
319,262,339.21,608.71,657.14,1434.76
319,264,1244.06,774.65,1365.79,1175.23
319,283,9.14,608.14,374.66,1431.26
319,310,1804.43,714.13,2060.65,1222.02
319,251,1329.33,780.98,1427.03,1153.15
319,328,1505.73,770.42,1589.32,1092.56
319,335,2210.86,851.41,2360.68,1081.35
319,317,2126.16,828.41,2196.0,991.55
319,340,1960.1,783.14,2058.75,1069.11
320,90,1438.0,769.59,1554.96,1123.32
320,157,921.26,684.94,1108.37,1332.84
320,171,1570.28,778.57,1670.36,1087.22
320,197,1091.99,759.98,1265.75,1260.95
320,212,1715.71,812.25,1796.57,1039.32
320,254,1673.01,822.19,1750.11,1046.68
320,242,702.88,663.07,936.1,1404.35
320,262,322.3,606.49,641.02,1434.01
320,264,1242.73,774.87,1365.33,1177.31
320,283,0.0,604.25,361.18,1431.49
320,310,1782.33,711.09,2036.2,1224.21
320,251,1326.93,780.84,1425.37,1156.52
320,328,1505.22,770.29,1588.76,1093.41
320,335,2211.85,851.56,2362.22,1081.7
320,317,2126.73,828.74,2197.03,992.9
320,340,1958.26,792.78,2053.66,1068.23
321,90,1434.7,769.15,1551.96,1124.09
321,157,912.94,685.04,1102.26,1335.79
321,171,1568.8,779.17,1667.84,1087.53
321,197,1086.09,759.69,1261.69,1266.46
321,212,1713.7,812.25,1795.32,1040.88
321,254,1672.46,822.62,1749.59,1047.24
321,242,691.66,663.25,928.5,1412.6
321,262,306.48,605.12,626.71,1433.75
321,264,1239.86,775.73,1363.77,1181.24
321,283,0.0,601.7,345.79,1430.13
321,310,1764.1,711.22,2010.46,1221.12
321,251,1321.15,780.93,1420.78,1158.46
321,328,1502.91,771.14,1586.76,1098.02
321,335,2214.44,852.36,2365.33,1083.46
321,317,2126.79,829.06,2197.18,993.82
321,340,1956.23,802.42,2048.74,1067.11
322,90,1431.99,768.8,1550.32,1127.46
322,157,905.28,685.84,1098.06,1344.56
322,171,1568.17,779.31,1667.12,1088.73
322,197,1082.14,759.56,1259.24,1270.94
322,212,1711.27,811.99,1793.27,1041.47
322,254,1672.91,822.92,1750.46,1048.34
322,242,681.32,663.04,921.28,1418.5
322,262,289.32,604.56,610.4,1434.17
322,264,1235.91,777.63,1360.56,1184.81
322,283,0.0,602.5,331.62,1429.71
322,310,1746.9,712.6,1988.45,1224.59
322,251,1316.77,780.83,1417.85,1161.62
322,328,1511.6,769.32,1597.46,1102.44
322,335,2215.72,853.18,2366.82,1083.5
322,317,2126.78,829.44,2196.5,993.38
322,340,1954.95,805.58,2048.03,1069.47
323,90,1428.99,770.32,1547.64,1129.67
323,157,897.92,685.87,1093.49,1350.73
323,171,1566.01,779.51,1665.24,1091.45
323,197,1077.74,760.37,1255.83,1274.07
323,212,1711.43,811.7,1793.18,1043.11
323,254,1672.88,822.83,1750.86,1049.1
323,242,670.93,662.93,913.5,1422.84
323,262,270.6,605.44,591.76,1433.4
323,264,1232.35,779.58,1357.79,1187.72
323,283,0.0,604.55,317.04,1427.94
323,310,1737.65,714.58,1975.75,1226.7
323,251,1314.13,781.64,1416.21,1164.69
323,328,1515.14,770.33,1603.55,1106.71
323,335,2213.53,852.87,2367.01,1086.42
323,317,2127.16,830.05,2196.14,992.91
323,340,1951.65,809.93,2045.47,1072.14
324,90,1426.91,770.58,1546.17,1130.93
324,157,890.9,684.2,1088.84,1354.94
324,171,1563.78,778.84,1664.05,1096.32
324,197,1071.21,762.61,1249.75,1276.34
324,212,1711.03,810.23,1791.48,1041.69
324,254,1670.12,823.44,1747.83,1050.55
324,242,660.2,663.21,905.78,1430.01
324,262,255.09,605.04,578.29,1433.07
324,264,1229.52,779.61,1355.91,1190.42
324,283,0.0,603.47,301.11,1429.41
324,310,1730.44,714.87,1965.94,1232.92
324,251,1310.6,781.51,1413.07,1164.19
324,328,1517.99,768.16,1607.81,1107.3
324,335,2214.45,853.27,2368.92,1088.74
324,317,2127.43,830.69,2195.92,993.15
324,340,1946.81,808.45,2043.53,1074.45
325,90,1425.04,769.9,1544.91,1133.67
325,157,882.39,682.76,1082.6,1358.39
325,171,1564.48,779.02,1664.92,1097.28
325,197,1065.31,763.79,1244.26,1278.39
325,254,1668.36,823.02,1746.75,1053.6
325,242,647.36,662.73,896.13,1435.02
325,262,235.92,604.67,560.93,1433.53
325,264,1222.8,779.18,1351.47,1194.87
325,283,0.0,600.8,285.45,1428.69
325,310,1724.32,717.79,1953.81,1233.9
325,251,1307.61,782.29,1410.86,1165.47
325,328,1518.45,769.02,1608.87,1108.25
325,335,2215.21,854.88,2369.84,1089.54
325,317,2126.88,831.6,2195.64,995.2
325,340,1939.61,806.73,2039.3,1075.7
326,90,1422.76,769.69,1542.97,1133.98
326,157,874.46,682.63,1077.17,1363.32
326,171,1561.86,780.73,1661.6,1098.45
326,197,1059.15,763.46,1240.17,1281.95
326,254,1667.06,822.54,1745.14,1053.6
326,242,636.46,660.34,887.96,1437.6
326,262,221.12,602.74,549.52,1432.25
326,264,1217.01,778.56,1346.96,1196.57
326,283,0.0,601.04,268.12,1429.06
326,310,1709.78,722.2,1937.41,1241.13
326,251,1303.55,782.6,1407.52,1165.38
326,328,1505.01,771.95,1594.38,1109.64
326,335,2214.03,855.12,2370.41,1091.23
326,317,2127.19,832.05,2195.88,995.81
326,340,1935.56,807.45,2036.4,1075.11
327,90,1420.45,769.01,1541.13,1135.97
327,157,864.43,681.13,1069.58,1367.89
327,171,1560.17,782.6,1658.89,1098.64
327,197,1050.51,764.07,1232.64,1283.77
327,254,1664.65,822.22,1742.02,1053.35
327,242,624.95,659.05,878.72,1439.45
327,262,201.57,599.86,532.98,1431.11
327,264,1213.72,779.46,1343.93,1197.6
327,283,0.0,597.56,249.97,1430.64
327,310,1701.08,724.07,1926.75,1244.0
327,251,1299.98,782.33,1404.5,1166.11
327,328,1498.76,772.84,1587.49,1108.51
327,335,2214.93,855.07,2372.15,1092.14
327,317,2127.04,833.0,2195.66,996.84
327,340,1931.63,807.28,2032.86,1072.08
328,90,1418.21,769.19,1539.13,1136.73
328,157,854.91,679.09,1062.93,1372.39
328,171,1561.32,781.23,1661.0,1100.53
328,197,1044.76,763.78,1227.98,1286.52
328,254,1662.84,822.31,1737.89,1049.36
328,242,613.04,656.75,869.02,1439.21
328,262,183.12,597.54,518.29,1431.37
328,264,1205.55,776.82,1338.47,1201.54
328,283,0.0,597.36,230.91,1430.31
328,310,1689.76,725.21,1916.07,1246.12
328,251,1297.39,782.51,1403.17,1172.19
328,328,1495.83,773.88,1584.74,1111.04
328,335,2216.25,855.42,2374.25,1093.2
328,317,2126.82,832.94,2195.15,996.58
328,340,1927.28,806.6,2029.42,1069.63
329,90,1414.84,769.01,1535.86,1136.66
329,157,847.36,678.73,1057.05,1373.7
329,171,1563.25,780.68,1663.65,1099.12
329,197,1038.73,762.57,1224.05,1290.33
329,254,1662.82,820.61,1739.18,1052.46
329,242,599.48,655.9,857.15,1438.06
329,262,161.29,593.0,501.14,1433.04
329,264,1201.2,774.64,1335.48,1202.15
329,283,0.0,597.8,209.56,1430.02
329,310,1681.44,727.16,1906.29,1243.02
329,251,1293.83,784.48,1399.13,1172.53
329,328,1492.12,772.72,1580.8,1109.01
329,335,2217.47,855.31,2376.36,1094.0
329,317,2126.81,832.65,2194.95,995.86
329,340,1922.09,806.23,2025.57,1069.24
330,90,1410.75,769.0,1531.75,1136.54
330,157,838.8,676.6,1050.47,1372.84
330,171,1563.19,778.52,1665.36,1098.62
330,197,1031.19,761.54,1216.26,1290.14
330,254,1663.95,819.56,1742.02,1053.5
330,242,584.43,653.69,844.86,1437.65
330,262,138.83,589.38,483.62,1435.26
330,264,1199.89,772.89,1334.91,1201.42
330,283,0.0,594.43,186.13,1399.49
330,310,1674.12,728.94,1899.52,1243.01
330,251,1292.83,780.78,1398.79,1170.79
330,328,1488.91,771.52,1578.4,1109.72
330,335,2217.94,854.95,2377.59,1094.33
330,317,2125.91,832.39,2194.13,995.5
330,340,1916.58,804.05,2021.44,1067.59
331,90,1407.8,767.98,1529.32,1137.52
331,157,828.76,672.9,1043.32,1372.71
331,171,1559.37,776.97,1663.5,1098.68
331,197,1024.58,759.71,1211.88,1293.08
331,254,1658.91,819.15,1737.1,1053.41
331,242,570.07,650.03,833.35,1437.23
331,262,114.14,582.27,463.89,1434.36
331,264,1195.52,772.13,1331.07,1201.61
331,310,1671.82,729.65,1898.39,1245.05
331,251,1288.76,778.98,1397.05,1176.16
331,328,1485.28,774.05,1572.6,1106.55
331,335,2218.4,854.39,2379.15,1095.32
331,317,2124.71,831.18,2193.54,995.62
331,340,1910.99,802.66,2017.3,1067.37
332,90,1404.36,766.89,1526.14,1137.86
332,157,819.44,669.59,1037.36,1373.28
332,171,1555.67,775.15,1661.99,1099.34
332,197,1019.02,755.89,1207.55,1292.59
332,254,1652.54,816.74,1731.51,1054.38
332,242,554.33,645.31,820.91,1437.74
332,262,90.85,579.83,444.35,1432.95
332,264,1188.78,770.75,1324.74,1201.51
332,310,1665.71,728.96,1892.06,1243.16
332,251,1283.79,777.65,1392.5,1176.56
332,328,1484.25,772.54,1563.82,1072.77
332,335,2218.08,854.11,2379.01,1095.46
332,317,2123.81,831.38,2192.35,996.05
332,340,1906.08,801.22,2014.52,1067.72
333,90,1400.06,765.01,1522.44,1138.3
333,157,809.19,664.86,1030.83,1374.13
333,171,1552.17,774.94,1659.6,1098.53
333,197,1014.76,752.37,1205.54,1294.1
333,242,540.62,640.76,810.17,1438.27
333,262,67.12,575.1,426.42,1431.21
333,264,1183.92,768.29,1320.89,1201.91
333,310,1652.78,725.57,1879.64,1241.27
333,251,1279.93,776.11,1388.81,1176.34
333,328,1475.73,768.92,1561.5,1094.9
333,335,2217.99,853.23,2379.03,1094.71
333,317,2123.16,831.4,2191.21,995.25
333,340,1899.9,799.05,2010.03,1065.66
334,90,1396.06,762.66,1519.11,1137.93
334,157,798.83,660.22,1024.84,1376.58
334,171,1547.91,780.22,1654.62,1099.13
334,197,1010.18,749.84,1203.52,1296.43
334,242,525.94,636.61,797.37,1436.43
334,262,38.61,568.81,404.73,1431.82
334,264,1177.2,766.29,1315.42,1202.98
334,310,1637.67,722.37,1862.52,1238.06
334,251,1276.01,774.26,1384.02,1171.78
334,328,1471.94,766.85,1559.47,1103.48
334,335,2217.71,851.61,2379.51,1094.3
334,317,2122.22,831.41,2190.13,994.48
334,340,1896.8,798.7,2008.53,1065.13
335,90,1392.57,760.95,1517.04,1140.78
335,157,787.8,657.93,1018.74,1383.17
335,171,1541.67,780.39,1647.62,1099.95
335,197,1001.73,748.32,1197.22,1298.34
335,242,511.54,633.15,785.41,1436.84
335,262,16.7,561.68,389.37,1432.24
335,264,1171.84,765.98,1310.73,1203.48
335,310,1622.71,719.5,1841.45,1226.31
335,251,1271.29,773.04,1379.87,1172.57
335,328,1469.55,764.77,1557.82,1107.19
335,335,2217.47,850.49,2379.71,1093.89
335,317,2121.75,829.84,2191.01,994.71
335,340,1892.9,798.91,2005.86,1064.84
335,347,372.9,845.15,439.83,1014.17
336,90,1390.32,760.65,1515.51,1143.37
336,157,778.29,658.34,1012.59,1386.74
336,171,1538.56,780.86,1643.57,1100.19
336,197,987.15,747.34,1182.6,1300.47
336,242,494.82,629.83,770.26,1435.71
336,262,0.0,559.04,373.26,1431.9
336,264,1168.75,766.14,1308.66,1206.13
336,310,1608.92,717.81,1821.45,1217.82
336,251,1265.74,772.97,1375.17,1177.5
336,328,1469.53,766.91,1558.44,1110.39
336,335,2216.28,850.06,2379.47,1094.67
336,317,2121.49,828.4,2191.93,995.02
336,340,1889.5,799.64,2003.7,1065.0
336,347,368.26,847.42,434.81,1015.05
337,90,1386.69,761.24,1511.4,1143.25
337,157,765.06,659.61,1003.78,1392.99
337,171,1534.05,780.85,1639.28,1103.57
337,197,977.25,749.14,1172.41,1303.66
337,242,479.13,627.99,755.82,1434.42
337,262,0.0,556.13,360.92,1431.3
337,264,1161.15,767.06,1301.95,1208.76
337,310,1592.89,715.9,1799.49,1210.67
337,251,1258.97,772.17,1369.94,1182.84
337,328,1467.09,765.44,1557.59,1112.59
337,335,2214.39,849.79,2379.5,1097.14
337,317,2121.33,827.76,2192.41,995.02
337,340,1885.32,801.23,2000.48,1065.99
337,347,364.61,850.24,430.75,1016.01
338,90,1382.91,763.14,1507.8,1144.4
338,157,752.73,660.84,994.4,1398.5
338,171,1529.62,780.84,1634.46,1106.24
338,197,967.75,749.62,1163.84,1309.97
338,242,462.76,626.28,740.7,1433.68
338,262,0.0,558.92,351.57,1430.63
338,264,1156.25,768.19,1298.26,1213.22
338,310,1581.67,716.25,1785.62,1211.92
338,251,1255.02,772.55,1366.34,1185.2
338,328,1469.84,767.12,1562.55,1116.14
338,335,2215.47,851.4,2380.38,1098.82
338,317,2121.37,827.38,2192.95,995.3
338,340,1878.12,804.17,1992.52,1067.0
338,347,360.27,850.95,427.16,1017.67
339,90,1380.04,764.0,1505.5,1146.09
339,157,750.26,660.54,993.73,1404.64
339,171,1525.38,782.77,1627.26,1104.55
339,197,958.75,749.83,1156.14,1315.79
339,242,446.79,627.51,725.36,1434.25
339,262,0.0,561.05,332.78,1431.08
339,264,1148.72,766.81,1292.52,1216.24
339,310,1572.5,715.05,1774.34,1212.86
339,251,1250.49,773.14,1361.87,1186.1
339,328,1458.89,769.08,1550.53,1116.08
339,335,2212.07,852.89,2378.25,1101.32
339,317,2120.44,828.38,2191.88,995.31
339,340,1871.56,805.48,1985.47,1068.98
339,347,356.88,852.73,423.64,1017.88
339,351,1826.32,832.03,1890.77,1020.68
340,90,1376.34,765.14,1502.3,1149.71
340,157,740.86,661.36,986.25,1412.5
340,171,1521.84,783.72,1621.12,1104.94
340,197,948.1,749.86,1147.47,1324.94
340,242,430.43,623.48,711.07,1434.67
340,262,0.0,559.93,320.14,1428.97
340,264,1139.63,766.29,1285.45,1220.1
340,310,1566.13,716.7,1765.33,1214.74
340,251,1246.68,773.99,1358.33,1188.65
340,328,1465.84,770.64,1559.87,1118.31
340,335,2214.27,853.57,2380.77,1102.24
340,317,2119.55,828.82,2191.01,995.41
340,340,1872.71,807.36,1987.46,1070.88
340,347,352.94,852.4,420.9,1018.61
340,351,1827.18,832.63,1891.43,1021.01
341,90,1372.12,765.69,1498.94,1154.05
341,157,731.21,661.12,978.32,1419.57
341,171,1517.01,784.77,1614.33,1109.44
341,197,940.81,748.11,1141.51,1330.07
341,242,416.56,625.55,696.63,1433.33
341,262,0.0,557.54,314.45,1429.33
341,264,1132.52,764.53,1280.04,1223.42
341,310,1555.43,720.05,1751.18,1213.57
341,251,1240.23,774.71,1353.56,1192.92
341,328,1452.78,769.07,1547.63,1120.48
341,335,2214.47,854.08,2381.63,1103.63
341,317,2117.92,829.73,2189.06,995.8
341,340,1872.73,808.69,1988.53,1072.31
341,347,350.23,853.67,418.59,1019.32
341,351,1826.96,833.93,1891.32,1023.05
342,90,1368.74,765.55,1495.21,1154.92
342,157,726.76,660.88,974.72,1426.9
342,171,1512.58,787.01,1606.25,1109.9
342,197,934.33,748.27,1136.25,1334.43
342,242,402.85,626.55,683.05,1433.05
342,262,0.0,554.66,298.31,1428.86
342,264,1124.73,766.09,1273.4,1226.81
342,310,1536.52,722.17,1734.72,1221.01
342,251,1237.14,776.97,1350.76,1194.42
342,328,1446.45,770.06,1542.2,1124.77
342,335,2215.04,854.52,2383.21,1106.11
342,317,2118.38,828.82,2190.52,997.07
342,340,1870.53,809.68,1987.4,1074.05
342,347,346.85,853.83,415.42,1018.6
342,351,1825.28,835.24,1888.75,1021.93
343,90,1365.82,765.01,1493.0,1156.83
343,157,718.84,661.15,966.9,1433.15
343,197,926.44,749.54,1128.5,1336.21
343,242,385.56,626.0,666.77,1433.01
343,262,0.0,552.37,277.83,1427.77
343,264,1119.18,766.72,1270.07,1232.26
343,310,1520.34,727.27,1719.97,1225.37
343,251,1232.84,777.07,1347.19,1196.83
343,328,1438.89,769.09,1535.95,1129.31
343,335,2215.08,854.8,2384.15,1107.81
343,317,2117.56,830.94,2188.87,997.4
343,340,1867.49,809.64,1985.05,1074.71
343,347,342.59,853.67,411.65,1019.48
343,351,1824.78,833.24,1889.26,1022.73
343,212,1707.52,816.86,1785.12,1049.22
344,90,1361.93,764.17,1489.51,1157.43
344,157,715.42,661.03,961.83,1434.37
344,197,916.9,749.96,1120.38,1341.68
344,242,371.06,625.2,653.16,1432.73
344,262,0.0,550.2,266.7,1431.42
344,264,1115.88,767.27,1267.5,1234.82
344,310,1505.76,729.34,1708.3,1228.13
344,251,1226.93,776.96,1342.14,1195.74
344,328,1439.08,769.32,1535.75,1126.48
344,335,2214.51,854.59,2384.68,1108.53
344,317,2118.63,830.65,2190.09,997.33
344,340,1866.65,809.56,1984.34,1073.84
344,347,336.71,857.46,403.75,1019.96
344,351,1823.28,832.4,1888.25,1022.96
344,212,1705.41,816.65,1781.49,1048.53
345,90,1358.2,764.0,1485.42,1157.23
345,157,707.78,660.56,952.9,1436.51
345,197,907.58,749.72,1111.01,1342.89
345,242,353.7,623.03,637.48,1433.36
345,262,0.0,549.38,247.92,1430.93
345,264,1112.02,769.09,1263.8,1236.68
345,310,1495.24,730.52,1701.32,1230.05
345,251,1223.05,776.39,1340.17,1198.74
345,328,1436.95,767.21,1533.6,1124.64
345,335,2214.12,854.15,2385.49,1109.36
345,317,2119.89,832.0,2190.58,996.95
345,340,1863.55,808.33,1981.98,1072.45
345,351,1816.98,831.25,1879.92,1016.95
345,212,1703.8,816.64,1779.36,1049.1
346,90,1355.77,763.82,1483.35,1158.25
346,157,697.03,656.03,941.28,1435.83
346,197,898.52,749.91,1102.52,1346.98
346,242,337.36,621.33,622.86,1433.75
346,262,0.0,542.08,230.59,1431.85
346,264,1107.17,768.86,1259.28,1236.2
346,310,1489.39,731.3,1698.67,1230.88
346,251,1217.55,775.32,1335.51,1199.6
346,328,1433.92,768.51,1530.24,1124.75
346,335,2214.84,853.38,2387.42,1109.54
346,317,2120.88,832.84,2191.09,996.73
346,340,1861.4,806.92,1979.43,1070.06
346,351,1815.6,831.3,1877.6,1015.49
346,212,1703.46,815.83,1778.33,1048.07
346,355,1047.13,760.54,1144.58,1267.25
347,90,1353.99,763.4,1481.51,1158.84
347,157,686.4,649.25,931.62,1438.23
347,197,892.12,747.34,1097.11,1347.77
347,242,321.5,615.51,610.58,1435.37
347,262,0.0,534.57,208.73,1430.71
347,264,1103.48,767.41,1256.39,1236.11
347,310,1485.24,730.66,1696.36,1226.76
347,251,1211.55,773.62,1330.33,1200.33
347,328,1431.41,768.67,1526.45,1121.51
347,335,2216.5,852.53,2389.96,1109.89
347,317,2121.44,832.92,2191.61,996.96
347,340,1860.45,805.59,1977.9,1068.43
347,351,1815.7,830.39,1877.32,1014.49
347,212,1705.22,814.61,1779.18,1045.4
347,355,1044.91,759.93,1141.51,1262.67
347,357,1658.27,822.79,1735.13,1065.85
348,90,1349.39,762.16,1476.98,1159.59
348,157,675.8,645.65,920.92,1437.44
348,197,883.38,746.19,1089.39,1349.87
348,242,304.76,609.92,596.52,1435.66
348,264,1096.42,764.12,1252.61,1240.37
348,310,1481.14,730.5,1695.49,1227.45
348,251,1206.98,771.63,1327.26,1200.58
348,328,1427.34,767.35,1521.01,1116.63
348,335,2218.23,851.22,2393.04,1110.8
348,317,2122.95,832.6,2193.29,996.97
348,340,1857.74,805.06,1974.57,1067.79
348,351,1815.24,828.82,1876.82,1013.82
348,212,1706.95,813.93,1780.17,1044.22
348,355,1035.58,751.91,1135.38,1272.62
348,357,1656.06,821.73,1733.3,1065.72
348,358,0.0,533.2,122.66,1051.59
349,90,1347.75,760.4,1476.19,1160.11
349,157,666.61,642.89,912.01,1439.06
349,197,874.91,742.98,1082.56,1351.19
349,242,285.95,604.97,580.21,1435.24
349,264,1090.03,762.69,1247.65,1241.67
349,310,1476.98,728.48,1694.59,1227.46
349,251,1203.87,769.67,1325.54,1201.23
349,328,1431.0,765.95,1505.81,1037.55
349,335,2219.56,851.31,2394.46,1111.34
349,317,2123.14,833.79,2192.62,996.67
349,340,1854.38,803.63,1970.53,1067.64
349,351,1813.8,828.1,1875.05,1013.08
349,212,1706.39,814.82,1779.01,1043.19
349,355,1027.14,748.14,1125.44,1262.65
349,357,1653.81,821.36,1731.49,1065.42
350,90,1344.65,758.35,1473.55,1159.6
350,157,658.84,640.4,904.33,1439.96
350,197,865.55,737.4,1076.01,1353.88
350,242,268.2,598.78,565.48,1435.6
350,264,1083.47,760.32,1242.35,1241.16
350,310,1469.34,719.58,1690.77,1224.92
350,251,1200.61,766.91,1323.61,1203.03
350,328,1430.21,765.31,1498.75,1010.56
350,335,2222.19,849.89,2397.53,1111.16
350,317,2124.09,833.95,2193.41,996.68
350,340,1854.94,802.79,1969.38,1067.41
350,351,1812.82,827.41,1873.49,1011.68
350,212,1705.73,812.36,1778.49,1044.21
350,355,1021.61,745.98,1119.88,1259.56
350,357,1654.38,821.09,1732.43,1064.92
351,90,1341.32,757.5,1470.17,1159.52
351,157,647.94,635.35,893.49,1437.89
351,197,857.66,735.94,1069.39,1356.53
351,242,249.44,591.83,549.65,1435.76
351,264,1076.98,758.12,1237.05,1240.72
351,310,1456.67,721.35,1677.91,1223.42
351,251,1195.61,762.34,1319.9,1204.12
351,335,2224.58,849.03,2400.36,1111.33
351,317,2124.43,833.54,2193.76,996.43
351,340,1851.81,801.75,1965.56,1067.44
351,351,1812.77,826.77,1873.95,1013.71
351,212,1707.4,809.38,1780.1,1043.71
351,355,1015.82,745.76,1115.26,1263.37
351,357,1655.73,820.49,1734.31,1064.46
351,361,0.0,814.03,56.41,1055.84
352,90,1339.01,755.09,1468.07,1159.91
352,157,636.67,630.93,882.31,1436.49
352,197,850.05,733.76,1063.97,1361.43
352,242,230.28,584.49,534.24,1435.58
352,264,1073.65,755.73,1235.3,1241.46
352,310,1443.67,721.29,1662.0,1214.97
352,251,1192.04,761.66,1317.05,1205.95
352,335,2227.46,848.92,2403.48,1111.49
352,317,2124.55,832.87,2193.54,995.74
352,340,1850.22,799.72,1963.26,1066.95
352,351,1810.87,826.12,1873.22,1018.03
352,212,1707.35,810.02,1779.59,1044.04
352,355,1010.3,745.56,1111.77,1271.0
352,357,1656.15,818.24,1735.95,1063.62
352,361,0.0,819.5,48.39,1014.47
353,90,1335.81,753.74,1464.6,1161.18
353,157,628.63,628.06,874.94,1436.82
353,197,842.84,728.05,1060.51,1365.89
353,242,213.17,579.53,519.75,1434.75
353,264,1069.19,752.15,1233.18,1243.74
353,310,1429.97,721.25,1644.76,1207.78
353,251,1189.43,760.69,1315.04,1207.58
353,335,2231.08,849.43,2406.95,1111.31
353,317,2126.08,832.25,2195.12,995.17
353,340,1846.21,800.37,1957.67,1064.57
353,351,1808.28,823.48,1871.6,1020.05
353,355,1004.56,742.35,1107.9,1275.62
353,357,1656.52,817.64,1737.21,1063.62
353,361,1.66,824.17,37.25,966.24
354,90,1333.75,751.75,1463.54,1164.59
354,157,617.06,624.1,864.73,1436.19
354,197,834.4,727.33,1052.57,1367.71
354,242,194.29,575.17,504.13,1436.0
354,264,1064.5,750.78,1230.44,1246.36
354,310,1413.0,721.04,1625.28,1204.03
354,251,1186.14,760.24,1312.52,1211.53
354,335,2232.88,849.49,2408.3,1110.37
354,317,2128.23,831.03,2198.27,994.88
354,340,1842.7,801.18,1953.22,1063.83
354,351,1807.01,824.17,1869.53,1019.73
354,355,1000.16,743.51,1103.82,1277.79
354,357,1656.1,815.2,1738.72,1063.58
354,361,0.0,833.95,30.31,956.3
355,90,1331.1,752.54,1460.3,1167.35
355,157,604.91,621.43,852.38,1435.75
355,197,825.24,727.06,1044.85,1374.03
355,242,171.82,572.18,483.34,1435.78
355,264,1058.26,750.52,1225.08,1250.17
355,310,1397.32,717.33,1608.74,1205.29
355,251,1183.38,759.43,1310.04,1214.29
355,335,2236.57,850.01,2412.89,1111.53
355,317,2130.57,830.89,2200.56,993.5
355,340,1842.33,801.73,1952.32,1064.93
355,351,1806.79,827.01,1869.58,1025.35
355,355,993.61,747.53,1098.67,1284.85
355,357,1656.59,815.32,1740.96,1065.09
355,361,0.0,836.82,25.88,956.08
355,212,1708.42,808.69,1780.36,1044.96
356,90,1328.15,752.01,1457.26,1170.08
356,157,595.66,620.61,843.62,1436.72
356,197,815.44,725.97,1037.12,1381.44
356,242,152.43,570.78,465.05,1434.02
356,264,1051.52,749.73,1219.4,1253.35
356,310,1381.66,713.15,1593.17,1210.42
356,251,1178.02,759.52,1305.13,1216.6
356,335,2236.95,850.54,2413.58,1111.9
356,317,2131.06,831.24,2201.12,993.37
356,340,1837.68,802.44,1948.02,1066.02
356,351,1806.75,828.74,1866.94,1022.47
356,355,985.0,746.88,1091.62,1292.24
356,357,1657.12,815.65,1742.61,1065.11
356,363,1537.43,763.08,1630.86,1122.13
356,212,1708.73,810.5,1780.6,1048.76
357,90,1325.43,751.88,1454.23,1173.38
357,157,588.43,621.49,836.67,1436.16
357,197,807.83,729.32,1030.67,1390.64
357,242,135.93,571.12,450.25,1434.64
357,264,1049.33,750.89,1216.94,1256.15
357,310,1370.81,714.07,1576.8,1209.46
357,251,1174.74,759.35,1302.23,1218.26
357,335,2238.31,851.41,2416.49,1114.49
357,317,2131.79,830.87,2201.67,993.51
357,340,1834.97,803.23,1945.6,1067.07
357,351,1808.53,830.59,1865.72,1018.41
357,355,979.95,746.98,1087.35,1299.08
357,357,1657.44,816.41,1744.39,1066.31
357,363,1531.76,764.63,1626.36,1127.44
357,212,1710.23,811.95,1781.16,1049.59
358,90,1323.05,753.38,1449.21,1172.52
358,157,577.83,622.39,826.23,1436.15
358,197,800.22,731.82,1024.27,1397.44
358,242,117.47,572.24,432.12,1430.92
358,264,1048.65,756.34,1214.81,1259.27
358,310,1353.86,717.62,1557.85,1215.96
358,251,1171.73,760.1,1299.9,1223.07
358,335,2239.87,853.55,2418.54,1116.83
358,317,2132.68,830.38,2202.66,993.99
358,340,1832.94,807.53,1943.23,1068.93
358,351,1808.37,831.85,1863.53,1015.8
358,355,971.27,746.7,1080.84,1303.8
358,357,1657.51,817.32,1746.11,1068.34
358,363,1521.34,769.15,1616.05,1132.16
358,212,1713.54,812.06,1782.56,1044.54
359,90,1311.86,755.82,1434.77,1178.17
359,157,569.08,623.43,818.31,1436.04
359,197,790.56,732.7,1015.06,1401.7
359,242,98.77,574.11,415.57,1431.9
359,264,1045.03,760.18,1210.97,1262.34
359,310,1344.29,720.44,1545.22,1220.89
359,251,1169.12,760.41,1297.64,1225.6
359,335,2240.54,851.94,2422.18,1119.61
359,317,2132.64,830.46,2202.65,994.85
359,340,1830.47,808.7,1941.23,1069.35
359,351,1806.27,829.38,1861.59,1017.56
359,355,963.63,748.69,1075.58,1310.16
359,357,1657.37,818.12,1748.0,1071.04
359,363,1518.75,774.67,1612.84,1134.06
359,212,1715.61,813.13,1784.34,1045.28
360,90,1307.9,757.95,1426.96,1180.49
360,157,557.97,624.01,809.01,1436.13
360,197,781.19,733.52,1007.55,1409.37
360,242,77.52,573.01,397.89,1432.73
360,264,1036.35,760.28,1205.32,1268.13
360,310,1338.07,719.8,1538.1,1226.25
360,251,1164.44,761.76,1293.32,1227.8
360,335,2242.75,854.29,2424.52,1121.73
360,317,2131.97,830.42,2202.29,996.21
360,340,1826.22,812.91,1938.37,1073.39
360,351,1803.51,825.83,1858.93,1016.72
360,355,958.77,750.9,1071.95,1315.4
360,357,1658.1,818.75,1750.16,1072.55
360,363,1518.56,778.48,1612.88,1135.85
360,212,1716.19,813.15,1784.22,1042.27
361,157,544.22,623.28,797.02,1436.14
361,197,772.17,732.29,999.99,1413.49
361,242,54.8,572.15,378.15,1431.57
361,264,1028.32,759.77,1199.73,1271.71
361,310,1330.59,723.59,1528.01,1227.03
361,251,1160.43,763.38,1290.34,1232.14
361,335,2244.18,856.23,2425.96,1123.33
361,317,2132.03,831.79,2201.72,996.33
361,340,1824.11,815.28,1937.45,1075.08
361,351,1805.31,825.03,1860.19,1016.83
361,355,956.15,762.65,1068.13,1318.51
361,357,1657.47,819.06,1750.46,1072.64
361,363,1515.01,776.18,1610.98,1136.63
361,212,1716.92,812.37,1784.86,1041.08
362,157,534.49,622.36,789.41,1436.02
362,197,763.39,732.18,992.84,1419.12
362,242,32.3,569.99,359.64,1431.24
362,264,1023.23,760.34,1197.56,1276.11
362,310,1328.02,730.94,1522.49,1228.7
362,251,1153.79,762.44,1285.81,1238.01
362,335,2243.37,855.7,2427.89,1127.11
362,317,2132.33,832.86,2201.82,997.03
362,340,1822.25,817.65,1936.36,1077.19
362,351,1807.02,822.59,1863.8,1022.62
362,355,950.17,760.69,1063.69,1321.56
362,357,1657.85,820.75,1751.52,1074.26
362,363,1512.11,782.09,1608.79,1139.99
362,212,1717.52,812.7,1785.4,1041.31
362,365,1317.31,758.12,1386.29,1138.1
363,157,523.42,621.88,780.13,1433.65
363,197,754.01,733.54,984.52,1425.44
363,242,12.58,569.1,342.99,1431.85
363,264,1017.9,761.26,1194.47,1280.2
363,310,1319.44,736.68,1512.53,1229.4
363,251,1147.0,761.34,1281.05,1243.89
363,335,2242.69,853.52,2430.42,1130.51
363,317,2132.26,833.45,2201.52,997.78
363,340,1819.2,816.63,1934.55,1077.47
363,355,943.39,762.12,1057.86,1325.69
363,357,1657.68,820.89,1752.13,1074.87
363,363,1508.42,784.38,1606.06,1139.14
363,212,1718.22,813.75,1786.13,1043.88
363,365,1310.36,757.09,1385.96,1173.86
364,157,509.12,620.37,768.07,1432.71
364,197,743.55,732.58,976.67,1432.92
364,242,0.31,567.63,331.29,1429.9
364,264,1012.1,762.42,1190.1,1282.78
364,310,1305.74,738.81,1500.76,1229.94
364,251,1143.4,760.62,1276.9,1240.54
364,335,2245.92,854.21,2432.55,1129.79
364,317,2132.03,834.16,2201.14,999.03
364,340,1815.47,816.12,1931.22,1076.35
364,355,935.67,759.1,1051.77,1328.42
364,357,1656.5,820.44,1751.89,1075.29
364,363,1501.78,779.76,1602.5,1140.96
364,212,1722.58,817.47,1788.85,1043.64
365,157,493.67,617.44,756.28,1433.37
365,197,732.38,731.41,966.87,1436.41
365,242,0.0,562.23,320.02,1429.1
365,264,1005.91,763.7,1185.02,1284.76
365,310,1294.22,741.23,1490.85,1232.09
365,251,1139.14,760.57,1273.67,1243.07
365,335,2246.94,853.38,2434.84,1131.28
365,317,2131.97,835.57,2200.32,999.62
365,340,1812.27,816.95,1927.55,1074.95
365,355,928.14,777.73,1041.98,1330.29
365,357,1654.3,820.11,1750.48,1076.17
365,363,1498.46,779.28,1600.9,1141.98
365,212,1721.19,817.4,1786.55,1043.78
365,347,277.39,855.44,349.13,1018.21
366,157,478.89,614.74,745.92,1434.52
366,197,721.49,729.56,956.37,1436.53
366,242,0.0,557.67,305.82,1427.39
366,264,998.35,761.92,1180.0,1288.25
366,310,1280.11,739.44,1479.72,1234.61
366,251,1132.18,759.32,1267.48,1244.33
366,335,2248.46,852.79,2437.4,1132.41
366,317,2131.98,836.77,2199.61,999.68
366,340,1808.98,815.94,1924.11,1074.12
366,355,916.68,764.14,1034.2,1331.36
366,357,1652.85,819.75,1749.5,1076.48
366,363,1494.04,778.11,1598.06,1142.32
366,212,1719.8,817.34,1784.15,1042.18
366,347,275.3,856.55,348.65,1019.87
367,157,461.3,611.77,731.48,1433.24
367,197,710.32,728.48,945.26,1435.26
367,242,0.0,553.09,294.51,1427.64
367,264,989.85,759.13,1173.68,1289.78
367,310,1265.63,736.34,1465.87,1232.65
367,251,1125.63,758.27,1261.46,1245.09
367,335,2248.8,853.29,2437.87,1133.07
367,317,2131.56,836.97,2198.9,999.84
367,340,1803.55,815.39,1918.32,1073.63
367,355,900.12,753.9,1022.23,1332.14
367,357,1650.86,819.52,1747.94,1076.92
367,363,1493.33,783.39,1597.63,1141.69
367,212,1718.06,816.57,1781.92,1041.04
367,347,272.18,858.83,346.94,1022.23
367,171,1405.14,760.64,1520.21,1150.85
368,157,443.92,606.51,718.21,1432.84
368,197,697.81,725.15,934.25,1437.23
368,242,0.0,542.53,279.39,1428.31
368,264,981.8,754.62,1168.41,1290.46
368,310,1249.51,732.72,1445.8,1220.9
368,251,1120.84,757.22,1257.01,1245.75
368,335,2249.52,852.59,2439.7,1132.91
368,317,2131.63,837.2,2198.83,999.91
368,340,1798.14,813.73,1912.4,1072.09
368,355,893.78,750.13,1018.04,1333.69
368,357,1650.47,818.61,1748.49,1077.48
368,363,1489.46,778.72,1596.38,1142.13
368,212,1719.96,818.77,1782.82,1041.49
368,347,267.22,859.38,343.39,1023.3
368,171,1399.3,762.91,1519.91,1154.3
369,157,424.84,601.78,702.76,1431.71
369,197,684.83,723.78,921.66,1437.44
369,242,0.0,533.88,263.06,1429.52
369,264,972.44,753.55,1161.45,1292.16
369,310,1233.91,729.39,1427.6,1213.23
369,251,1114.02,755.56,1251.11,1249.36
369,335,2249.09,850.44,2441.65,1133.32
369,317,2130.58,836.85,2197.69,1000.35
369,340,1792.65,813.67,1906.05,1071.69
369,355,885.34,747.11,1011.29,1334.96
369,357,1648.65,818.6,1747.42,1078.52
369,363,1487.42,776.58,1595.93,1141.98
369,212,1716.24,815.64,1779.26,1040.19
369,347,264.88,859.3,341.91,1023.64
369,171,1392.32,761.26,1519.0,1158.31
370,157,404.7,597.1,686.64,1432.45
370,197,670.9,721.55,909.13,1438.33
370,242,0.0,528.63,247.11,1429.83
370,264,963.23,752.58,1154.03,1293.87
370,310,1220.41,726.76,1411.72,1212.46
370,251,1108.86,753.81,1245.81,1247.87
370,335,2248.03,849.56,2442.44,1134.63
370,317,2130.12,837.06,2197.15,1000.8
370,340,1788.88,813.33,1901.24,1071.79
370,355,875.89,743.54,1004.27,1339.0
370,357,1645.7,816.66,1745.86,1078.61
370,363,1484.73,777.41,1594.17,1142.12
370,212,1713.32,811.72,1776.76,1039.93
370,347,259.87,857.84,338.79,1024.86
370,171,1387.23,759.06,1519.88,1166.55
371,157,386.77,594.01,672.94,1432.09
371,197,656.66,718.67,896.61,1439.09
371,242,0.0,523.84,226.2,1428.46
371,264,955.88,754.49,1147.6,1295.22
371,310,1208.84,724.94,1396.58,1211.95
371,251,1102.08,752.57,1241.25,1254.43
371,335,2247.75,849.6,2443.34,1135.97
371,317,2129.51,836.8,2196.33,1000.44
371,340,1784.38,813.87,1895.26,1072.65
371,355,862.65,742.53,993.69,1344.01
371,357,1644.73,815.57,1745.7,1078.79
371,363,1480.86,781.87,1590.72,1143.6
371,212,1709.48,807.77,1774.32,1042.59
371,347,257.08,858.43,336.23,1024.68
371,171,1381.28,757.6,1517.3,1168.36
372,157,367.5,592.85,657.71,1432.07
372,197,643.01,718.71,883.3,1439.07
372,264,945.82,752.55,1140.46,1298.29
372,310,1200.01,721.91,1384.99,1212.43
372,251,1092.89,752.98,1232.53,1254.87
372,335,2246.88,849.82,2442.99,1136.39
372,317,2128.1,837.21,2194.17,999.7
372,340,1780.15,815.05,1888.21,1070.74
372,355,840.14,740.22,976.83,1349.97
372,357,1643.38,816.88,1744.22,1079.47
372,363,1476.37,784.14,1587.29,1144.88
372,212,1709.25,809.06,1772.84,1041.71
372,347,253.18,858.96,333.35,1024.88
372,171,1373.11,755.13,1511.59,1162.77
372,370,1315.62,748.82,1426.33,1195.8
372,358,0.0,521.16,156.82,1283.45
373,157,342.79,589.32,638.09,1434.41
373,197,628.97,718.57,869.21,1437.41
373,264,935.98,752.11,1133.65,1303.09
373,310,1189.08,723.84,1369.91,1211.46
373,251,1083.45,754.48,1223.79,1259.47
373,335,2246.51,849.75,2444.47,1138.05
373,317,2126.43,837.14,2192.55,999.22
373,340,1777.31,814.86,1883.66,1070.08
373,355,822.88,741.41,963.49,1351.02
373,357,1641.62,816.4,1743.09,1080.74
373,363,1473.23,781.89,1586.21,1145.98
373,212,1707.75,805.36,1772.6,1044.33
373,347,249.43,859.56,329.62,1025.05
373,171,1369.61,755.36,1507.46,1159.41
373,370,1311.5,748.08,1423.85,1201.16
373,358,0.0,528.69,136.81,1239.51
374,157,321.95,587.05,620.99,1433.59
374,197,613.78,719.12,854.6,1436.01
374,264,923.54,751.79,1123.81,1307.23
374,310,1174.5,723.84,1352.92,1213.51
374,251,1073.99,754.72,1215.71,1262.61
374,335,2245.32,851.21,2444.06,1140.85
374,317,2124.63,837.14,2191.1,1000.04
374,340,1773.78,815.8,1878.91,1071.85
374,355,818.81,741.89,961.54,1354.86
374,357,1639.27,817.87,1740.23,1081.07
374,363,1466.91,780.44,1581.79,1147.86
374,212,1707.82,807.58,1772.96,1047.64
374,347,244.16,861.32,323.71,1025.69
374,171,1357.28,758.96,1493.23,1162.99
374,370,1302.78,749.51,1415.87,1205.15
375,157,300.89,586.99,603.77,1433.36
375,197,599.32,719.0,841.55,1437.24
375,264,912.3,752.79,1116.2,1314.45
375,310,1162.27,727.43,1336.87,1213.49
375,251,1067.74,757.6,1209.31,1264.47
375,335,2243.95,854.76,2441.25,1142.52
375,317,2123.98,838.32,2191.09,1000.88
375,340,1774.5,818.49,1877.98,1073.63
375,355,805.86,742.44,952.62,1363.16
375,357,1637.56,818.08,1739.03,1083.14
375,363,1462.0,781.98,1578.04,1149.97
375,212,1704.38,806.21,1770.32,1050.31
375,347,236.65,867.83,311.97,1025.57
375,171,1361.49,760.36,1496.46,1164.0
375,370,1299.18,750.4,1412.43,1206.59
375,375,1572.96,815.83,1633.08,1086.09
376,157,279.9,588.47,585.93,1433.62
376,197,586.54,720.15,829.73,1437.72
376,264,903.06,753.25,1110.84,1320.09
376,310,1150.31,730.27,1323.93,1217.36
376,251,1060.25,757.78,1203.07,1266.29
376,335,2243.57,856.34,2441.23,1144.72
376,317,2123.22,837.25,2191.62,1001.26
376,340,1768.37,821.03,1870.47,1075.25
376,355,785.03,742.41,937.92,1369.5
376,357,1637.11,818.52,1739.26,1084.66
376,363,1458.23,780.71,1576.19,1151.9
376,212,1704.86,807.99,1771.53,1053.87
376,347,229.59,880.17,297.82,1027.81
376,171,1355.5,763.25,1489.81,1165.52
376,370,1294.01,753.78,1407.58,1211.22
376,375,1570.53,815.5,1630.72,1085.48
377,157,256.85,586.86,566.39,1433.3
377,197,572.77,720.37,817.03,1438.27
377,264,897.18,754.91,1107.31,1325.91
377,310,1144.49,733.68,1316.24,1222.98
377,251,1053.86,757.03,1199.15,1272.46
377,335,2243.82,857.18,2440.84,1144.74
377,317,2123.52,837.21,2193.0,1001.61
377,340,1763.54,822.32,1864.74,1077.77
377,355,770.8,743.45,929.14,1377.26
377,357,1635.24,820.01,1737.57,1087.39
377,363,1456.7,779.65,1577.73,1155.18
377,212,1704.1,808.28,1771.09,1055.72
377,171,1352.11,763.16,1487.29,1167.18
377,370,1285.24,753.09,1400.19,1213.48
377,375,1568.98,816.27,1628.91,1084.06
378,157,236.41,587.52,549.23,1433.53
378,197,559.41,721.92,803.95,1436.79
378,264,890.25,753.9,1102.38,1327.74
378,310,1140.23,735.91,1309.76,1228.45
378,251,1047.26,757.75,1194.43,1278.84
378,335,2244.2,857.34,2441.41,1145.32
378,317,2123.19,837.7,2193.39,1002.12
378,340,1762.39,823.32,1862.3,1078.48
378,355,759.19,744.43,921.23,1380.12
378,357,1632.83,820.52,1735.24,1088.28
378,363,1454.1,781.79,1576.22,1156.7
378,212,1702.7,806.74,1769.52,1053.93
378,171,1349.78,763.57,1485.82,1167.96
378,370,1277.51,753.65,1395.0,1218.78
378,375,1566.66,818.77,1626.82,1086.46
379,157,218.02,585.51,535.85,1434.05
379,197,544.97,722.39,790.57,1436.23
379,264,881.53,754.59,1094.94,1328.86
379,310,1138.84,736.99,1304.41,1226.75
379,251,1038.68,759.38,1188.4,1286.33
379,335,2245.34,857.23,2442.83,1145.5
379,317,2122.38,837.74,2193.08,1002.2
379,340,1758.53,823.88,1858.29,1080.22
379,355,742.85,744.41,910.76,1386.35
379,357,1631.23,821.24,1733.83,1089.45
379,363,1450.86,782.42,1574.93,1159.19
379,212,1701.45,807.43,1768.36,1056.26
379,171,1347.53,766.44,1485.18,1171.3
379,370,1271.09,753.86,1390.38,1220.05
379,375,1566.0,820.22,1626.39,1087.49
380,157,200.54,584.05,523.84,1434.1
380,197,532.55,721.48,780.33,1437.82
380,264,874.15,755.95,1090.21,1334.67
380,310,1137.85,749.27,1297.7,1226.81
380,251,1031.88,759.53,1183.21,1288.73
380,335,2246.4,858.55,2444.28,1147.71
380,317,2121.2,838.07,2191.81,1001.83
380,340,1756.73,824.63,1855.7,1081.39
380,355,729.09,746.15,902.92,1393.22
380,357,1628.72,821.89,1731.87,1091.17
380,363,1445.65,782.56,1570.02,1159.62
380,212,1701.02,806.13,1767.73,1056.53
380,171,1335.1,765.76,1471.76,1175.51
380,370,1264.98,753.14,1386.48,1221.19
380,375,1564.03,820.27,1625.01,1088.21
381,157,180.46,583.03,508.0,1433.57
381,197,519.5,720.31,768.84,1436.71
381,264,865.41,756.06,1082.86,1338.68
381,310,1130.08,747.04,1289.79,1225.62
381,251,1027.57,760.83,1178.68,1286.75
381,335,2248.44,858.24,2446.6,1148.28
381,317,2120.45,839.15,2190.83,1001.85
381,340,1752.88,824.91,1851.19,1080.75
381,355,716.21,745.46,895.69,1397.07
381,357,1627.77,822.35,1731.27,1092.16
381,363,1444.35,782.59,1570.58,1162.07
381,212,1700.39,807.23,1766.36,1056.0
381,171,1330.49,765.88,1465.8,1179.2
381,370,1260.99,754.14,1384.54,1223.15
381,375,1562.3,819.73,1624.22,1089.88
382,157,158.2,581.09,490.5,1433.98
382,197,506.13,718.76,756.85,1435.83
382,264,858.37,754.68,1077.46,1340.11
382,310,1119.65,743.26,1280.72,1227.0
382,251,1021.7,757.5,1175.38,1290.02
382,335,2248.79,858.72,2448.51,1151.34
382,317,2120.17,840.53,2190.2,1001.96
382,340,1751.37,822.35,1848.47,1075.76
382,355,706.08,745.43,889.85,1399.04
382,357,1626.21,821.52,1730.08,1092.76
382,363,1441.55,783.03,1568.66,1162.76
382,212,1699.58,808.33,1766.0,1059.7
382,171,1329.63,766.26,1465.38,1182.91
382,370,1256.57,754.79,1383.08,1226.51
382,375,1560.23,820.5,1622.81,1091.31
383,157,137.83,578.49,475.66,1434.46
383,197,491.83,718.37,743.94,1435.03
383,264,850.25,752.82,1071.15,1341.88
383,310,1121.62,786.01,1267.75,1228.06
383,251,1014.1,748.33,1171.83,1291.88
383,335,2249.35,859.03,2448.96,1151.61
383,317,2120.01,841.69,2189.8,1002.2
383,340,1749.38,820.05,1845.68,1073.4
383,355,695.17,744.51,882.94,1399.27
383,357,1624.83,821.54,1728.89,1093.09
383,363,1440.17,784.24,1567.91,1163.65
383,212,1699.19,809.44,1765.35,1059.9
383,171,1326.92,765.73,1461.95,1183.74
383,370,1251.54,752.93,1379.91,1226.75
383,375,1560.06,820.16,1623.48,1093.47
383,376,1816.32,831.61,1876.69,1042.41
384,157,114.54,573.7,457.65,1433.29
384,197,477.41,714.94,732.33,1434.51
384,264,840.9,751.01,1066.06,1347.14
384,310,1117.78,794.01,1252.26,1205.1
384,251,1007.07,741.39,1168.58,1297.14
384,335,2251.1,858.37,2451.78,1152.43
384,317,2119.94,842.29,2189.57,1002.23
384,340,1747.37,819.3,1841.49,1068.91
384,355,683.94,743.53,875.84,1402.73
384,357,1623.49,821.51,1727.58,1093.29
384,363,1438.58,784.65,1566.49,1162.42
384,212,1698.37,809.75,1764.32,1059.37
384,171,1330.76,764.95,1466.04,1181.04
384,370,1245.53,751.38,1375.67,1226.32
384,375,1558.7,819.08,1622.76,1094.91
384,376,1817.08,832.01,1877.23,1041.97
385,157,87.14,569.06,435.43,1432.54
385,197,463.32,711.74,720.87,1434.86
385,264,832.5,749.5,1058.15,1346.08
385,251,1001.31,736.45,1164.46,1295.52
385,335,2253.6,857.75,2454.04,1150.93
385,317,2120.05,843.15,2189.4,1002.28
385,340,1746.36,817.46,1839.95,1067.93
385,355,670.18,739.62,868.38,1407.68
385,357,1622.6,820.81,1726.82,1093.26
385,363,1434.42,784.15,1563.1,1163.0
385,212,1696.98,807.34,1763.07,1057.75
385,171,1332.91,764.19,1469.58,1180.72
385,370,1244.83,748.55,1377.66,1227.02
385,375,1554.19,819.62,1618.93,1094.78
385,376,1816.55,831.92,1876.62,1041.31
386,157,64.62,561.86,419.27,1432.18
386,197,448.72,705.79,709.69,1435.41
386,264,824.62,746.76,1052.7,1346.82
386,251,992.86,731.74,1158.36,1295.04
386,335,2254.3,857.38,2454.69,1150.1
386,317,2120.54,843.39,2189.95,1002.42
386,340,1744.64,816.56,1838.33,1068.9
386,355,658.17,736.11,861.17,1410.46
386,357,1622.14,819.72,1726.79,1093.58
386,363,1431.1,783.12,1560.65,1162.92
386,212,1696.89,806.73,1762.73,1056.63
386,171,1332.74,762.3,1470.75,1179.81
386,370,1239.67,746.33,1373.78,1225.86
386,375,1550.73,819.08,1616.72,1096.86
386,376,1815.8,832.07,1876.0,1041.43
387,157,40.86,556.28,401.23,1432.02
387,197,432.55,701.31,696.16,1435.25
387,264,816.84,744.32,1046.78,1348.54
387,251,986.45,728.96,1153.24,1294.14
387,335,2257.15,857.19,2457.43,1149.48
387,317,2121.4,843.37,2191.03,1002.49
387,340,1742.63,815.87,1836.29,1069.91
387,355,647.37,732.85,853.84,1410.97
387,357,1622.15,818.54,1726.97,1093.11
387,363,1427.48,782.12,1558.13,1164.19
387,212,1695.82,806.41,1761.47,1057.68
387,171,1328.84,757.88,1469.06,1179.85
387,370,1236.19,743.88,1371.77,1226.56
387,375,1551.92,819.88,1617.9,1097.02
387,376,1814.79,831.6,1875.37,1041.67
388,157,15.96,547.83,383.03,1433.09
388,197,415.59,698.13,681.58,1434.8
388,264,808.96,743.04,1041.22,1349.99
388,251,981.04,736.04,1146.96,1293.11
388,335,2258.73,855.09,2460.89,1150.27
388,317,2122.25,843.3,2192.21,1002.8
388,340,1741.45,816.46,1833.81,1067.42
388,355,637.3,730.78,846.94,1411.34
388,357,1622.05,818.67,1726.37,1091.64
388,363,1425.38,778.11,1557.94,1166.64
388,212,1694.55,809.22,1759.45,1059.85
388,171,1323.5,753.94,1465.96,1179.32
388,370,1231.99,742.71,1368.69,1227.18
388,375,1551.4,820.3,1617.04,1097.49
388,376,1813.22,830.37,1874.66,1042.41
389,157,0.0,529.87,373.83,1431.21
389,197,400.29,694.99,668.72,1434.79
389,264,800.14,736.44,1036.54,1352.62
389,251,970.47,734.5,1137.53,1296.04
389,335,2260.26,853.18,2464.28,1150.46
389,317,2122.94,843.0,2193.21,1002.69
389,340,1737.55,814.91,1831.16,1069.41
389,355,627.09,728.07,840.25,1414.26
389,357,1620.54,816.54,1725.53,1091.96
389,363,1420.82,778.45,1552.63,1166.29
389,171,1320.4,752.72,1464.96,1181.35
389,370,1228.48,741.1,1366.85,1228.93
389,375,1550.59,819.27,1615.89,1096.06
389,376,1811.12,829.14,1873.5,1043.53
390,157,0.0,524.78,361.74,1428.68
390,197,383.36,691.08,654.9,1435.66
390,264,791.25,733.02,1030.77,1356.53
390,251,964.08,736.58,1134.1,1304.72
390,335,2261.83,851.73,2468.51,1152.68
390,317,2123.57,842.83,2194.07,1002.61
390,340,1734.09,814.58,1828.34,1070.72
390,355,616.02,727.35,832.21,1418.57
390,357,1619.14,815.93,1724.36,1092.92
390,363,1420.83,777.16,1553.78,1167.38
390,171,1315.82,753.87,1460.67,1183.11
390,370,1223.64,739.57,1363.44,1230.82
390,375,1549.11,817.74,1613.45,1092.33
390,376,1809.69,828.5,1872.71,1043.68
391,157,0.0,526.4,350.13,1426.92
391,197,365.11,689.35,638.99,1434.55
391,264,784.43,733.7,1026.62,1361.36
391,251,954.22,731.48,1126.91,1308.29
391,335,2262.64,851.29,2470.34,1153.43
391,317,2123.83,842.91,2194.52,1002.59
391,340,1727.59,814.99,1822.1,1071.08
391,355,602.55,725.18,822.5,1424.06
391,357,1617.88,817.46,1723.2,1094.36
391,363,1420.6,777.52,1553.77,1167.32
391,171,1316.35,752.02,1462.43,1181.95
391,370,1219.66,739.18,1361.3,1233.74
391,375,1546.75,814.68,1611.9,1095.04
391,376,1809.29,828.9,1872.7,1044.74
392,157,0.0,523.53,335.61,1425.99
392,197,346.6,690.5,621.91,1433.79
392,264,775.09,731.42,1021.02,1368.03
392,251,949.34,736.51,1123.8,1315.0
392,335,2263.71,852.22,2472.68,1156.39
392,317,2124.0,842.77,2195.03,1002.9
392,340,1725.07,815.84,1820.85,1074.34
392,355,589.78,724.0,812.98,1429.34
392,357,1616.65,818.35,1722.28,1095.7
392,363,1418.53,775.9,1553.75,1170.72
392,171,1314.76,751.47,1462.29,1182.86
392,370,1215.55,738.41,1358.95,1237.26
392,375,1546.07,814.0,1611.35,1099.28
392,376,1809.18,830.12,1872.65,1045.46
393,157,0.0,524.54,319.87,1425.47
393,197,329.13,691.4,606.42,1434.89
393,264,763.4,731.9,1011.62,1372.38
393,251,942.49,740.27,1118.58,1317.73
393,335,2263.34,852.73,2475.92,1161.86
393,317,2123.81,842.78,2194.86,1002.77
393,340,1720.93,816.79,1817.84,1075.79
393,355,577.34,723.95,803.05,1433.58
393,357,1614.83,819.14,1720.4,1097.12
393,363,1414.24,775.09,1550.28,1173.07
393,171,1308.63,751.44,1458.52,1186.58
393,370,1209.8,738.06,1354.35,1241.02
393,375,1543.59,813.96,1608.93,1101.47
393,376,1807.72,831.88,1871.47,1046.54
394,157,0.0,521.37,306.24,1427.7
394,197,310.58,691.42,590.2,1434.17
394,264,754.04,734.66,1004.03,1377.46
394,251,935.07,743.35,1112.81,1320.62
394,335,2263.99,853.5,2477.84,1164.8
394,317,2123.49,842.52,2194.83,1002.86
394,340,1718.39,817.95,1816.34,1076.91
394,355,566.32,724.54,793.89,1435.37
394,357,1612.74,818.57,1718.76,1097.57
394,363,1412.98,776.19,1549.8,1175.02
394,171,1303.02,751.79,1454.8,1190.86
394,370,1204.29,739.14,1349.42,1243.95
394,375,1540.14,814.32,1605.42,1101.15
394,376,1806.75,832.33,1871.2,1047.61
395,157,0.0,523.69,292.03,1429.23
395,197,291.41,691.72,573.49,1434.7
395,264,743.65,738.53,996.14,1384.43
395,251,927.78,745.55,1107.76,1323.92
395,335,2264.06,854.31,2478.1,1166.03
395,317,2123.41,842.25,2195.1,1002.9
395,340,1716.33,818.29,1815.59,1078.21
395,355,553.67,724.59,783.96,1439.62
395,357,1612.16,818.7,1718.93,1098.7
395,363,1409.27,776.14,1547.15,1177.57
395,171,1299.98,751.84,1452.92,1192.29
395,370,1199.27,741.27,1345.05,1247.42
395,375,1540.66,813.71,1605.22,1099.74
395,376,1806.67,833.84,1871.29,1049.28
396,157,0.0,521.11,273.72,1436.29
396,197,273.04,692.93,556.17,1433.39
396,264,732.05,741.11,986.87,1390.66
396,251,920.18,746.33,1102.32,1327.57
396,335,2264.07,855.81,2478.87,1168.76
396,317,2122.99,841.84,2194.6,1002.06
396,340,1714.12,819.48,1814.11,1079.53
396,355,539.77,726.49,771.56,1440.0
396,357,1610.28,820.41,1717.25,1100.26
396,363,1406.37,777.57,1544.05,1177.12
396,171,1295.31,752.02,1450.78,1196.52
396,370,1193.98,742.14,1340.89,1252.5
396,375,1530.54,810.49,1597.63,1101.87
396,376,1806.27,834.27,1871.6,1051.09
397,157,0.0,520.99,248.08,1379.86
397,197,253.18,692.73,539.1,1432.55
397,264,722.81,740.92,980.13,1394.6
397,251,910.77,746.99,1095.12,1329.95
397,335,2264.28,856.45,2479.54,1170.16
397,317,2121.42,840.39,2194.17,1003.61
397,340,1710.9,819.65,1811.41,1080.56
397,355,525.96,726.01,759.37,1439.98
397,357,1607.47,821.75,1713.58,1100.11
397,363,1402.22,775.48,1542.71,1181.72
397,171,1289.13,751.63,1445.44,1198.1
397,370,1187.53,742.11,1335.3,1255.64
397,375,1524.38,812.41,1592.37,1102.88
397,376,1804.28,833.96,1870.64,1052.37
397,388,183.94,858.82,259.05,1028.26
398,197,233.59,691.07,523.34,1432.48
398,264,713.09,740.68,973.66,1400.92
398,251,901.98,747.71,1090.82,1339.46
398,335,2263.88,857.72,2480.9,1173.85
398,317,2120.74,839.96,2193.96,1004.42
398,340,1705.84,820.45,1806.59,1081.22
398,355,512.53,727.06,746.88,1439.23
398,357,1606.32,821.65,1713.11,1102.17
398,363,1400.08,777.31,1541.87,1183.83
398,171,1282.25,750.1,1441.29,1204.03
398,370,1182.37,742.34,1331.32,1257.94
398,375,1523.03,812.97,1591.53,1103.97
398,376,1801.43,833.48,1868.85,1052.46
398,388,178.77,861.28,253.29,1029.33
398,358,9.22,521.78,166.49,1195.77
399,197,212.7,689.85,505.67,1431.36
399,264,702.95,741.77,965.89,1405.04
399,251,893.41,747.59,1085.16,1341.63
399,335,2265.3,857.93,2481.66,1172.49
399,317,2120.45,840.37,2193.81,1005.1
399,340,1695.78,817.17,1796.06,1080.51
399,355,500.3,726.33,736.4,1438.2
399,357,1605.33,821.26,1712.67,1103.81
399,363,1396.43,777.15,1538.84,1185.02
399,171,1277.7,748.72,1438.8,1207.44
399,370,1178.33,741.33,1328.63,1259.37
399,375,1520.91,815.53,1589.9,1104.63
399,376,1798.98,832.74,1867.57,1052.43
399,388,173.98,862.25,248.12,1029.38
399,358,2.63,520.92,155.35,1178.77
400,197,191.16,688.55,488.11,1432.61
400,264,692.5,741.02,958.19,1408.3
400,251,884.57,746.41,1079.42,1343.13
400,335,2265.37,858.31,2483.88,1175.56
400,317,2119.46,840.62,2193.12,1006.29
400,340,1685.6,813.66,1786.37,1079.66
400,355,486.69,726.45,725.31,1438.92
400,357,1604.17,821.6,1711.99,1106.25
400,363,1389.61,773.49,1533.57,1187.14
400,171,1273.16,747.5,1436.12,1209.79
400,370,1172.49,740.07,1324.36,1263.52
400,375,1518.75,815.86,1588.19,1106.79
400,376,1796.66,832.25,1866.26,1052.57
400,388,166.94,863.18,241.2,1030.82
401,197,169.38,686.54,470.09,1431.84
401,264,678.81,740.36,947.16,1411.1
401,251,873.93,745.84,1072.86,1346.78
401,335,2265.62,858.69,2483.64,1175.26
401,317,2118.89,840.25,2192.76,1006.63
401,340,1674.71,811.77,1776.71,1083.86
401,355,472.18,725.59,713.64,1438.27
401,357,1602.5,821.99,1710.37,1107.18
401,363,1385.62,772.97,1529.93,1188.8
401,171,1268.23,745.88,1431.76,1208.81
401,370,1167.45,739.83,1319.68,1264.81
401,375,1517.24,815.18,1586.6,1106.72
401,376,1794.1,833.67,1864.22,1052.95
401,388,160.8,881.14,226.48,1030.61
402,197,146.99,683.45,452.13,1431.59
402,264,667.02,739.03,938.12,1413.43
402,251,863.15,744.05,1066.38,1351.73
402,335,2265.82,858.42,2483.73,1174.63
402,317,2117.32,842.2,2190.17,1006.78
402,340,1668.97,808.65,1771.02,1085.86
402,355,455.02,723.54,698.38,1436.29
402,357,1600.26,820.49,1708.8,1107.82
402,363,1379.78,771.35,1524.44,1189.82
402,171,1264.79,743.9,1429.27,1207.32
402,370,1160.22,737.87,1313.53,1266.61
402,375,1515.3,815.59,1584.66,1106.52
402,376,1792.89,834.0,1863.78,1053.74
403,197,121.59,679.05,432.3,1432.09
403,264,653.77,734.63,928.59,1416.16
403,251,852.06,743.05,1057.98,1352.23
403,335,2266.15,857.53,2485.18,1174.88
403,317,2115.24,842.83,2187.66,1006.66
403,340,1663.42,809.07,1764.24,1088.58
403,355,437.54,722.11,683.95,1436.19
403,357,1598.05,819.95,1707.24,1107.81
403,363,1375.05,761.97,1522.48,1191.59
403,171,1258.95,742.86,1424.55,1208.72
403,370,1153.4,737.11,1307.04,1268.85
403,375,1511.63,816.09,1581.09,1107.1
403,376,1792.06,833.83,1863.45,1053.5
404,197,95.63,675.55,410.97,1431.75
404,264,639.76,732.25,918.05,1419.59
404,251,839.13,741.43,1048.54,1353.59
404,335,2265.92,856.89,2485.39,1174.29
404,317,2114.2,842.12,2186.57,1006.35
404,340,1660.29,806.52,1759.95,1088.17
404,355,420.18,718.59,670.32,1434.37
404,357,1595.39,819.31,1705.18,1107.28
404,363,1370.35,758.87,1518.34,1192.97
404,171,1253.0,740.84,1419.77,1209.53
404,370,1146.23,735.87,1299.64,1269.45
404,375,1509.27,815.38,1578.53,1106.78
404,376,1790.01,833.66,1861.07,1051.08
404,398,1733.0,822.78,1798.03,1057.0
405,197,69.1,669.57,390.99,1432.38
405,264,626.19,728.6,908.32,1423.23
405,251,828.39,739.42,1040.36,1354.41
405,335,2264.47,856.4,2485.28,1174.86
405,317,2113.78,841.34,2185.84,1006.3
405,340,1647.37,810.76,1742.45,1086.88
405,355,402.15,716.02,656.14,1435.66
405,357,1591.58,818.61,1701.91,1106.78
405,363,1366.33,757.11,1515.01,1194.23
405,171,1250.51,741.23,1417.33,1210.02
405,370,1138.69,734.56,1291.85,1268.94
405,375,1507.08,816.47,1575.49,1103.44
405,376,1789.49,834.23,1860.49,1051.37
405,398,1729.64,824.14,1792.62,1051.47
405,212,1673.7,809.43,1744.85,1080.88
406,197,39.75,663.33,367.49,1431.6
406,264,612.58,725.9,897.96,1425.93
406,251,817.94,735.39,1034.13,1357.46
406,335,2262.87,855.49,2485.79,1176.51
406,317,2112.47,841.4,2184.47,1006.12
406,355,382.13,712.39,640.41,1436.28
406,357,1589.42,817.26,1700.56,1106.84
406,363,1359.95,760.82,1507.19,1194.16
406,171,1242.18,737.97,1410.63,1209.93
406,370,1130.89,732.42,1284.54,1269.63
406,375,1504.5,815.46,1573.53,1103.7
406,376,1788.32,834.15,1859.78,1052.41
406,398,1729.08,823.51,1792.37,1052.27
406,212,1670.21,811.89,1743.49,1081.0
407,197,14.26,660.07,345.99,1431.73
407,264,596.03,723.87,884.48,1429.16
407,251,804.28,734.31,1024.16,1361.44
407,335,2261.58,855.05,2486.24,1178.41
407,317,2110.58,841.18,2182.41,1006.08
407,355,362.21,710.57,623.07,1434.14
407,357,1585.19,816.79,1696.36,1107.44
407,363,1356.51,765.82,1502.32,1194.68
407,171,1236.08,736.38,1406.87,1211.87
407,370,1121.78,730.16,1276.18,1271.57
407,375,1498.27,811.84,1568.97,1105.1
407,376,1787.41,833.0,1859.38,1052.96
407,398,1723.65,824.21,1786.15,1051.15
407,212,1664.84,811.72,1739.81,1083.22
407,402,1413.55,748.67,1536.92,1161.12
408,197,0.0,658.46,331.41,1430.51
408,264,582.3,722.8,873.42,1431.8
408,251,788.97,732.71,1012.38,1364.13
408,335,2260.88,854.34,2485.96,1178.04
408,317,2108.4,842.43,2179.86,1006.22
408,355,342.8,709.27,607.16,1435.11
408,357,1582.4,816.78,1693.51,1108.44
408,363,1350.24,764.63,1497.24,1197.67
408,171,1229.58,735.9,1401.54,1213.27
408,370,1114.31,730.49,1269.09,1273.97
408,375,1494.2,810.82,1566.18,1106.19
408,376,1786.53,833.52,1858.44,1053.59
408,398,1719.48,824.72,1781.27,1049.78
408,212,1661.86,810.07,1735.24,1076.46
408,402,1411.95,748.6,1532.85,1154.75
409,197,0.0,657.79,318.28,1429.82
409,264,567.66,719.53,861.56,1433.32
409,251,778.04,732.27,1003.65,1366.45
409,335,2259.39,854.21,2486.69,1180.93
409,317,2105.83,842.13,2177.34,1006.51
409,355,325.38,705.99,593.68,1435.23
409,357,1580.7,817.73,1691.6,1109.81
409,363,1345.99,769.09,1491.16,1197.64
409,171,1222.17,735.1,1396.07,1215.92
409,370,1107.27,729.47,1262.5,1276.83
409,375,1492.22,812.46,1563.96,1106.04
409,376,1783.1,833.01,1855.37,1053.98
409,398,1716.9,824.41,1779.5,1052.66
409,212,1661.81,808.31,1732.03,1069.19
409,402,1406.8,749.04,1521.53,1137.5
410,197,0.0,654.94,304.53,1429.15
410,264,553.89,720.74,848.64,1433.22
410,251,766.63,732.8,994.33,1369.7
410,335,2259.28,855.21,2486.61,1181.19
410,317,2105.68,844.74,2176.32,1006.57
410,355,303.86,706.88,574.67,1436.21
410,357,1577.73,818.19,1689.41,1111.65
410,363,1345.69,770.32,1491.57,1198.03
410,171,1216.56,734.85,1392.73,1218.37
410,370,1100.14,728.37,1256.46,1279.72
410,375,1487.87,813.15,1559.96,1107.34
410,376,1782.27,832.97,1854.78,1053.45
410,398,1717.24,824.93,1780.64,1055.67
410,212,1662.36,808.4,1731.03,1064.8
410,402,1404.57,749.68,1518.54,1138.85
411,197,0.0,656.26,290.28,1430.58
411,264,539.52,721.89,835.46,1433.23
411,251,755.81,731.48,989.05,1381.03
411,335,2257.39,855.98,2488.71,1187.04
411,317,2102.79,843.98,2174.36,1008.17
411,355,284.96,706.66,558.12,1434.21
411,357,1572.78,818.95,1684.43,1113.2
411,363,1340.52,768.95,1488.75,1201.84
411,171,1208.12,734.64,1385.44,1220.14
411,370,1091.43,728.41,1249.25,1285.18
411,375,1482.77,815.62,1555.55,1111.15
411,376,1779.73,833.06,1852.97,1055.6
411,398,1716.3,825.73,1779.98,1056.96
411,212,1662.21,807.68,1731.53,1065.71
411,402,1405.79,752.0,1512.6,1117.6
411,408,1836.21,840.14,1889.03,1042.19
412,197,0.0,657.21,276.36,1430.92
412,264,525.65,723.22,823.36,1434.13
412,251,743.24,734.05,978.3,1384.28
412,335,2255.1,857.46,2488.33,1191.16
412,317,2101.67,845.01,2172.67,1007.82
412,355,265.58,707.83,541.33,1434.23
412,357,1571.66,820.04,1682.88,1114.9
412,363,1338.02,765.39,1490.35,1206.59
412,171,1198.96,735.12,1376.05,1221.81
412,370,1081.98,729.83,1239.48,1287.69
412,375,1480.3,816.47,1553.37,1111.67
412,376,1777.1,832.95,1850.89,1057.48
412,398,1715.32,826.49,1778.63,1056.56
412,212,1659.94,809.19,1727.88,1064.23
412,402,1405.46,754.12,1508.37,1107.02
412,408,1835.78,842.37,1887.75,1041.68
413,197,0.0,658.88,259.91,1430.19
413,264,512.94,724.11,812.14,1435.84
413,251,734.19,738.26,971.0,1388.16
413,335,2254.62,857.9,2489.39,1193.09
413,317,2101.59,843.28,2173.38,1007.41
413,355,247.81,709.39,526.33,1434.25
413,357,1568.73,820.36,1680.05,1116.3
413,363,1333.83,769.55,1486.27,1209.54
413,171,1190.5,735.08,1367.43,1224.76
413,370,1075.86,731.41,1233.24,1291.05
413,375,1476.95,817.72,1550.64,1113.58
413,376,1775.78,833.54,1849.27,1058.12
413,398,1713.43,827.34,1776.82,1057.75
413,212,1658.53,810.18,1725.43,1061.58
413,402,1400.44,754.7,1500.39,1098.69
413,408,1834.24,840.56,1886.52,1041.52
414,197,0.0,658.43,243.95,1428.84
414,264,498.09,725.07,798.77,1435.5
414,251,720.72,739.9,960.96,1394.76
414,335,2253.88,859.03,2491.35,1197.95
414,317,2099.26,844.2,2170.96,1007.1
414,355,229.14,710.83,510.42,1434.47
414,357,1566.5,820.37,1678.45,1118.01
414,363,1330.83,775.1,1482.87,1212.71
414,171,1183.66,735.49,1362.58,1232.97
414,370,1069.61,731.48,1227.85,1296.41
414,375,1473.31,817.81,1548.3,1115.51
414,376,1774.94,833.35,1848.92,1059.79
414,398,1711.27,826.82,1776.33,1062.71
414,212,1657.21,811.91,1723.42,1066.6
414,408,1834.33,844.01,1885.2,1038.78
415,197,0.0,655.66,226.89,1428.9
415,264,484.41,724.3,788.29,1437.98
415,251,711.03,740.48,954.12,1400.38
415,335,2253.04,858.96,2491.5,1198.85
415,317,2097.42,843.19,2169.75,1007.16
415,355,210.43,710.78,495.91,1435.83
415,357,1563.4,821.1,1675.53,1119.54
415,363,1325.57,774.08,1479.53,1216.79
415,171,1177.24,735.03,1357.04,1237.73
415,370,1062.57,731.18,1221.36,1299.89
415,375,1470.06,817.4,1545.95,1116.07
415,376,1774.17,834.28,1847.66,1060.17
415,398,1710.92,826.87,1776.23,1063.73
415,212,1654.08,811.84,1722.66,1078.97
415,408,1832.64,845.53,1884.04,1041.5
416,197,0.0,655.66,208.26,1430.89
416,264,470.72,724.58,775.91,1436.4
416,251,701.28,741.2,944.96,1401.16
416,335,2252.07,858.39,2491.75,1200.95
416,317,2097.51,843.47,2170.2,1007.0
416,355,190.71,711.23,479.73,1435.1
416,357,1562.6,821.64,1674.58,1120.63
416,363,1317.84,772.84,1471.87,1218.88
416,171,1174.31,735.2,1355.25,1243.97
416,370,1055.65,731.07,1215.07,1303.91
416,375,1466.91,818.5,1543.67,1118.38
416,376,1774.49,836.08,1847.24,1060.5
416,398,1709.89,827.22,1775.62,1064.85
416,212,1652.5,811.8,1722.77,1087.39
416,408,1828.84,845.31,1881.47,1044.9
417,197,0.0,653.27,189.28,1428.44
417,264,459.05,722.76,766.37,1435.68
417,251,692.15,740.79,938.36,1406.17
417,335,2253.37,857.95,2493.44,1200.98
417,317,2096.88,844.73,2169.83,1007.16
417,355,170.82,709.1,463.84,1434.35
417,357,1560.95,821.7,1672.94,1121.54
417,363,1315.05,771.33,1468.94,1218.91
417,171,1171.17,733.82,1351.13,1242.82
417,370,1049.07,730.2,1209.42,1307.3
417,375,1464.21,819.19,1541.86,1119.35
417,376,1774.73,836.09,1847.28,1060.85
417,398,1708.97,827.43,1774.22,1063.46
417,212,1651.23,811.24,1721.27,1087.21
417,408,1829.02,845.91,1881.86,1046.04
418,197,0.0,652.4,163.84,1394.34
418,264,447.47,721.09,757.15,1436.13
418,251,680.05,738.82,929.15,1409.4
418,335,2253.99,857.38,2495.19,1202.25
418,317,2095.58,844.3,2169.69,1007.78
418,355,150.28,705.23,448.17,1434.1
418,357,1560.09,821.31,1672.51,1122.43
418,363,1314.94,770.23,1469.31,1219.81
418,171,1164.81,732.6,1343.19,1242.12
418,370,1042.68,729.05,1203.08,1308.58
418,375,1462.33,817.54,1541.6,1118.74
418,376,1773.87,835.72,1846.38,1060.97
418,398,1708.51,828.25,1773.44,1063.15
418,212,1650.29,811.14,1719.79,1086.33
418,408,1829.11,846.6,1881.9,1046.04
419,264,433.29,718.38,745.54,1435.36
419,251,668.26,741.16,918.97,1411.94
419,335,2255.89,856.52,2498.87,1203.81
419,317,2095.06,844.42,2169.5,1007.26
419,355,131.3,704.41,433.39,1433.96
419,357,1557.56,821.24,1670.17,1122.75
419,363,1312.8,769.66,1467.12,1218.68
419,171,1161.05,730.59,1339.53,1242.94
419,370,1036.19,728.05,1197.37,1311.38
419,375,1459.17,816.22,1539.52,1117.84
419,376,1772.79,833.7,1846.33,1062.33
419,398,1708.75,828.1,1774.33,1065.1
419,212,1651.59,811.8,1720.2,1086.45
419,408,1830.21,847.05,1882.86,1045.88
419,413,1628.59,820.61,1684.21,1106.35
420,264,418.57,714.65,734.41,1436.43
420,251,657.31,739.23,911.64,1415.37
420,335,2256.01,853.35,2503.46,1208.22
420,317,2094.81,845.19,2169.22,1006.75
420,355,110.05,699.01,418.11,1433.56
420,357,1555.51,820.29,1668.19,1122.59
420,363,1305.89,770.04,1459.3,1219.59
420,171,1155.78,728.18,1333.77,1243.15
420,370,1029.83,726.22,1191.62,1312.45
420,375,1456.97,813.04,1539.24,1118.17
420,376,1772.86,833.85,1846.03,1061.89
420,398,1708.31,828.31,1774.21,1065.54
420,212,1646.89,808.89,1716.72,1090.43
420,408,1830.15,845.26,1883.36,1045.28
420,413,1629.3,819.45,1685.42,1107.21
421,264,403.36,713.15,721.63,1435.94
421,251,647.7,736.69,904.47,1415.55
421,335,2257.34,853.2,2504.93,1208.61
421,317,2095.22,846.38,2169.31,1005.93
421,355,88.89,696.61,401.13,1432.06
421,357,1554.67,820.24,1667.41,1122.68
421,363,1302.85,768.86,1456.17,1220.86
421,171,1151.56,726.58,1329.33,1244.25
421,370,1023.54,723.29,1185.75,1313.16
421,375,1454.09,811.92,1537.18,1118.39
421,376,1772.15,833.57,1845.39,1061.93
421,398,1707.16,828.6,1772.52,1063.31
421,212,1647.91,809.65,1717.33,1089.45
421,408,1831.71,844.26,1885.12,1044.36
421,413,1622.52,813.61,1680.71,1110.37
422,264,388.28,709.85,709.76,1435.27
422,251,638.22,731.95,898.23,1416.43
422,335,2259.45,855.02,2505.0,1207.56
422,317,2095.73,847.24,2170.08,1005.96
422,355,65.34,691.26,383.91,1432.3
422,357,1553.19,818.54,1666.69,1122.37
422,363,1299.58,768.19,1452.19,1221.74
422,171,1149.24,723.84,1326.89,1244.71
422,370,1018.1,720.75,1181.72,1315.89
422,375,1452.37,811.4,1535.78,1117.72
422,376,1771.69,833.24,1845.41,1063.25
422,398,1705.74,827.65,1771.47,1063.0
422,212,1644.7,808.06,1714.77,1088.68
422,408,1832.45,843.2,1886.16,1043.87
422,413,1619.93,811.96,1678.83,1110.75
423,264,373.21,705.69,699.22,1436.01
423,251,626.74,731.18,889.88,1418.98
423,335,2262.33,854.83,2507.26,1205.81
423,317,2096.38,847.31,2171.16,1005.81
423,355,43.5,689.33,367.18,1432.52
423,357,1550.48,817.43,1664.38,1122.3
423,363,1295.62,766.02,1447.31,1222.67
423,171,1146.72,722.78,1324.48,1246.67
423,370,1011.74,718.17,1175.93,1317.04
423,375,1452.01,811.8,1536.11,1119.12
423,376,1771.56,831.96,1845.82,1063.7
423,398,1704.38,828.26,1770.37,1063.23
423,212,1634.43,808.36,1706.68,1091.05
423,408,1832.23,841.89,1886.45,1043.86
423,413,1621.15,811.47,1680.58,1109.33
424,264,357.87,702.07,687.47,1435.48
424,251,612.68,730.02,880.66,1424.99
424,335,2265.18,853.87,2509.92,1203.87
424,317,2097.58,847.42,2172.18,1004.56
424,355,22.05,681.1,353.34,1432.18
424,357,1548.01,815.73,1662.45,1122.68
424,363,1292.72,765.74,1442.88,1224.22
424,171,1144.89,720.53,1323.22,1248.81
424,370,1004.4,715.21,1169.61,1319.41
424,375,1450.97,809.57,1536.22,1119.48
424,376,1771.69,831.14,1846.15,1063.79
424,398,1703.07,828.45,1769.74,1064.82
424,212,1625.87,805.55,1699.67,1103.81
424,408,1831.37,841.61,1885.24,1042.46
424,413,1621.25,810.06,1681.68,1109.16
425,264,340.1,697.48,674.02,1434.92
425,251,600.05,726.96,872.73,1429.47
425,335,2267.32,852.23,2514.53,1205.41
425,317,2097.78,845.31,2173.22,1004.12
425,355,6.73,674.43,342.75,1432.21
425,357,1545.98,814.94,1660.97,1122.66
425,363,1289.05,765.29,1437.73,1226.33
425,171,1142.5,716.46,1321.16,1248.79
425,370,997.79,712.56,1163.85,1321.04
425,375,1449.28,808.69,1535.09,1118.48
425,376,1771.05,829.16,1846.17,1063.87
425,398,1702.61,826.98,1769.84,1064.48
425,408,1829.98,841.73,1883.66,1042.9
425,413,1617.18,809.52,1678.33,1109.88
425,415,1369.88,745.62,1463.93,1194.75
426,264,322.12,689.19,662.25,1434.76
426,251,588.32,725.06,863.97,1430.36
426,335,2269.94,851.9,2518.52,1206.41
426,317,2097.61,844.54,2173.63,1004.35
426,355,0.0,673.97,335.27,1431.79
426,357,1545.0,813.44,1660.97,1123.32
426,363,1288.93,764.36,1436.46,1227.1
426,171,1140.71,714.4,1319.4,1249.2
426,370,990.85,711.16,1157.72,1322.63
426,375,1445.54,806.17,1533.53,1120.27
426,376,1770.3,827.52,1846.06,1064.09
426,398,1702.66,825.93,1770.42,1064.8
426,408,1829.48,840.95,1883.1,1042.75
426,413,1614.44,808.62,1676.17,1110.5
426,415,1368.05,742.97,1459.49,1179.47
427,264,304.4,687.53,647.95,1434.04
427,251,577.24,722.29,856.37,1432.15
427,335,2272.47,851.4,2522.34,1206.54
427,317,2097.97,846.84,2173.17,1004.51
427,355,0.0,670.71,325.85,1431.95
427,357,1542.96,812.6,1660.11,1124.2
427,363,1288.46,763.3,1435.44,1227.31
427,171,1138.19,710.92,1318.14,1252.28
427,370,984.59,710.09,1152.3,1325.64
427,375,1443.05,807.23,1531.82,1122.34
427,376,1769.98,828.5,1845.34,1064.27
427,398,1702.18,824.86,1770.56,1066.01
427,408,1829.1,839.4,1883.26,1042.73
427,413,1615.58,806.69,1678.19,1109.85
427,415,1363.92,739.34,1457.52,1186.68
428,264,285.14,685.23,632.61,1433.66
428,251,564.71,722.61,846.8,1434.12
428,335,2274.89,851.89,2527.04,1209.4
428,317,2097.51,847.99,2171.88,1004.21
428,355,0.0,667.33,315.68,1432.29
428,357,1540.49,814.61,1657.62,1125.55
428,363,1283.05,762.44,1428.9,1228.25
428,171,1136.22,710.73,1316.42,1254.91
428,370,978.7,709.14,1147.71,1330.16
428,375,1440.06,805.81,1530.18,1124.11
428,376,1770.33,828.85,1845.61,1064.93
428,398,1701.46,825.38,1770.25,1066.61
428,408,1828.99,839.73,1882.92,1042.47
428,413,1614.78,807.85,1677.41,1108.93
428,415,1361.39,737.97,1456.11,1190.4
429,264,266.56,682.76,618.69,1433.99
429,251,551.74,721.95,837.28,1437.42
429,335,2274.59,852.69,2531.38,1216.4
429,317,2096.58,848.13,2170.74,1004.55
429,355,0.0,666.02,302.08,1431.91
429,357,1538.09,814.29,1656.32,1126.81
429,363,1279.5,762.28,1424.73,1231.57
429,171,1134.22,711.02,1314.89,1258.9
429,370,970.45,708.11,1140.87,1335.53
429,375,1437.43,804.82,1527.95,1123.97
429,376,1769.55,828.16,1845.42,1065.78
429,398,1700.05,825.61,1769.0,1066.45
429,408,1828.88,838.78,1882.48,1041.5
429,413,1613.84,808.72,1677.21,1110.54
429,415,1359.36,736.7,1452.98,1183.86
430,264,246.16,680.95,602.56,1434.17
430,251,540.87,722.44,828.95,1439.84
430,335,2274.16,853.81,2531.6,1218.77
430,317,2096.48,846.18,2170.9,1004.72
430,355,0.0,665.27,293.9,1433.61
430,357,1536.46,814.26,1655.83,1128.62
430,363,1275.63,762.53,1420.02,1235.92
430,171,1130.54,711.26,1311.87,1264.41
430,370,963.11,709.11,1134.67,1340.2
430,375,1435.91,805.15,1527.5,1127.33
430,376,1768.89,828.74,1845.13,1067.78
430,398,1698.82,825.79,1768.25,1066.98
430,408,1827.38,840.07,1880.82,1043.19
430,415,1357.07,736.68,1450.48,1181.8
431,264,228.94,682.49,588.93,1434.88
431,251,527.94,723.39,818.55,1440.0
431,335,2276.55,855.06,2537.84,1225.37
431,317,2096.77,845.05,2171.05,1004.86
431,355,0.0,666.64,283.4,1434.13
431,357,1536.47,815.68,1656.12,1130.32
431,363,1273.53,763.32,1417.34,1239.15
431,171,1127.48,711.01,1309.59,1269.43
431,370,955.31,710.02,1128.11,1345.63
431,375,1434.62,806.63,1525.75,1126.84
431,376,1768.9,831.91,1844.2,1068.45
431,398,1698.62,825.58,1769.08,1069.46
431,408,1827.18,840.9,1880.67,1043.67
431,415,1354.37,738.16,1447.31,1178.23
431,417,1522.75,818.27,1569.44,1118.71
432,264,211.13,683.88,574.12,1433.49
432,251,517.09,723.9,808.8,1439.67
432,335,2279.01,856.6,2542.59,1229.55
432,317,2097.28,844.6,2170.81,1004.87
432,355,0.0,667.1,272.23,1434.4
432,357,1535.34,816.63,1655.59,1133.42
432,363,1277.14,760.57,1423.47,1241.95
432,171,1125.16,712.17,1307.5,1274.08
432,370,947.96,710.86,1122.03,1351.28
432,375,1432.65,808.59,1524.51,1130.03
432,376,1767.71,833.43,1842.79,1069.01
432,398,1698.99,826.55,1769.79,1071.26
432,408,1826.37,841.8,1880.02,1044.33
432,415,1356.31,739.38,1438.28,1119.63
432,417,1520.68,821.34,1565.31,1108.18
433,264,190.95,685.58,558.06,1434.56
433,251,505.33,725.05,797.94,1437.9
433,335,2282.1,857.13,2548.57,1232.76
433,317,2097.56,844.3,2169.97,1004.47
433,355,0.0,666.81,262.09,1436.13
433,357,1534.83,816.59,1655.67,1135.35
433,363,1275.45,760.16,1422.2,1244.12
433,171,1122.6,713.27,1305.27,1277.93
433,370,940.09,710.65,1115.95,1357.53
433,375,1432.28,809.25,1524.68,1130.79
433,376,1765.93,832.09,1841.79,1070.12
433,398,1695.67,826.35,1766.24,1073.3
433,408,1821.17,839.02,1876.6,1048.07
433,415,1358.05,742.46,1431.89,1075.09
433,417,1516.4,823.14,1563.22,1124.07
434,264,172.03,686.86,543.55,1434.96
434,251,492.49,727.01,786.37,1437.16
434,335,2281.72,857.7,2549.29,1234.8
434,317,2096.95,843.76,2168.78,1004.58
434,355,0.0,666.36,247.98,1427.43
434,357,1533.56,817.31,1654.5,1137.91
434,363,1271.69,762.67,1418.74,1248.3
434,171,1119.17,714.36,1301.97,1280.36
434,370,931.58,710.31,1108.7,1361.92
434,375,1429.5,810.95,1521.97,1132.52
434,376,1763.94,832.0,1840.6,1071.15
434,398,1693.57,825.05,1764.63,1073.96
434,408,1819.42,839.6,1874.86,1045.96
434,415,1355.04,742.36,1425.77,1051.96
434,417,1512.29,820.81,1557.23,1109.28
434,212,1603.87,811.65,1680.79,1121.99
435,264,151.02,685.4,527.41,1433.34
435,251,479.53,725.85,776.37,1438.24
435,335,2283.94,858.93,2551.83,1235.14
435,317,2097.13,843.4,2168.37,1004.64
435,355,0.0,664.02,214.47,1307.44
435,357,1530.71,817.05,1652.1,1139.28
435,363,1266.19,764.35,1414.56,1250.95
435,171,1115.21,714.49,1298.55,1283.15
435,370,923.11,709.38,1101.26,1364.65
435,375,1427.22,813.48,1519.95,1134.76
435,376,1764.69,833.73,1840.99,1071.22
435,398,1694.47,824.45,1766.59,1076.49
435,408,1820.07,840.51,1875.13,1044.28
435,415,1355.53,744.4,1422.41,1021.52
435,417,1507.17,821.19,1552.4,1110.45
435,212,1597.61,815.0,1672.86,1117.12
436,264,130.76,684.2,512.31,1432.76
436,251,465.96,724.58,765.63,1437.51
436,335,2285.3,858.68,2554.44,1235.8
436,317,2097.11,844.48,2167.95,1006.12
436,355,0.0,662.95,194.77,1254.37
436,357,1529.28,819.0,1650.1,1140.54
436,363,1261.98,763.68,1411.96,1253.75
436,171,1111.09,713.37,1295.23,1285.38
436,370,913.92,708.77,1092.67,1366.41
436,375,1424.9,814.05,1518.23,1136.58
436,376,1762.95,834.14,1839.26,1071.58
436,398,1693.5,824.65,1766.66,1077.83
436,408,1818.9,842.08,1874.53,1046.31
436,417,1503.08,821.5,1548.37,1109.67
436,212,1593.99,816.34,1667.55,1111.49
437,264,106.57,681.51,495.34,1434.52
437,251,452.25,722.57,754.69,1436.65
437,335,2285.82,859.03,2556.36,1237.35
437,317,2096.23,842.74,2167.89,1007.68
437,355,0.0,660.95,174.05,1218.14
437,357,1528.13,820.66,1647.78,1140.52
437,363,1255.33,763.99,1405.52,1254.08
437,171,1106.75,711.0,1291.89,1287.66
437,370,905.61,707.98,1085.42,1369.9
437,375,1421.13,812.34,1515.49,1137.94
437,376,1759.32,833.84,1836.47,1070.98
437,398,1691.75,824.9,1764.72,1076.26
437,408,1818.52,842.32,1874.66,1047.6
437,417,1497.66,818.76,1544.95,1117.69
437,212,1592.94,815.81,1666.46,1110.33
438,264,84.1,678.15,480.12,1435.57
438,251,436.22,720.02,741.99,1436.06
438,335,2283.55,858.74,2556.55,1239.49
438,317,2094.88,844.75,2166.19,1008.81
438,355,0.0,657.32,145.81,1122.82
438,357,1525.09,821.04,1644.2,1140.14
438,363,1243.96,763.53,1394.69,1256.97
438,171,1101.63,709.66,1287.49,1289.98
438,370,894.73,705.94,1076.48,1373.76
438,375,1418.3,811.53,1512.48,1137.11
438,376,1758.37,834.22,1835.32,1069.15
438,398,1688.33,823.85,1761.22,1076.45
438,408,1816.18,840.37,1874.3,1052.56
438,417,1494.92,816.78,1542.53,1116.18
438,212,1591.59,816.78,1664.99,1110.42
439,264,58.1,671.47,462.57,1434.74
439,251,419.92,717.09,729.18,1435.83
439,335,2282.26,857.59,2557.6,1241.7
439,317,2094.67,846.29,2164.99,1008.38
439,355,0.0,655.28,133.74,1121.16
439,357,1523.97,820.6,1643.1,1140.25
439,363,1240.06,761.16,1390.7,1258.36
439,171,1096.77,708.06,1282.86,1289.67
439,370,886.33,703.52,1069.02,1374.35
439,375,1415.86,808.93,1510.79,1136.07
439,376,1758.11,834.27,1835.2,1068.54
439,398,1688.42,824.1,1761.56,1076.18
439,408,1815.51,839.37,1874.82,1055.64
439,417,1491.95,814.84,1538.74,1107.57
439,212,1589.03,815.21,1662.55,1109.84
439,422,1323.68,735.67,1428.88,1189.12
440,264,33.37,666.52,445.56,1434.15
440,251,403.91,714.2,717.07,1435.85
440,335,2282.4,856.78,2558.35,1242.41
440,317,2095.02,846.67,2164.68,1008.04
440,355,0.0,654.31,119.58,1122.75
440,357,1521.75,820.41,1640.78,1140.13
440,363,1233.88,758.62,1383.78,1259.48
440,171,1090.94,706.97,1277.87,1290.93
440,370,876.65,702.22,1061.13,1379.42
440,375,1413.4,810.0,1508.27,1135.77
440,376,1755.85,834.08,1833.89,1069.4
440,398,1685.6,823.5,1760.02,1076.49
440,408,1815.2,839.96,1875.19,1056.4
440,417,1488.47,813.04,1537.07,1116.06
440,212,1591.78,814.25,1664.14,1108.32
440,422,1318.03,734.65,1425.94,1199.1
441,264,15.66,664.01,432.12,1433.01
441,251,386.74,709.45,704.55,1436.17
441,335,2282.04,856.23,2557.27,1240.73
441,317,2094.71,846.81,2164.12,1008.07
441,357,1518.74,819.37,1637.92,1140.3
441,363,1226.7,758.49,1376.85,1260.73
441,171,1084.42,705.33,1273.28,1294.09
441,370,865.47,700.81,1051.91,1383.55
441,375,1409.14,807.98,1505.34,1138.05
441,376,1753.81,832.19,1832.64,1069.63
441,398,1685.74,823.42,1760.35,1076.37
441,408,1814.29,839.57,1874.88,1057.49
441,417,1486.42,816.67,1534.81,1116.03
441,212,1591.31,815.2,1665.45,1120.09
441,422,1314.47,733.8,1423.49,1201.28
442,264,2.13,658.09,422.9,1433.44
442,251,367.07,706.85,688.47,1435.83
442,335,2279.52,855.44,2558.57,1245.94
442,317,2092.62,847.09,2161.94,1007.77
442,357,1514.77,817.47,1634.42,1140.48
442,363,1222.44,756.34,1373.26,1261.41
442,171,1076.57,702.95,1267.15,1296.52
442,370,854.99,697.59,1041.93,1382.66
442,375,1405.79,806.88,1502.39,1136.51
442,376,1752.06,831.47,1830.9,1068.48
442,398,1682.31,822.21,1756.83,1075.64
442,408,1813.29,838.99,1873.86,1058.21
442,417,1484.33,817.63,1532.67,1115.04
442,212,1582.35,808.95,1659.76,1126.69
442,422,1307.81,731.32,1419.06,1207.5
443,264,0.0,651.77,413.29,1433.09
443,251,346.79,705.82,671.92,1437.27
443,335,2276.81,854.86,2558.88,1250.05
443,317,2091.28,848.2,2159.66,1007.79
443,357,1511.69,816.44,1631.72,1141.53
443,363,1219.43,754.46,1372.7,1263.12
443,171,1067.89,701.12,1260.38,1298.81
443,370,842.53,696.39,1031.13,1387.84
443,375,1402.66,806.15,1500.16,1136.8
443,376,1749.79,830.15,1829.88,1070.36
443,398,1679.29,820.72,1752.17,1073.16
443,408,1815.43,839.21,1876.27,1056.93
443,417,1481.87,820.08,1529.59,1114.51
443,212,1578.82,806.59,1657.88,1129.57
443,422,1302.32,730.86,1412.45,1200.26
444,264,0.0,647.18,402.07,1431.97
444,251,326.52,705.5,654.85,1437.08
444,335,2277.04,855.03,2557.57,1247.85
444,317,2091.18,848.68,2159.6,1008.21
444,357,1507.17,815.72,1627.48,1143.25
444,363,1210.81,753.56,1363.98,1264.16
444,171,1058.71,700.23,1252.31,1299.69
444,370,829.54,694.43,1019.86,1392.82
444,375,1399.59,805.34,1498.07,1136.67
444,376,1747.81,829.88,1828.85,1072.88
444,398,1676.04,820.47,1749.2,1076.36
444,408,1815.62,841.97,1875.33,1054.92
444,212,1575.0,806.74,1654.7,1130.56
444,422,1296.86,729.43,1409.86,1209.46
445,264,0.0,649.6,388.01,1431.42
445,251,304.43,705.0,637.07,1438.79
445,335,2274.89,854.63,2558.76,1253.12
445,317,2089.84,850.25,2157.4,1007.64
445,357,1503.24,815.29,1623.83,1144.99
445,363,1207.27,753.84,1360.74,1265.38
445,171,1050.9,700.15,1246.43,1303.94
445,370,817.51,693.11,1009.72,1398.46
445,375,1394.81,803.7,1495.41,1140.81
445,376,1746.39,829.85,1827.46,1071.75
445,398,1674.52,820.17,1747.8,1078.42
445,408,1811.5,840.71,1870.52,1052.1
445,212,1575.22,807.87,1655.17,1128.67
445,422,1291.74,728.61,1404.18,1202.89
446,264,0.0,649.81,372.58,1430.39
446,251,283.15,703.36,619.27,1437.76
446,335,2272.64,854.96,2557.77,1255.79
446,317,2089.05,851.17,2156.01,1007.12
446,357,1498.23,815.2,1619.41,1146.67
446,363,1200.69,755.77,1356.09,1269.96
446,171,1043.64,701.33,1240.83,1308.05
446,370,804.18,692.28,997.85,1402.69
446,375,1390.37,802.56,1491.96,1142.72
446,376,1745.18,830.0,1826.2,1070.96
446,398,1674.17,820.9,1747.06,1077.99
446,408,1810.39,840.31,1869.72,1053.27
446,212,1574.66,810.26,1654.81,1130.27
446,422,1285.79,729.59,1397.89,1198.9
447,264,0.0,646.48,358.22,1432.19
447,251,260.6,703.91,600.59,1439.02
447,335,2272.77,856.36,2559.29,1259.54
447,317,2088.43,852.81,2154.58,1007.61
447,357,1494.78,816.72,1616.15,1149.04
447,363,1192.5,757.83,1348.83,1275.18
447,171,1035.26,701.88,1234.68,1311.8
447,370,789.49,693.18,983.99,1408.3
447,375,1386.96,802.38,1489.93,1145.98
447,376,1739.64,830.94,1822.54,1076.62
447,398,1672.82,821.87,1745.98,1080.7
447,408,1811.35,842.72,1871.76,1056.63
447,212,1572.26,812.13,1652.18,1132.76
447,422,1278.82,731.82,1391.41,1198.28
448,264,0.0,636.74,344.66,1432.48
448,251,240.54,705.3,583.02,1437.09
448,335,2271.44,857.74,2558.89,1263.35
448,317,2086.35,853.13,2152.23,1007.78
448,357,1491.92,818.38,1614.02,1152.04
448,363,1180.16,758.63,1338.75,1283.48
448,171,1027.56,704.52,1229.33,1317.45
448,370,776.63,694.79,973.34,1418.29
448,375,1382.11,804.17,1485.72,1148.7
448,376,1737.77,831.98,1820.95,1078.23
448,398,1669.34,821.7,1741.94,1078.89
448,408,1809.66,844.37,1870.22,1058.15
448,212,1572.76,810.98,1654.03,1133.62
448,422,1273.86,733.65,1389.68,1209.45
449,264,0.0,637.13,329.04,1434.48
449,251,222.13,707.17,567.67,1437.75
449,335,2272.14,858.46,2560.0,1265.31
449,317,2085.66,853.02,2151.7,1008.4
449,357,1487.04,819.21,1610.41,1154.78
449,363,1173.01,759.79,1331.07,1287.11
449,171,1020.26,705.44,1224.73,1322.36
449,370,766.0,695.07,963.64,1423.8
449,375,1379.63,809.05,1483.01,1151.21
449,376,1736.83,833.53,1820.2,1080.6
449,398,1669.76,822.76,1742.92,1083.01
449,408,1805.03,844.05,1865.89,1060.05
449,212,1574.12,811.11,1656.25,1132.58
449,422,1269.88,733.79,1388.67,1219.16
450,264,0.0,647.69,309.97,1434.31
450,251,201.95,708.87,550.78,1437.98
450,335,2272.64,860.56,2560.0,1267.33
450,317,2086.1,853.47,2152.5,1009.56
450,357,1484.04,821.09,1608.18,1156.85
450,363,1166.06,760.63,1324.36,1292.46
450,171,1011.93,706.15,1219.32,1328.72
450,370,755.11,696.34,953.36,1426.74
450,375,1377.29,811.36,1482.02,1154.73
450,376,1736.21,833.99,1820.15,1083.13
450,398,1668.99,822.97,1742.86,1085.88
450,408,1803.81,846.35,1864.97,1063.9
450,212,1572.21,812.04,1655.29,1132.07
450,422,1265.02,736.24,1385.79,1227.32
451,264,0.0,657.17,290.6,1432.27
451,251,182.97,710.26,533.38,1434.32
451,335,2271.56,861.58,2560.0,1270.42
451,317,2085.06,854.13,2151.78,1010.29
451,357,1482.31,822.05,1607.51,1160.04
451,363,1159.27,760.74,1317.45,1293.7
451,171,1003.08,707.64,1212.84,1333.1
451,370,743.44,696.12,943.86,1432.64
451,375,1373.36,814.58,1478.8,1156.36
451,376,1734.79,835.07,1818.63,1084.5
451,398,1667.84,823.95,1741.72,1087.45
451,408,1797.38,845.14,1859.56,1064.76
451,212,1567.77,811.94,1651.21,1131.2
451,422,1256.6,734.33,1382.3,1245.67
452,264,0.0,665.94,267.45,1414.49
452,251,163.2,710.67,517.93,1434.88
452,335,2271.4,863.57,2560.0,1274.71
452,317,2084.23,853.93,2150.96,1009.61
452,357,1480.35,822.5,1605.98,1161.71
452,363,1155.72,762.71,1313.7,1296.92
452,171,994.27,709.37,1205.84,1336.25
452,370,732.37,699.73,932.82,1434.95
452,375,1371.56,815.6,1478.12,1157.91
452,376,1734.25,836.75,1817.53,1085.05
452,398,1666.32,824.97,1740.07,1088.59
452,408,1799.1,845.05,1861.88,1067.8
452,212,1566.55,813.99,1649.61,1130.1
452,422,1251.61,734.25,1378.91,1250.06
453,264,0.0,676.03,234.83,1343.93
453,251,142.85,710.53,501.92,1434.81
453,335,2271.05,864.12,2560.0,1277.17
453,317,2082.31,853.04,2149.3,1010.13
453,357,1478.14,822.02,1603.74,1162.51
453,363,1145.72,762.79,1305.61,1303.82
453,171,986.28,711.62,1199.81,1343.24
453,370,721.02,701.33,922.03,1436.97
453,375,1368.8,815.17,1477.05,1158.75
453,376,1733.18,837.47,1816.76,1087.58
453,398,1664.95,825.88,1738.69,1090.05
453,408,1799.39,846.24,1860.35,1063.34
453,212,1557.85,814.14,1642.04,1134.41
453,422,1249.54,735.22,1374.8,1238.88
454,264,0.0,723.42,201.11,1291.48
454,251,122.51,709.77,485.62,1433.24
454,335,2271.39,864.63,2560.0,1282.97
454,317,2083.03,853.84,2150.65,1011.56
454,357,1478.0,822.18,1603.16,1161.78
454,363,1142.15,763.63,1302.04,1306.25
454,171,979.29,712.09,1194.27,1347.26
454,370,710.0,699.07,912.46,1439.2
454,375,1367.77,815.27,1478.28,1160.8
454,376,1732.89,837.88,1816.43,1088.08
454,398,1663.31,826.07,1737.65,1091.9
454,408,1796.0,846.31,1857.29,1063.34
454,212,1553.43,814.88,1637.59,1133.81
454,422,1244.46,735.31,1370.17,1239.99
455,264,0.0,747.34,177.96,1274.28
455,251,101.24,708.69,468.9,1431.39
455,335,2271.37,865.31,2560.0,1287.68
455,317,2081.71,854.81,2149.23,1012.2
455,357,1475.6,821.85,1601.1,1162.95
455,363,1139.54,762.67,1301.5,1307.8
455,171,972.74,710.01,1189.57,1351.06
455,370,700.29,698.12,903.15,1438.46
455,375,1364.85,814.97,1477.12,1161.85
455,376,1730.75,838.66,1814.81,1090.74
455,398,1661.35,826.33,1735.87,1091.6
455,408,1793.1,846.02,1854.95,1063.0
455,212,1550.88,815.8,1636.49,1138.96
455,422,1240.08,737.72,1365.41,1236.61
455,433,1537.6,820.44,1620.43,1152.89
456,264,0.0,796.43,151.83,1263.2
456,251,78.23,706.15,451.6,1430.2
456,335,2270.55,864.64,2560.0,1292.44
456,317,2080.8,855.07,2148.28,1012.34
456,357,1472.23,821.76,1598.36,1165.7
456,363,1135.78,763.84,1297.87,1308.18
456,171,968.04,707.32,1184.48,1348.12
456,370,689.85,695.98,893.4,1437.04
456,375,1359.44,814.06,1473.18,1162.74
456,376,1730.72,838.74,1814.93,1091.86
456,398,1660.07,826.28,1735.05,1092.05
456,408,1794.04,846.2,1855.92,1062.43
456,212,1544.74,814.98,1631.8,1142.95
456,422,1237.94,736.5,1365.46,1239.99
457,264,0.0,817.6,116.72,1167.59
457,251,54.39,701.94,434.91,1430.21
457,335,2270.93,863.84,2560.0,1295.54
457,317,2080.9,855.18,2148.75,1012.79
457,357,1469.6,821.35,1596.0,1167.26
457,363,1130.03,761.51,1294.15,1313.43
457,171,961.44,704.91,1179.05,1350.43
457,370,679.09,693.69,884.25,1437.85
457,375,1354.62,811.04,1470.0,1163.63
457,376,1730.72,838.07,1814.97,1091.95
457,398,1659.37,826.43,1734.45,1092.09
457,408,1796.13,846.31,1857.48,1061.1
457,212,1541.03,813.71,1629.68,1146.86
457,422,1234.26,734.46,1362.92,1236.46
458,264,0.0,832.43,87.81,1099.44
458,251,29.81,697.14,418.09,1429.23
458,335,2270.43,862.73,2560.0,1298.16
458,317,2080.43,855.48,2148.29,1012.7
458,357,1466.45,820.88,1592.9,1168.05
458,363,1125.9,757.98,1291.92,1315.2
458,171,953.18,701.29,1172.65,1354.04
458,370,668.83,691.05,875.22,1437.25
458,375,1350.61,810.72,1466.48,1164.5
458,376,1730.34,837.1,1814.61,1091.93
458,398,1660.05,825.84,1735.6,1091.6
458,408,1797.87,845.34,1860.75,1066.33
458,212,1540.09,810.76,1630.77,1148.79
458,422,1232.17,732.29,1360.95,1230.75
459,264,0.0,855.76,64.22,1069.23
459,251,13.72,693.04,407.33,1428.98
459,335,2271.2,861.23,2560.0,1298.87
459,317,2080.77,855.03,2149.07,1012.27
459,357,1464.27,820.26,1590.92,1168.35
459,363,1123.7,753.28,1291.95,1315.76
459,171,944.51,697.42,1164.7,1354.94
459,370,655.78,686.09,864.17,1436.67
459,375,1347.46,809.01,1463.86,1164.99
459,376,1730.13,836.5,1813.92,1091.74
459,398,1659.89,825.02,1736.13,1091.23
459,408,1797.22,844.53,1861.15,1070.31
459,212,1539.57,809.87,1630.61,1146.69
459,422,1226.81,727.23,1355.8,1219.97
460,251,2.26,688.93,399.79,1429.93
460,335,2274.82,859.16,2560.0,1297.71
460,317,2079.95,854.51,2148.47,1012.17
460,357,1461.68,818.91,1588.58,1168.66
460,363,1114.23,751.66,1283.5,1319.58
460,171,936.87,693.86,1158.92,1357.55
460,370,642.75,680.98,852.73,1436.97
460,375,1344.15,807.74,1460.83,1165.52
460,376,1729.56,835.79,1813.15,1091.74
460,398,1660.02,823.94,1736.73,1090.29
460,408,1798.59,843.82,1862.43,1069.1
460,212,1537.95,809.04,1629.41,1145.43
460,422,1217.95,724.91,1351.28,1229.07
461,251,0.0,682.91,391.61,1429.5
461,335,2274.61,855.39,2560.0,1304.23
461,317,2078.93,854.74,2147.13,1012.22
461,357,1460.67,817.94,1587.6,1168.76
461,363,1105.13,748.34,1274.86,1319.11
461,171,929.7,687.7,1153.92,1358.91
461,370,632.51,675.09,845.21,1437.17
461,375,1341.61,806.13,1458.57,1165.43
461,376,1729.13,835.98,1812.66,1091.56
461,398,1659.75,823.39,1736.92,1089.89
461,408,1791.24,843.02,1855.62,1071.24
461,212,1531.84,812.73,1622.46,1148.66
461,422,1212.58,722.19,1349.27,1235.98
462,251,0.0,677.48,384.25,1428.26
462,335,2276.41,852.09,2560.0,1303.78
462,317,2078.64,854.61,2146.75,1012.25
462,357,1458.91,816.43,1586.24,1169.25
462,363,1096.27,745.21,1266.06,1320.27
462,171,919.36,683.73,1144.29,1359.13
462,370,618.91,672.12,832.68,1435.83
462,375,1338.62,803.89,1456.29,1165.71
462,376,1728.48,835.59,1812.1,1090.88
462,398,1659.44,823.14,1737.21,1090.44
462,408,1789.4,842.8,1853.63,1071.99
462,212,1526.91,813.53,1616.55,1149.86
462,422,1202.56,724.91,1343.3,1256.98
463,251,0.0,673.07,373.07,1427.71
463,335,2278.73,850.91,2560.0,1307.62
463,317,2078.58,855.51,2146.28,1012.38
463,357,1456.82,815.8,1584.87,1171.75
463,363,1089.29,741.11,1259.25,1322.65
463,171,911.36,678.16,1138.34,1361.72
463,370,606.13,668.12,821.75,1435.32
463,375,1336.13,803.26,1454.23,1165.99
463,376,1727.93,835.4,1811.91,1091.22
463,398,1658.05,822.91,1735.78,1091.33
463,408,1788.3,842.8,1852.5,1073.46
463,212,1531.44,812.81,1621.6,1152.67
463,422,1196.92,746.41,1331.49,1267.45
464,251,0.0,669.69,361.72,1429.02
464,335,2281.29,849.85,2560.0,1310.27
464,317,2078.78,855.64,2146.39,1012.29
464,357,1454.75,814.81,1583.25,1173.75
464,363,1083.91,738.57,1253.92,1325.58
464,171,902.29,676.4,1130.38,1365.64
464,370,592.82,665.28,810.38,1435.27
464,375,1333.73,805.09,1451.1,1166.11
464,376,1727.51,835.31,1812.13,1092.51
464,398,1656.93,822.43,1735.13,1092.96
464,408,1786.71,842.73,1850.92,1074.39
464,212,1530.99,811.57,1621.81,1155.62
464,422,1189.57,730.6,1328.24,1273.65
465,251,0.0,663.45,349.66,1427.82
465,335,2282.8,849.87,2560.0,1315.65
465,317,2079.41,856.16,2147.02,1012.53
465,357,1452.63,813.85,1581.42,1174.25
465,363,1080.43,736.77,1250.74,1328.82
465,171,892.57,675.07,1122.31,1370.45
465,370,580.17,661.2,800.19,1434.83
465,375,1331.26,805.26,1448.77,1166.61
465,376,1727.71,834.98,1812.99,1093.78
465,398,1655.52,822.13,1733.75,1093.62
465,408,1789.4,840.7,1853.24,1075.65
465,212,1532.0,812.39,1622.01,1157.02
465,422,1180.69,727.05,1319.9,1282.0
466,251,0.0,656.76,337.36,1428.71
466,335,2284.29,852.83,2560.0,1321.51
466,317,2079.62,856.68,2147.5,1013.41
466,357,1451.75,814.82,1580.28,1175.96
466,363,1075.45,741.95,1244.26,1331.92
466,171,883.7,675.46,1114.45,1375.38
466,370,565.4,659.92,786.22,1433.54
466,375,1327.54,804.66,1445.74,1168.25
466,376,1727.15,834.27,1812.91,1094.26
466,398,1654.92,822.52,1733.9,1094.32
466,408,1790.28,839.89,1853.32,1074.99
466,212,1532.71,809.58,1623.16,1157.26
466,422,1168.0,727.93,1304.37,1285.31
467,251,0.0,652.97,323.06,1426.61
467,335,2284.47,853.59,2560.0,1324.76
467,317,2079.77,856.92,2147.87,1013.82
467,357,1449.24,815.32,1577.47,1177.04
467,363,1068.01,742.59,1236.43,1336.92
467,171,872.97,676.81,1104.3,1379.62
467,370,553.28,658.62,774.83,1432.19
467,375,1324.69,805.66,1443.15,1169.97
467,376,1725.0,834.29,1811.48,1095.44
467,398,1653.36,822.37,1733.31,1095.31
467,408,1786.44,841.08,1849.24,1072.92
467,212,1530.95,807.43,1621.4,1157.32
467,422,1160.63,724.03,1296.41,1288.62
467,451,1189.16,740.07,1326.0,1283.61
468,251,0.0,653.99,305.71,1421.06
468,335,2285.65,853.6,2560.0,1328.92
468,317,2079.26,857.09,2147.22,1014.05
468,357,1447.2,815.59,1575.27,1178.53
468,363,1061.49,740.23,1230.03,1339.46
468,171,862.73,677.23,1095.92,1387.34
468,370,539.11,658.8,761.58,1432.79
468,375,1322.46,806.99,1441.05,1171.75
468,376,1723.77,833.72,1811.0,1096.24
468,398,1649.95,822.24,1730.38,1097.08
468,408,1788.84,841.0,1851.74,1076.19
468,212,1529.75,805.62,1620.87,1158.55
468,422,1159.56,718.82,1290.87,1276.16
468,451,1212.62,750.48,1336.31,1242.7
469,251,0.0,655.25,284.57,1402.58
469,335,2288.54,854.79,2560.0,1330.66
469,317,2078.35,856.59,2146.13,1013.7
469,357,1444.01,815.99,1571.85,1179.65
469,363,1055.02,741.47,1223.32,1343.99
469,171,852.19,677.43,1086.93,1393.18
469,370,524.06,659.14,747.15,1431.56
469,375,1319.55,807.11,1438.76,1174.14
469,376,1722.37,833.58,1809.67,1095.98
469,398,1648.95,822.51,1730.52,1099.33
469,408,1785.63,841.33,1848.65,1074.81
469,212,1522.6,805.91,1613.92,1159.44
469,422,1161.54,716.81,1290.72,1269.45
469,451,1214.56,752.37,1334.46,1230.14
470,251,0.0,654.49,268.91,1404.43
470,335,2288.84,854.01,2560.0,1332.12
470,317,2078.22,856.79,2145.53,1013.39
470,357,1440.39,815.87,1568.42,1182.3
470,363,1051.31,741.13,1221.7,1347.63
470,171,840.83,677.14,1075.91,1394.32
470,370,510.83,658.35,734.81,1431.1
470,375,1314.64,807.43,1434.26,1175.47
470,376,1722.18,834.15,1808.94,1094.82
470,398,1648.64,823.18,1730.71,1100.2
470,408,1787.35,842.72,1848.84,1071.68
470,212,1514.49,807.02,1606.08,1160.35
470,422,1154.11,717.72,1282.8,1279.38
470,451,1210.95,760.66,1332.3,1246.16
471,251,0.0,653.33,253.68,1406.97
471,335,2291.05,854.13,2560.0,1333.19
471,317,2077.88,856.55,2144.78,1013.02
471,357,1436.19,815.59,1563.9,1184.06
471,363,1042.14,740.77,1213.65,1352.79
471,171,830.75,676.55,1066.1,1394.97
471,370,496.47,657.78,721.06,1431.21
471,375,1310.6,806.54,1431.04,1177.48
471,376,1720.58,834.72,1807.34,1095.46
471,398,1646.23,822.66,1729.33,1101.47
471,408,1785.98,842.42,1847.56,1072.37
471,212,1511.2,805.39,1603.92,1162.12
471,422,1147.78,715.76,1277.86,1293.48
471,451,1204.46,759.1,1327.25,1253.06
472,251,0.0,651.44,233.35,1402.87
472,335,2292.92,854.0,2560.0,1333.71
472,317,2077.08,855.93,2143.86,1012.67
472,357,1432.1,814.47,1560.17,1185.55
472,363,1033.92,735.44,1207.91,1355.55
472,171,819.6,675.71,1056.27,1398.51
472,370,481.66,655.37,708.14,1431.64
472,375,1306.62,806.63,1427.82,1180.32
472,376,1718.8,834.75,1806.31,1096.76
472,398,1644.7,822.52,1727.74,1101.66
472,408,1783.11,841.06,1846.02,1075.85
472,212,1512.09,806.9,1604.82,1162.98
472,422,1139.33,713.23,1268.7,1293.98
472,451,1201.73,762.99,1321.46,1246.41
472,463,1582.76,808.74,1664.21,1112.75
472,464,1546.38,807.37,1617.71,1128.04
473,251,0.0,647.32,214.15,1401.03
473,335,2294.99,853.46,2560.0,1332.6
473,317,2075.31,855.37,2142.37,1012.4
473,357,1425.91,813.48,1554.2,1185.98
473,363,1028.67,732.07,1206.87,1358.25
473,171,807.96,673.74,1047.14,1403.94
473,370,464.01,652.35,692.44,1432.12
473,375,1302.95,806.68,1424.68,1181.95
473,376,1714.1,832.16,1803.42,1097.08
473,398,1642.18,821.97,1725.52,1102.66
473,408,1782.01,841.18,1844.88,1076.14
473,212,1515.69,808.44,1606.78,1160.17
473,422,1133.19,711.03,1259.94,1285.65
473,451,1198.27,762.54,1317.31,1243.8
473,463,1582.12,811.07,1663.02,1113.57
473,464,1544.26,805.85,1616.5,1130.03
474,251,0.0,642.68,195.94,1392.81
474,335,2294.86,851.98,2560.0,1333.52
474,317,2073.71,854.62,2140.96,1011.99
474,357,1422.38,813.07,1550.73,1186.64
474,363,1014.46,729.68,1193.24,1360.33
474,171,795.48,671.57,1038.69,1413.16
474,370,448.09,650.23,678.3,1432.46
474,375,1298.79,806.51,1421.28,1183.72
474,376,1714.5,833.31,1803.61,1097.55
474,398,1639.01,822.9,1721.17,1101.51
474,408,1783.9,842.56,1846.44,1076.44
474,212,1510.82,808.22,1601.75,1162.01
474,422,1129.59,710.55,1256.73,1290.08
474,451,1195.5,761.97,1314.37,1245.34
474,463,1579.15,808.25,1660.9,1114.43
474,464,1539.64,804.46,1613.68,1136.07
475,251,0.0,642.66,174.51,1379.69
475,335,2294.02,851.06,2560.0,1337.2
475,317,2072.15,854.09,2139.36,1012.04
475,357,1418.89,812.44,1547.03,1187.2
475,363,1001.13,731.62,1179.0,1361.31
475,171,785.99,669.29,1031.74,1415.97
475,370,431.99,645.97,664.14,1431.25
475,375,1293.74,805.17,1416.98,1184.24
475,376,1713.57,833.33,1802.73,1097.48
475,398,1636.44,822.43,1718.17,1100.37
475,408,1781.69,842.61,1843.34,1075.91
475,212,1510.31,809.84,1601.21,1164.12
475,422,1120.27,708.63,1250.01,1304.85
475,451,1188.43,760.56,1308.3,1250.52
475,463,1576.26,808.79,1657.0,1111.46
475,464,1537.45,805.09,1612.11,1138.47
475,467,13.47,876.27,102.37,1012.97
476,335,2296.76,848.83,2560.0,1334.98
476,317,2070.6,854.19,2137.68,1012.81
476,357,1414.15,808.94,1543.07,1187.56
476,363,992.69,730.43,1171.51,1361.88
476,171,772.27,665.56,1019.67,1419.61
476,370,414.37,641.11,649.15,1431.7
476,375,1287.83,803.85,1411.73,1183.55
476,376,1711.74,832.82,1801.39,1097.32
476,398,1634.9,820.95,1717.26,1101.74
476,408,1781.56,842.47,1842.45,1073.56
476,212,1512.32,810.01,1603.03,1163.96
476,422,1112.81,709.35,1242.35,1309.35
476,451,1181.83,760.4,1301.95,1253.57
476,463,1574.6,806.08,1655.68,1111.44
476,464,1535.67,804.81,1611.2,1140.36
476,467,8.71,876.15,103.84,1022.6
477,335,2297.14,847.42,2560.0,1337.87
477,317,2067.88,854.46,2134.94,1013.22
477,357,1409.61,809.66,1538.46,1188.76
477,363,981.09,729.01,1160.89,1363.37
477,171,756.66,663.33,1004.35,1415.42
477,370,394.94,636.97,632.39,1432.74
477,375,1282.05,802.49,1407.19,1184.62
477,376,1710.76,830.44,1801.83,1098.84
477,398,1634.02,820.47,1716.66,1101.17
477,408,1781.05,841.38,1841.73,1072.09
477,212,1513.95,809.36,1603.59,1163.43
477,422,1107.44,704.5,1237.14,1311.03
477,451,1178.64,763.01,1295.3,1244.13
477,463,1572.6,805.21,1653.24,1110.66
477,464,1533.13,805.25,1608.7,1144.55
477,467,3.75,875.78,105.69,1033.17
477,472,0.0,1012.72,59.71,1421.56
478,335,2297.51,846.44,2560.0,1339.79
478,317,2066.89,853.67,2133.87,1012.95
478,357,1405.42,809.37,1534.71,1188.94
478,363,972.3,723.62,1156.09,1367.64
478,171,743.09,660.43,993.81,1420.84
478,370,375.55,633.28,615.5,1432.98
478,375,1275.88,799.12,1402.66,1184.5
478,376,1708.93,829.04,1800.44,1098.64
478,398,1632.17,820.83,1714.76,1099.56
478,408,1781.04,839.8,1842.13,1073.42
478,422,1097.74,701.42,1226.05,1311.78
478,451,1170.48,760.12,1287.07,1243.27
478,463,1569.51,803.83,1649.82,1109.48
478,464,1526.63,807.78,1603.27,1151.92
478,467,0.48,876.29,104.11,1037.07
479,335,2297.73,845.46,2560.0,1344.19
479,317,2066.29,854.37,2132.38,1012.05
479,357,1400.4,809.58,1529.57,1188.78
479,363,961.67,723.44,1148.4,1374.63
479,171,729.31,658.43,982.63,1424.51
479,370,356.94,629.69,599.04,1432.05
479,375,1270.44,797.43,1398.41,1185.48
479,376,1709.27,828.2,1800.8,1099.07
479,398,1629.03,819.67,1711.02,1098.33
479,408,1780.47,840.77,1840.83,1073.74
479,422,1090.65,701.36,1219.24,1319.25
479,451,1163.96,756.97,1281.1,1244.9
479,463,1568.36,802.34,1648.74,1110.43
479,464,1526.04,807.07,1601.0,1141.21
479,467,0.0,876.08,101.81,1037.54
479,475,1477.78,803.24,1567.7,1169.09
480,335,2296.17,844.37,2560.0,1347.63
480,317,2066.07,854.39,2131.74,1011.59
480,357,1394.25,807.4,1524.8,1191.43
480,363,949.48,723.11,1139.27,1380.94
480,171,716.73,656.49,972.6,1429.14
480,370,336.12,625.24,581.05,1432.9
480,375,1263.65,795.6,1393.08,1186.69
480,376,1705.45,827.12,1797.18,1099.41
480,398,1626.41,818.8,1708.63,1099.14
480,408,1778.16,842.22,1837.37,1074.36
480,422,1086.65,703.94,1214.16,1317.72
480,451,1158.43,755.7,1275.42,1246.79
480,463,1565.16,805.13,1644.15,1110.21
480,464,1520.18,806.69,1596.57,1144.85
480,467,0.0,876.6,99.14,1038.05
480,475,1474.26,802.26,1564.72,1170.58
481,335,2297.18,843.48,2560.0,1343.29
481,317,2065.72,855.55,2130.9,1011.88
481,357,1387.19,805.7,1518.21,1192.58
481,363,936.13,722.92,1126.16,1378.61
481,171,700.14,654.26,958.34,1432.02
481,370,314.04,621.49,561.26,1432.75
481,375,1258.02,796.72,1387.8,1186.19
481,376,1704.0,826.94,1795.58,1099.89
481,398,1624.32,816.29,1707.44,1099.41
481,408,1779.51,842.92,1837.07,1070.83
481,422,1075.9,703.23,1203.87,1321.33
481,451,1151.93,751.97,1269.71,1251.37
481,463,1562.09,801.81,1641.31,1109.38
481,464,1513.24,803.68,1591.58,1148.02
481,467,0.0,877.49,97.17,1037.8
481,475,1469.44,801.95,1561.23,1176.16
482,335,2293.56,842.38,2560.0,1355.36
482,317,2063.7,855.87,2128.73,1012.15
482,357,1382.32,806.05,1513.91,1195.24
482,363,922.41,721.89,1115.02,1383.09
482,171,681.17,651.5,942.13,1432.24
482,370,289.78,618.97,539.13,1432.2
482,375,1252.96,796.51,1384.02,1187.99
482,376,1702.05,827.79,1793.33,1100.92
482,398,1622.58,816.21,1706.19,1101.34
482,408,1776.68,844.31,1834.06,1073.81
482,422,1069.26,701.73,1198.26,1326.52
482,451,1144.5,750.38,1262.32,1254.58
482,463,1556.98,796.71,1640.09,1122.93
482,464,1506.91,801.7,1587.45,1153.21
482,467,0.0,877.49,95.05,1039.31
482,475,1464.65,801.7,1557.58,1181.26
483,335,2292.73,843.12,2560.0,1361.62
483,317,2062.8,856.69,2127.66,1013.02
483,357,1376.36,807.83,1508.03,1198.4
483,363,910.71,722.99,1105.04,1388.2
483,171,665.14,651.63,927.01,1433.37
483,370,267.85,618.43,519.36,1433.25
483,375,1245.66,797.89,1377.56,1189.67
483,376,1700.29,829.7,1791.14,1102.54
483,398,1619.99,816.2,1704.23,1104.04
483,408,1778.04,845.62,1833.67,1070.45
483,422,1059.52,697.89,1189.35,1332.52
483,451,1138.18,751.86,1255.9,1260.1
483,463,1554.58,800.3,1636.43,1122.71
483,464,1504.03,802.54,1584.92,1151.58
483,467,0.0,880.27,92.06,1039.99
483,475,1461.33,802.46,1555.42,1186.52
484,335,2293.1,845.37,2560.0,1366.32
484,317,2061.07,857.28,2125.73,1013.41
484,357,1371.71,810.44,1502.91,1201.0
484,363,903.95,723.18,1100.38,1392.87
484,171,649.99,651.88,913.66,1435.9
484,370,247.59,618.92,500.21,1432.77
484,375,1239.7,799.17,1372.63,1191.87
484,376,1699.24,829.37,1789.93,1103.05
484,398,1618.84,816.53,1703.81,1106.0
484,408,1777.53,846.45,1832.4,1071.41
484,422,1052.01,698.34,1181.01,1331.4
484,451,1133.6,756.54,1248.98,1261.16
484,463,1553.91,802.25,1634.31,1119.36
484,464,1501.17,802.72,1583.3,1153.72
484,467,0.0,882.72,89.86,1040.28
484,475,1455.58,803.32,1550.06,1189.01
485,335,2292.44,845.62,2560.0,1374.94
485,317,2059.64,857.92,2124.33,1013.8
485,357,1366.45,811.41,1497.55,1202.94
485,363,896.48,725.04,1094.76,1397.92
485,171,634.65,653.56,900.42,1439.58
485,370,225.68,619.08,480.31,1433.24
485,375,1234.55,800.07,1369.25,1195.69
485,376,1698.38,829.87,1789.08,1104.04
485,398,1616.36,820.21,1701.85,1108.95
485,408,1779.29,849.66,1832.68,1072.33
485,422,1043.84,698.84,1173.86,1339.41
485,451,1126.29,757.81,1241.6,1265.59
485,463,1552.0,804.15,1631.96,1120.72
485,464,1500.4,803.45,1582.91,1151.52
485,467,0.0,884.17,87.6,1040.05
485,475,1450.94,804.48,1545.54,1189.15
486,335,2291.54,846.14,2560.0,1380.87
486,317,2057.38,858.82,2122.33,1014.92
486,357,1361.33,811.73,1492.37,1204.78
486,363,886.49,725.93,1089.0,1406.42
486,171,620.21,653.76,887.16,1438.41
486,370,205.26,618.85,462.18,1433.73
486,375,1229.25,800.21,1365.84,1198.86
486,376,1697.8,831.43,1788.12,1106.16
486,398,1615.07,821.53,1701.35,1111.17
486,422,1035.98,699.96,1166.26,1343.29
486,451,1119.23,758.22,1234.3,1266.76
486,463,1548.15,801.92,1629.62,1124.63
486,464,1496.88,804.97,1579.95,1153.99
486,467,0.0,883.18,85.38,1039.99
486,475,1446.84,805.72,1542.01,1191.95
486,477,1765.87,839.36,1818.66,1081.48
487,335,2292.0,848.0,2560.0,1387.46
487,317,2055.06,858.74,2120.64,1015.39
487,357,1357.36,813.43,1488.32,1208.31
487,363,875.88,726.52,1081.75,1412.81
487,171,607.11,654.37,874.44,1436.63
487,370,185.94,618.97,444.93,1433.93
487,375,1224.91,800.33,1363.29,1201.42
487,376,1695.67,833.58,1785.02,1107.44
487,398,1612.21,823.13,1699.09,1112.59
487,422,1028.61,697.42,1158.66,1346.54
487,451,1113.89,756.26,1229.83,1271.85
487,463,1544.27,801.4,1625.78,1125.04
487,464,1494.23,806.09,1578.19,1158.8
487,467,0.0,882.65,82.37,1038.77
487,475,1443.97,805.44,1539.48,1191.8
487,477,1763.9,839.8,1817.24,1084.12
488,335,2293.21,850.3,2560.0,1393.09
488,317,2052.73,858.91,2118.93,1015.66
488,357,1353.54,814.68,1484.36,1211.01
488,363,862.8,725.12,1072.21,1418.42
488,171,593.47,654.82,862.47,1438.48
488,370,164.16,619.16,425.19,1434.04
488,375,1221.9,801.5,1361.44,1204.14
488,376,1693.03,833.94,1782.77,1109.76
488,398,1611.18,824.6,1698.1,1112.89
488,422,1020.72,700.83,1151.75,1353.01
488,451,1106.46,757.91,1222.68,1276.47
488,463,1540.49,799.14,1623.48,1127.85
488,464,1491.29,805.78,1579.69,1180.24
488,467,0.0,883.68,81.3,1039.5
488,475,1440.17,804.74,1535.65,1189.72
488,477,1762.32,840.58,1816.17,1086.98
489,335,2294.5,853.03,2560.0,1397.99
489,317,2050.35,858.51,2117.39,1016.03
489,357,1350.35,815.49,1481.03,1212.81
489,363,850.2,725.53,1062.28,1422.9
489,171,579.92,654.18,850.57,1436.73
489,370,143.69,617.86,406.91,1433.46
489,375,1219.91,802.74,1359.7,1205.59
489,376,1693.58,834.14,1782.88,1110.59
489,398,1608.06,825.06,1695.27,1113.81
489,422,1011.13,699.18,1146.04,1372.55
489,451,1100.41,754.25,1218.27,1282.9
489,463,1538.25,798.93,1621.63,1128.24
489,464,1489.93,805.65,1579.61,1185.08
489,467,0.0,880.57,79.13,1040.12
489,475,1438.87,806.07,1533.99,1187.17
489,477,1761.85,840.55,1815.92,1088.3
490,335,2295.57,852.87,2560.0,1398.78
490,317,2049.25,858.05,2116.86,1016.21
490,357,1346.48,815.08,1477.35,1213.92
490,363,841.84,724.88,1056.36,1426.66
490,171,565.21,652.32,839.1,1436.43
490,370,124.37,617.35,390.3,1433.72
490,375,1216.75,802.58,1356.64,1207.08
490,376,1693.12,834.21,1782.3,1111.59
490,398,1606.46,825.37,1693.74,1114.07
490,422,1006.47,697.88,1140.24,1367.33
490,451,1095.12,755.64,1212.4,1285.89
490,463,1537.13,801.58,1622.03,1137.01
490,464,1488.12,804.85,1578.37,1187.04
490,467,0.0,880.41,75.1,1040.21
490,475,1434.0,806.0,1530.81,1189.75
490,477,1762.03,840.57,1816.08,1088.75
491,335,2295.95,853.56,2560.0,1405.42
491,317,2048.75,858.39,2116.11,1015.43
491,357,1343.47,814.68,1474.4,1214.95
491,363,832.54,724.2,1049.33,1431.59
491,171,551.17,652.22,827.31,1436.49
491,370,101.54,610.5,372.04,1433.32
491,375,1213.81,800.59,1353.96,1207.44
491,376,1693.38,833.81,1782.68,1112.11
491,398,1605.75,825.74,1693.53,1115.41
491,422,1000.44,697.29,1134.56,1369.84
491,451,1090.92,755.46,1208.55,1290.37
491,463,1536.17,803.5,1621.37,1140.09
491,464,1485.28,804.87,1575.06,1186.03
491,467,0.0,881.24,73.5,1039.75
491,475,1429.3,806.0,1528.13,1191.04
491,477,1761.39,839.95,1815.54,1088.86
492,335,2298.09,854.35,2560.0,1406.96
492,317,2047.96,858.79,2115.28,1015.26
492,357,1340.95,814.82,1471.53,1215.13
492,363,826.65,723.12,1045.57,1434.11
492,171,536.56,650.18,814.9,1436.04
492,370,85.22,606.34,359.28,1433.82
492,375,1210.14,798.57,1350.53,1206.87
492,376,1694.3,833.49,1783.22,1111.92
492,398,1604.32,825.66,1692.75,1116.37
492,422,994.87,695.7,1128.77,1369.91
492,451,1088.57,752.74,1204.71,1282.29
492,463,1538.39,804.44,1621.07,1133.69
492,464,1481.56,804.05,1571.23,1184.74
492,467,0.0,881.28,68.23,1039.09
492,475,1425.41,805.76,1525.38,1191.59
492,477,1761.83,839.92,1815.91,1088.71
493,335,2300.53,852.32,2560.0,1406.52
493,317,2047.6,859.23,2114.74,1015.06
493,357,1337.82,813.36,1468.63,1215.49
493,363,817.47,719.92,1039.14,1438.15
493,171,523.04,648.25,804.08,1433.37
493,370,61.86,601.23,339.68,1433.25
493,375,1207.21,795.98,1348.59,1208.45
493,376,1694.01,835.09,1782.65,1112.65
493,398,1603.33,825.78,1692.29,1116.81
493,422,989.61,692.83,1123.73,1371.81
493,451,1083.23,750.73,1199.61,1281.46
493,463,1534.01,804.62,1619.65,1147.15
493,464,1478.65,802.01,1568.99,1185.74
493,467,0.0,879.91,65.02,1038.5
493,475,1422.81,805.74,1523.81,1192.86
493,477,1760.76,839.17,1814.88,1088.69
494,335,2302.31,849.85,2560.0,1409.16
494,317,2047.09,858.91,2114.45,1015.41
494,357,1335.56,812.07,1466.58,1215.5
494,363,812.75,717.92,1036.92,1440.0
494,171,509.54,645.92,794.0,1434.25
494,370,41.01,596.37,323.17,1432.79
494,375,1205.56,795.52,1346.51,1207.72
494,376,1695.15,832.55,1783.91,1111.47
494,398,1601.9,825.76,1691.34,1117.3
494,422,982.86,688.94,1117.85,1373.74
494,451,1078.26,748.82,1195.79,1285.08
494,463,1533.71,802.89,1617.33,1137.67
494,464,1477.09,802.26,1566.11,1179.24
494,475,1418.88,805.59,1521.03,1194.31
494,477,1762.1,838.78,1816.03,1088.32
495,335,2305.93,849.74,2560.0,1408.18
495,317,2046.62,858.12,2114.24,1015.68
495,357,1331.75,808.38,1464.18,1216.93
495,363,800.22,715.02,1027.41,1439.99
495,171,494.47,640.69,782.64,1432.69
495,370,21.24,591.03,307.28,1432.65
495,375,1202.24,792.29,1344.68,1210.39
495,376,1693.76,831.66,1782.66,1111.25
495,398,1600.06,823.92,1690.43,1118.19
495,422,974.85,683.7,1110.37,1374.41
495,451,1074.45,748.84,1191.82,1285.98
495,463,1532.0,802.51,1616.47,1140.02
495,464,1474.56,801.75,1564.3,1181.88
495,475,1418.66,804.12,1521.92,1194.88
495,477,1762.52,837.78,1816.64,1087.98
496,335,2307.72,844.96,2560.0,1411.92
496,317,2046.66,857.85,2114.23,1015.41
496,357,1329.03,805.68,1462.42,1217.9
496,363,787.13,710.6,1017.35,1438.48
496,171,480.63,634.31,773.2,1432.77
496,370,4.74,586.03,293.62,1432.55
496,375,1199.74,790.17,1342.9,1211.28
496,376,1694.88,831.72,1783.25,1110.9
496,398,1599.97,821.31,1691.17,1117.6
496,422,969.21,678.6,1107.02,1380.07
496,451,1070.25,747.8,1187.59,1286.82
496,463,1531.8,801.81,1616.76,1140.58
496,464,1473.69,799.87,1563.95,1182.08
496,475,1417.85,802.94,1522.09,1195.28
496,477,1761.39,836.63,1816.05,1088.72
497,335,2312.57,844.36,2560.0,1415.0
497,317,2046.89,858.06,2114.19,1014.98
497,357,1327.71,805.33,1461.4,1218.9
497,363,780.21,707.05,1013.51,1435.9
497,171,467.64,630.47,763.65,1432.19
497,370,0.0,577.88,282.42,1430.3
497,375,1197.37,788.91,1340.83,1211.67
497,376,1694.83,829.6,1783.6,1111.2
497,398,1599.54,819.51,1691.54,1117.29
497,422,966.07,674.76,1105.38,1383.35
497,451,1066.64,745.79,1184.7,1291.56
497,463,1532.05,802.57,1616.42,1138.37
497,464,1474.15,799.27,1563.53,1176.81
497,475,1417.54,801.58,1522.89,1196.15
497,477,1761.24,835.9,1815.9,1089.6
498,335,2316.17,837.86,2560.0,1419.81
498,317,2047.67,858.1,2114.86,1014.23
498,357,1326.86,804.13,1460.73,1219.47
498,363,771.38,703.72,1007.46,1434.48
498,171,452.89,629.18,751.88,1432.46
498,370,0.0,572.41,270.68,1429.14
498,375,1193.22,788.91,1337.62,1213.69
498,376,1693.9,828.24,1782.96,1111.46
498,398,1598.52,818.68,1691.22,1117.14
498,422,960.33,673.34,1099.45,1379.05
498,451,1059.56,743.81,1178.74,1295.05
498,463,1533.01,802.4,1616.89,1135.76
498,464,1473.16,800.04,1563.11,1178.86
498,475,1413.17,799.1,1520.6,1199.44
498,477,1762.34,834.63,1817.23,1090.07
499,335,2321.38,832.02,2560.0,1422.36
499,317,2048.05,858.11,2115.32,1013.73
499,357,1324.56,802.24,1459.19,1220.53
499,363,766.62,701.8,1007.18,1436.45
499,171,438.26,625.29,741.04,1433.38
499,370,0.0,564.66,260.58,1431.25
499,375,1190.55,788.61,1335.62,1214.92
499,376,1693.58,828.03,1782.42,1111.57
499,398,1598.62,818.4,1691.64,1117.94
499,422,954.03,667.72,1094.29,1377.16
499,451,1052.54,741.74,1173.18,1298.83
499,463,1533.46,801.97,1617.81,1137.84
499,464,1471.09,799.65,1562.74,1184.26
499,475,1412.49,797.04,1521.09,1199.49
499,477,1763.33,834.38,1818.41,1091.04
500,335,2326.98,838.86,2560.0,1427.06
500,317,2047.87,857.09,2115.98,1014.63
500,357,1320.91,801.61,1455.92,1222.7
500,363,749.73,699.16,993.22,1439.48
500,171,423.15,622.18,729.21,1433.22
500,370,0.0,559.03,249.96,1431.96
500,375,1187.29,788.9,1332.68,1215.41
500,376,1694.9,827.67,1783.71,1111.94
500,398,1598.23,818.23,1690.95,1118.08
500,422,944.75,664.88,1087.45,1385.0
500,451,1045.31,739.78,1167.98,1303.0
500,463,1533.64,803.63,1617.79,1139.24
500,464,1468.52,798.86,1561.22,1186.36
500,475,1410.24,794.61,1520.82,1201.53
500,477,1764.72,835.25,1819.75,1092.35
501,335,2351.75,953.51,2560.0,1429.12
501,317,2048.34,857.71,2116.68,1015.46
501,357,1318.09,800.62,1453.81,1225.44
501,363,737.75,697.34,982.13,1440.0
501,171,405.61,619.47,715.83,1435.01
501,370,0.0,553.64,237.55,1431.7
501,375,1183.47,788.79,1330.02,1218.03
501,376,1696.88,827.26,1785.82,1112.8
501,398,1598.31,817.83,1691.46,1119.78
501,422,933.98,663.66,1078.89,1392.44
501,451,1036.14,737.92,1160.98,1307.73
501,463,1531.48,799.72,1616.98,1141.79
501,464,1468.0,799.83,1560.98,1188.13
501,475,1407.64,794.34,1518.56,1200.12
501,477,1766.68,844.27,1820.05,1093.35
502,335,2365.62,1011.21,2552.73,1429.66
502,317,2048.46,858.99,2116.62,1016.39
502,357,1316.04,801.04,1452.12,1228.46
502,363,729.63,698.04,974.49,1438.12
502,171,388.84,618.79,702.25,1436.01
502,370,0.0,552.87,220.77,1432.38
502,375,1180.04,789.45,1327.33,1220.07
502,376,1697.6,827.48,1786.56,1113.68
502,398,1598.71,817.9,1692.17,1120.76
502,422,927.51,665.89,1073.24,1396.83
502,451,1030.47,737.12,1156.59,1312.21
502,463,1529.48,798.12,1616.18,1145.54
502,464,1468.02,799.19,1561.1,1184.65
502,475,1404.7,792.98,1518.26,1205.99
502,477,1765.79,838.77,1820.0,1092.93
503,335,2372.57,1039.19,2550.44,1432.52
503,317,2048.66,860.03,2116.37,1016.45
503,357,1313.57,800.84,1450.32,1232.25
503,363,720.82,697.73,967.74,1439.72
503,171,375.97,619.51,691.62,1434.56
503,370,0.0,554.98,205.18,1433.27
503,375,1175.27,789.17,1324.07,1222.61
503,376,1697.08,828.02,1786.24,1114.92
503,398,1597.48,817.56,1691.62,1120.92
503,422,921.39,667.34,1068.17,1402.77
503,451,1021.46,739.08,1149.43,1317.3
503,463,1529.25,799.88,1614.23,1140.08
503,464,1469.56,799.38,1563.35,1188.76
503,475,1404.34,793.93,1518.37,1205.91
503,477,1765.33,836.54,1820.44,1095.31
504,335,2377.68,1056.16,2550.26,1433.81
504,317,2049.25,861.12,2116.33,1016.0
504,357,1310.06,801.86,1447.55,1236.42
504,363,712.82,697.77,960.84,1438.44
504,171,360.82,623.07,677.81,1433.65
504,370,0.0,554.52,191.85,1437.74
504,375,1170.7,790.59,1320.66,1225.5
504,376,1695.38,827.97,1784.73,1116.3
504,398,1595.37,817.25,1690.23,1122.85
504,422,912.92,667.51,1062.2,1413.26
504,451,1014.96,740.61,1144.65,1321.46
504,463,1529.08,798.79,1613.6,1138.5
504,464,1470.33,799.95,1563.62,1186.37
504,475,1401.12,794.8,1516.31,1210.05
504,477,1764.13,837.36,1819.88,1098.06
505,335,2380.97,1066.56,2550.57,1434.01
505,317,2049.52,861.7,2116.26,1015.43
505,357,1307.08,803.38,1444.86,1239.23
505,363,709.84,698.42,959.88,1436.36
505,171,347.65,623.64,666.9,1432.95
505,370,0.0,559.92,169.97,1365.1
505,375,1170.99,791.01,1321.4,1228.43
505,376,1695.03,828.15,1784.73,1118.88
505,398,1595.31,817.75,1691.01,1125.19
505,422,905.49,668.07,1057.46,1420.77
505,451,1010.12,740.8,1141.13,1322.58
505,463,1527.36,798.27,1611.88,1139.07
505,464,1471.53,800.26,1566.03,1189.27
505,475,1399.2,795.36,1515.51,1214.48
505,477,1764.43,839.55,1820.23,1100.26
506,335,2382.84,1076.33,2550.27,1435.23
506,317,2049.34,861.8,2116.28,1015.77
506,357,1304.46,804.26,1442.04,1240.95
506,363,699.28,700.08,951.77,1435.87
506,171,331.61,623.55,653.98,1434.21
506,370,0.0,568.9,151.16,1337.56
506,375,1171.08,791.99,1321.17,1231.11
506,376,1693.6,828.93,1784.1,1120.84
506,398,1592.65,817.76,1688.45,1125.26
506,422,897.4,667.58,1052.05,1427.94
506,451,1002.34,741.85,1135.6,1328.22
506,463,1527.3,798.38,1611.29,1139.28
506,464,1467.3,799.89,1562.46,1192.05
506,475,1395.98,796.24,1512.45,1216.58
506,477,1765.12,840.4,1820.88,1100.94
506,486,0.0,781.6,94.44,1318.29
507,335,2385.0,1081.36,2551.79,1436.17
507,317,2049.2,861.68,2116.4,1016.05
507,357,1301.39,806.05,1439.56,1245.68
507,363,683.98,700.72,939.37,1436.67
507,171,316.7,623.16,642.24,1434.85
507,375,1167.26,792.08,1317.7,1233.31
507,376,1692.05,829.65,1783.44,1122.58
507,398,1590.92,818.27,1686.87,1125.95
507,422,888.2,665.96,1044.48,1429.15
507,451,995.33,742.13,1130.85,1334.69
507,463,1526.53,798.58,1610.07,1139.23
507,464,1466.09,800.02,1561.64,1194.39
507,475,1393.05,793.99,1511.04,1221.04
507,477,1765.67,841.9,1821.3,1102.03
507,486,0.0,835.66,66.45,1196.24
507,488,0.0,613.21,91.73,944.82
508,335,2386.78,1086.73,2552.49,1436.61
508,317,2048.72,861.39,2115.99,1016.08
508,357,1299.11,806.6,1437.28,1247.16
508,363,671.54,699.62,930.72,1437.94
508,171,300.69,622.15,629.73,1436.36
508,375,1159.76,791.96,1311.51,1236.2
508,376,1690.76,830.47,1782.49,1123.42
508,398,1590.4,818.07,1686.93,1127.95
508,422,879.17,667.46,1035.81,1427.73
508,451,995.01,739.12,1130.29,1335.93
508,463,1523.44,801.96,1609.03,1153.55
508,464,1463.49,799.04,1559.79,1197.08
508,475,1390.64,794.73,1508.17,1221.47
508,477,1765.24,843.46,1821.05,1102.95
508,486,0.0,711.93,71.94,1156.2
509,335,2388.18,1089.42,2553.54,1436.55
509,317,2048.74,861.03,2115.86,1015.25
509,357,1296.72,806.58,1435.24,1249.39
509,363,654.22,696.4,916.04,1438.57
509,171,283.72,620.23,616.08,1435.69
509,375,1154.23,793.31,1306.64,1237.76
509,376,1689.3,830.58,1781.65,1124.62
509,398,1589.92,818.27,1685.89,1126.27
509,422,868.37,667.01,1026.48,1427.79
509,451,982.41,739.95,1119.19,1336.54
509,463,1520.33,800.37,1606.79,1157.34
509,464,1459.0,799.22,1554.62,1200.33
509,475,1387.97,792.53,1506.14,1222.69
509,477,1763.92,842.36,1820.22,1103.49
510,335,2389.67,1090.59,2555.34,1437.3
510,317,2048.09,860.33,2115.34,1015.13
510,357,1294.54,807.08,1432.63,1248.93
510,363,647.61,695.61,912.47,1437.71
510,171,267.72,617.06,603.83,1434.69
510,375,1151.25,793.28,1304.67,1238.57
510,376,1689.44,830.37,1782.44,1125.54
510,398,1588.84,817.95,1685.43,1127.93
510,422,858.87,667.32,1018.87,1432.22
510,451,971.64,738.53,1110.59,1337.66
510,463,1519.54,800.12,1603.12,1146.55
510,464,1456.99,799.52,1551.48,1198.96
510,475,1386.14,792.66,1504.18,1224.0
510,477,1763.67,839.69,1820.38,1103.18
510,493,1798.47,850.81,1854.34,1071.5
511,335,2390.91,1091.88,2556.82,1438.54
511,317,2047.54,859.51,2114.84,1014.94
511,357,1292.01,806.6,1430.15,1248.78
511,363,635.06,691.79,904.31,1437.65
511,171,252.11,613.57,592.58,1434.7
511,375,1151.07,789.78,1305.16,1239.93
511,376,1689.84,829.92,1783.13,1125.36
511,398,1587.93,817.39,1684.55,1127.91
511,422,848.37,663.89,1010.57,1433.54
511,451,962.76,736.71,1103.95,1340.72
511,463,1517.85,798.16,1600.93,1143.12
511,464,1456.86,800.23,1550.79,1198.95
511,475,1381.23,795.63,1499.24,1226.2
511,477,1763.76,837.43,1821.06,1104.74
511,493,1797.79,850.79,1853.51,1070.9
512,335,2393.0,1094.22,2557.68,1438.01
512,317,2046.85,858.9,2114.1,1014.91
512,357,1288.6,804.6,1427.86,1250.75
512,363,620.44,689.62,893.43,1436.86
512,171,235.67,609.41,581.55,1434.09
512,375,1150.74,787.21,1304.68,1241.1
512,376,1688.58,829.39,1782.31,1125.8
512,398,1587.8,817.36,1685.22,1127.86
512,422,836.21,661.19,1000.27,1433.38
512,451,953.36,736.27,1096.34,1343.89
512,463,1515.77,796.1,1598.72,1140.92
512,464,1453.77,798.94,1547.74,1200.98
512,475,1377.57,792.47,1497.31,1229.08
512,477,1763.03,836.01,1820.51,1104.31
512,493,1797.16,850.16,1852.87,1070.24
513,335,2395.07,1096.18,2558.52,1437.48
513,317,2046.04,858.17,2113.3,1015.16
513,357,1285.03,803.54,1424.96,1252.25
513,363,604.53,683.36,882.14,1435.05
513,171,210.38,605.86,560.9,1433.09
513,375,1147.94,785.58,1301.0,1240.79
513,376,1686.83,830.14,1780.15,1125.52
513,398,1584.75,816.29,1682.97,1127.76
513,422,824.38,658.96,991.29,1434.84
513,451,941.3,736.65,1085.83,1345.47
513,463,1514.44,794.89,1597.44,1139.45
513,464,1454.92,801.46,1545.69,1190.33
513,475,1374.22,790.67,1494.38,1228.12
513,477,1760.69,835.54,1818.33,1103.87
513,493,1796.61,850.27,1852.3,1070.42
514,335,2395.14,1100.26,2556.22,1434.91
514,317,2045.88,857.67,2112.96,1015.07
514,357,1281.05,800.63,1421.98,1252.44
514,363,586.88,678.16,868.31,1434.83
514,171,190.27,600.86,545.89,1433.2
514,375,1142.56,783.86,1295.29,1240.78
514,376,1686.56,828.95,1780.19,1124.78
514,398,1581.89,815.99,1681.11,1128.47
514,422,814.72,656.04,983.8,1433.34
514,451,931.7,736.4,1078.33,1346.6
514,463,1512.79,795.21,1595.65,1139.36
514,464,1452.26,799.62,1543.8,1188.88
514,475,1372.01,794.5,1490.99,1227.22
514,477,1760.39,836.21,1818.05,1100.58
514,493,1796.3,849.92,1852.02,1070.21
515,317,2046.21,857.35,2113.37,1015.26
515,357,1276.43,797.7,1418.58,1253.16
515,363,571.8,676.13,856.69,1434.03
515,171,168.45,593.22,530.55,1433.15
515,375,1136.64,782.72,1289.66,1243.0
515,376,1685.69,828.76,1779.35,1124.81
515,398,1579.84,815.92,1679.67,1127.81
515,422,800.35,652.48,972.1,1433.35
515,451,920.84,733.89,1071.26,1352.25
515,463,1509.12,791.64,1593.88,1145.46
515,464,1452.23,796.52,1547.03,1193.66
515,475,1369.55,792.43,1488.81,1227.47
515,477,1759.52,836.99,1817.17,1099.23
515,493,1795.7,848.78,1851.74,1070.57
516,317,2045.16,857.66,2111.91,1015.6
516,357,1270.12,796.87,1413.02,1255.39
516,363,553.42,674.08,842.28,1434.72
516,171,146.96,588.89,514.97,1433.69
516,375,1129.61,782.52,1282.99,1244.39
516,376,1683.76,827.61,1778.24,1124.92
516,398,1575.45,815.65,1675.82,1128.77
516,422,783.2,648.76,958.0,1433.77
516,451,905.76,733.71,1058.48,1354.79
516,463,1506.04,791.17,1591.75,1150.35
516,464,1443.37,794.44,1539.1,1197.51
516,475,1365.68,791.26,1484.82,1226.91
516,477,1759.33,837.86,1816.72,1097.02
516,493,1794.96,848.93,1850.65,1069.66
517,317,2044.2,857.68,2110.43,1015.56
517,357,1265.34,796.45,1408.61,1256.86
517,363,535.64,671.77,828.0,1433.27
517,171,123.3,585.21,495.38,1432.37
517,375,1123.2,782.27,1277.54,1247.22
517,376,1685.05,826.49,1779.7,1125.26
517,398,1573.11,814.59,1674.61,1130.24
517,422,768.69,645.78,947.63,1438.53
517,451,892.27,731.81,1047.54,1355.47
517,463,1501.4,792.14,1588.22,1157.04
517,464,1438.64,793.42,1536.35,1198.6
517,475,1361.75,790.39,1480.72,1225.98
517,477,1758.09,838.49,1815.35,1095.31
517,493,1793.4,849.01,1848.54,1067.58
518,317,2043.62,858.11,2109.31,1015.39
518,357,1261.44,795.4,1406.12,1260.35
518,363,514.73,667.91,811.04,1433.28
518,171,92.71,583.03,470.13,1431.87
518,375,1114.65,781.56,1270.17,1248.78
518,376,1682.69,827.66,1777.32,1126.63
518,398,1570.3,814.23,1672.5,1131.29
518,422,752.09,644.69,933.29,1434.92
518,451,877.87,733.45,1035.51,1357.5
518,463,1498.68,794.42,1585.32,1159.19
518,464,1436.7,794.77,1537.69,1205.07
518,475,1356.4,791.35,1476.13,1230.78
518,477,1756.58,839.46,1813.79,1095.68
518,493,1793.36,850.78,1847.93,1067.9
519,317,2043.35,859.61,2108.4,1015.89
519,357,1255.77,795.1,1401.6,1263.2
519,363,497.26,666.93,797.49,1434.59
519,171,69.5,580.9,451.78,1431.94
519,375,1108.21,782.06,1264.66,1251.12
519,376,1682.19,827.55,1776.66,1127.26
519,398,1567.73,814.27,1669.92,1131.94
519,422,737.06,644.37,921.67,1435.27
519,451,863.87,734.96,1024.86,1362.14
519,463,1495.66,793.67,1580.87,1153.09
519,464,1435.43,794.5,1538.5,1201.89
519,475,1351.66,793.33,1471.8,1235.17
519,477,1755.79,841.94,1813.56,1098.38
519,493,1792.49,851.5,1847.28,1069.35
520,317,2042.9,860.95,2107.39,1015.9
520,357,1250.6,795.86,1397.1,1266.14
520,363,478.35,667.22,781.59,1434.05
520,171,44.9,579.82,432.1,1432.07
520,375,1103.98,782.08,1261.68,1255.83
520,376,1678.96,827.34,1774.47,1128.84
520,398,1564.64,814.71,1667.59,1133.99
520,422,719.8,646.5,907.82,1434.3
520,451,851.6,734.34,1016.74,1371.88
520,463,1494.12,794.4,1578.93,1153.46
520,464,1426.49,794.84,1531.19,1208.41
520,475,1345.38,794.05,1465.86,1236.87
520,477,1751.13,842.07,1810.77,1103.31
520,493,1791.64,851.77,1846.34,1068.97
520,501,967.68,732.65,1045.52,998.19
521,317,2041.83,861.61,2106.0,1016.06
521,357,1245.66,796.93,1393.1,1271.15
521,363,456.95,666.43,764.44,1434.21
521,171,22.11,579.95,413.06,1430.76
521,375,1098.32,783.06,1256.73,1259.12
521,376,1677.41,827.4,1773.41,1130.46
521,398,1562.54,815.5,1665.96,1135.71
521,422,703.27,645.74,895.41,1434.27
521,451,841.44,738.14,1008.98,1377.43
521,463,1479.97,804.81,1565.82,1166.87
521,464,1413.77,794.25,1519.56,1215.83
521,475,1340.92,792.45,1462.32,1239.4
521,477,1750.58,841.68,1811.23,1104.92
521,493,1791.19,852.6,1845.51,1068.88
521,501,959.41,731.55,1036.5,994.34
522,317,2041.65,862.09,2105.34,1015.8
522,357,1240.5,797.41,1389.05,1275.85
522,363,441.67,665.78,752.16,1434.45
522,171,7.68,578.4,401.6,1431.02
522,375,1093.91,783.58,1252.92,1262.29
522,376,1675.25,826.94,1772.17,1131.85
522,398,1561.51,815.95,1664.99,1136.86
522,422,686.17,643.72,882.59,1431.58
522,451,829.97,740.5,1000.46,1383.57
522,463,1479.05,810.51,1565.09,1173.96
522,464,1416.91,795.59,1520.34,1201.35
522,475,1336.59,789.01,1460.18,1246.69
522,477,1749.46,840.65,1811.29,1106.12
522,493,1791.14,853.0,1845.08,1067.83
522,501,952.42,729.92,1031.49,999.8
523,317,2041.5,862.02,2105.45,1017.17
523,357,1236.1,797.35,1385.37,1279.39
523,363,426.34,665.2,739.62,1435.42
523,171,0.0,577.41,393.31,1430.69
523,375,1089.25,784.91,1248.64,1265.57
523,376,1672.42,826.18,1770.13,1132.01
523,398,1560.04,816.27,1663.75,1138.7
523,422,674.73,644.64,874.62,1430.18
523,451,818.46,742.44,990.87,1386.34
523,463,1477.39,813.77,1564.6,1179.24
523,464,1410.85,794.98,1514.77,1206.18
523,475,1334.5,788.75,1458.03,1247.18
523,477,1745.8,840.35,1809.45,1109.26
523,493,1790.15,853.34,1844.31,1069.55
523,501,947.32,729.65,1026.81,1001.31
524,317,2041.9,862.52,2105.84,1017.95
524,357,1232.76,797.29,1382.05,1279.89
524,363,406.23,664.88,723.36,1434.94
524,171,0.0,575.49,385.07,1431.22
524,375,1085.82,785.32,1245.49,1267.83
524,376,1671.23,825.94,1769.85,1133.11
524,398,1558.53,816.02,1662.11,1139.46
524,422,660.49,638.78,865.44,1430.72
524,451,806.48,742.0,981.96,1390.5
524,463,1469.8,808.8,1559.08,1181.87
524,464,1411.54,795.9,1516.12,1207.43
524,475,1332.6,789.37,1455.71,1245.67
524,477,1744.93,840.89,1809.16,1109.33
524,493,1789.77,853.53,1844.54,1072.32
524,501,939.05,729.8,1020.78,1011.05
525,317,2041.48,862.61,2105.26,1018.04
525,357,1229.9,798.08,1378.94,1280.76
525,363,388.29,663.67,709.59,1435.04
525,171,0.0,573.21,375.8,1430.75
525,375,1083.45,785.26,1242.83,1269.46
525,376,1670.18,826.11,1769.76,1134.63
525,398,1557.55,816.07,1661.31,1140.85
525,422,646.61,638.93,855.02,1431.61
525,451,796.51,739.68,975.14,1393.96
525,463,1469.88,817.89,1557.71,1180.78
525,464,1406.54,794.57,1513.33,1218.77
525,475,1329.56,789.15,1453.3,1247.12
525,477,1744.94,842.26,1809.46,1109.2
525,493,1789.74,853.18,1845.19,1073.55
525,501,932.07,729.86,1014.23,1013.63
526,317,2040.76,862.18,2104.55,1018.13
526,357,1226.98,799.02,1376.3,1283.35
526,363,373.67,662.34,699.21,1435.3
526,171,0.0,569.36,367.84,1432.98
526,375,1080.3,783.57,1240.25,1271.61
526,376,1671.28,825.87,1771.03,1134.84
526,398,1558.1,815.57,1662.88,1142.91
526,422,635.31,638.28,847.3,1431.27
526,451,784.28,733.98,967.73,1399.91
526,463,1469.67,818.36,1558.92,1182.95
526,464,1403.62,794.32,1510.32,1223.46
526,475,1326.93,788.87,1451.77,1250.36
526,477,1744.36,842.31,1810.1,1110.76
526,493,1789.81,852.33,1845.73,1073.52
526,501,926.49,729.0,1011.05,1022.01
527,317,2040.96,861.65,2104.37,1017.49
527,357,1224.41,798.06,1374.5,1285.17
527,363,357.47,658.84,687.41,1435.06
527,171,0.0,563.62,357.48,1433.13
527,375,1069.66,781.97,1232.28,1272.99
527,376,1670.2,826.17,1770.31,1135.27
527,398,1557.39,815.52,1662.36,1144.29
527,422,624.15,637.21,839.95,1431.24
527,451,777.43,734.31,962.66,1399.81
527,463,1471.79,823.18,1561.35,1185.17
527,464,1401.88,793.37,1507.81,1225.17
527,475,1325.25,789.22,1450.58,1252.94
527,477,1744.05,842.03,1810.82,1111.74
527,493,1789.72,852.29,1845.9,1073.39
527,501,920.82,727.47,1006.38,1025.16
528,317,2042.58,861.62,2105.32,1016.83
528,357,1221.95,797.37,1372.61,1286.82
528,363,337.97,654.66,672.27,1435.26
528,171,0.0,557.86,347.82,1432.02
528,375,1062.55,781.08,1227.08,1273.7
528,376,1670.27,825.34,1770.82,1135.51
528,398,1558.58,815.15,1663.84,1144.7
528,422,610.85,633.92,831.13,1430.18
528,451,769.13,735.61,955.89,1402.01
528,463,1473.23,820.58,1564.04,1186.74
528,464,1400.75,792.81,1506.46,1228.57
528,475,1323.1,788.35,1449.43,1256.85
528,477,1744.07,841.38,1811.56,1112.06
528,493,1790.48,853.19,1846.74,1073.66
528,501,916.38,725.82,1003.13,1031.71
529,317,2042.98,861.47,2105.44,1016.44
529,357,1219.22,795.33,1370.81,1287.62
529,363,322.28,650.05,662.14,1435.23
529,171,0.0,551.33,338.07,1432.06
529,375,1056.22,779.55,1223.38,1275.73
529,376,1670.89,824.49,1771.93,1135.91
529,398,1559.64,814.04,1665.48,1145.06
529,422,595.87,626.78,822.16,1432.78
529,451,761.56,737.58,949.69,1402.72
529,463,1475.05,819.77,1566.57,1186.52
529,464,1399.84,792.42,1504.66,1229.86
529,475,1320.38,787.14,1446.72,1257.41
529,477,1744.16,841.86,1811.79,1111.52
529,493,1792.04,853.43,1848.39,1074.51
529,501,905.39,725.08,993.86,1037.1
530,317,2043.79,861.39,2106.09,1015.89
530,357,1216.08,792.33,1369.03,1288.77
530,363,307.59,645.45,651.74,1433.81
530,171,0.0,545.36,326.24,1431.76
530,375,1050.09,777.8,1219.47,1276.78
530,376,1671.43,823.37,1772.85,1135.91
530,398,1560.33,812.99,1666.12,1143.78
530,422,582.01,621.75,813.12,1432.23
530,451,754.53,737.2,944.35,1403.03
530,463,1477.96,818.29,1570.63,1188.18
530,464,1402.12,790.16,1508.26,1230.65
530,475,1317.57,785.24,1444.46,1259.48
530,477,1747.06,840.36,1814.32,1109.79
530,493,1793.41,852.47,1850.3,1076.29
530,501,902.46,722.29,991.26,1036.56
531,317,2044.93,860.89,2107.25,1015.45
531,357,1214.2,791.04,1367.94,1289.88
531,363,288.56,639.13,638.14,1433.32
531,171,0.0,536.08,314.92,1430.95
531,375,1046.39,776.23,1217.32,1277.28
531,376,1672.08,823.09,1773.88,1136.54
531,398,1559.76,812.83,1665.25,1142.99
531,422,568.32,618.31,802.93,1429.98
531,451,747.93,736.27,939.51,1404.32
531,463,1481.97,817.54,1575.33,1190.29
531,464,1403.9,789.9,1509.72,1225.83
531,475,1316.37,782.64,1443.65,1260.23
531,477,1746.37,837.75,1814.59,1110.37
531,493,1794.87,851.61,1851.26,1074.04
531,501,895.86,720.31,985.72,1039.59
532,317,2045.08,859.19,2107.92,1014.84
532,357,1210.64,789.38,1365.27,1291.09
532,363,268.17,632.54,623.46,1434.82
532,171,0.0,526.23,301.73,1428.85
532,375,1045.07,775.54,1216.48,1276.71
532,376,1673.02,823.67,1775.18,1138.01
532,398,1561.77,812.88,1667.6,1142.62
532,422,555.72,613.19,794.43,1428.84
532,451,738.7,729.64,934.27,1406.36
532,463,1484.39,816.2,1578.57,1191.97
532,464,1403.2,787.27,1510.63,1227.59
532,475,1313.34,783.29,1440.2,1260.88
532,477,1746.1,836.61,1814.89,1110.97
532,493,1794.66,850.74,1851.5,1073.89
532,501,893.38,717.66,982.43,1036.77
533,317,2046.23,858.74,2109.57,1015.19
533,357,1208.15,787.16,1363.43,1291.37
533,363,257.21,625.31,615.74,1436.01
533,171,0.0,517.11,287.38,1429.03
533,375,1041.54,772.6,1214.56,1276.55
533,376,1672.75,821.23,1775.52,1136.58
533,398,1563.38,811.6,1670.0,1142.91
533,422,538.82,607.54,783.23,1429.41
533,451,729.48,723.3,928.32,1408.95
533,463,1487.19,814.44,1583.31,1193.02
533,464,1401.77,782.13,1510.76,1226.63
533,475,1310.84,781.46,1437.95,1260.75
533,477,1746.77,835.13,1816.17,1109.52
533,493,1794.9,850.03,1852.52,1075.23
533,501,889.71,713.78,978.4,1036.22
534,317,2047.59,857.83,2111.58,1015.32
534,357,1205.71,785.37,1361.54,1291.68
534,363,235.4,617.38,598.81,1436.26
534,171,0.0,507.73,272.71,1428.98
534,375,1037.81,770.99,1212.55,1278.46
534,376,1673.3,822.13,1776.48,1138.88
534,398,1565.16,811.5,1672.16,1142.62
534,422,525.77,600.81,776.14,1431.88
534,451,724.14,722.15,925.62,1412.13
534,463,1491.29,811.83,1590.63,1194.26
534,464,1399.91,778.28,1510.54,1226.51
534,475,1307.58,780.18,1434.92,1261.6
534,477,1750.3,832.87,1820.13,1109.58
534,493,1797.33,847.99,1855.36,1074.09
534,501,886.31,711.3,973.19,1031.87
535,317,2048.37,857.84,2112.48,1015.1
535,357,1203.15,783.38,1360.18,1294.76
535,363,216.39,615.47,581.75,1435.16
535,171,0.0,496.64,260.03,1429.01
535,375,1034.38,768.13,1210.5,1279.7
535,376,1672.93,822.2,1776.11,1139.87
535,398,1562.67,808.98,1668.54,1139.43
535,422,510.13,595.32,766.16,1434.61
535,451,717.14,714.71,923.09,1416.53
535,463,1497.72,811.87,1599.71,1192.38
535,464,1398.5,779.17,1509.8,1227.85
535,475,1306.32,781.29,1433.83,1263.38
535,477,1749.95,832.87,1820.87,1111.82
535,493,1797.14,846.16,1855.21,1073.82
535,501,881.69,708.5,966.87,1025.62
536,317,2049.01,858.55,2113.13,1014.82
536,357,1200.25,781.65,1358.1,1296.54
536,363,198.15,612.7,564.41,1434.44
536,171,0.0,489.43,241.86,1427.46
536,375,1025.77,766.96,1204.47,1282.14
536,376,1671.98,822.05,1776.05,1142.38
536,398,1560.07,807.78,1665.38,1141.66
536,422,498.22,592.29,757.8,1433.9
536,451,708.21,713.5,917.16,1420.83
536,463,1502.23,812.15,1608.65,1196.74
536,464,1397.66,778.37,1510.0,1228.58
536,475,1304.8,778.17,1432.83,1263.58
536,477,1749.53,830.75,1821.7,1110.85
536,493,1798.61,845.42,1857.04,1074.13
536,501,877.8,705.67,961.6,1020.88
537,317,2049.32,858.51,2113.91,1014.93
537,357,1196.03,780.58,1354.84,1299.1
537,363,173.49,607.88,544.43,1437.87
537,171,0.0,486.47,214.77,1359.59
537,375,1023.24,766.9,1203.71,1285.53
537,376,1671.06,822.88,1775.62,1143.45
537,398,1561.21,807.49,1665.06,1140.64
537,422,481.16,588.89,745.1,1434.34
537,451,701.14,713.65,913.04,1425.45
537,463,1504.9,811.85,1615.51,1198.43
537,464,1394.08,781.02,1507.73,1232.14
537,475,1302.86,777.73,1431.62,1266.66
537,477,1749.01,831.09,1822.09,1113.2
537,493,1800.17,843.8,1859.32,1074.07
537,501,872.75,704.16,956.35,1021.42
538,317,2048.93,859.22,2113.66,1015.52
538,357,1191.51,780.62,1351.73,1306.15
538,363,155.09,606.66,527.41,1435.41
538,171,0.0,484.81,183.72,1263.84
538,375,1016.02,766.38,1198.96,1288.75
538,376,1670.8,822.83,1775.86,1144.06
538,398,1563.32,807.53,1665.78,1139.39
538,422,467.4,588.95,734.76,1436.98
538,451,691.51,713.86,906.14,1430.4
538,463,1506.43,812.65,1621.56,1201.21
538,464,1390.43,782.52,1506.0,1237.23
538,475,1300.08,777.19,1429.74,1270.67
538,477,1747.93,831.17,1822.05,1116.03
538,493,1800.2,843.88,1859.79,1075.53
538,501,868.25,704.47,950.52,1017.59
539,317,2049.78,860.84,2113.96,1015.9
539,357,1188.43,781.27,1348.99,1309.95
539,363,134.67,606.04,508.68,1433.48
539,171,0.0,484.27,163.83,1233.55
539,375,1017.19,766.48,1200.65,1293.44
539,376,1669.52,822.28,1775.7,1145.69
539,398,1564.51,808.4,1666.07,1141.46
539,422,452.87,587.09,724.3,1438.86
539,451,680.75,711.83,899.16,1436.1
539,463,1505.89,813.98,1624.47,1203.8
539,464,1387.67,782.33,1505.31,1241.98
539,475,1298.14,778.64,1428.52,1275.39
539,477,1747.9,832.33,1822.24,1116.68
539,493,1799.19,843.74,1859.37,1077.79
539,501,863.21,705.86,943.8,1016.48
540,317,2050.88,862.27,2114.46,1015.97
540,357,1185.81,781.95,1346.87,1314.22
540,363,113.44,606.32,490.16,1434.48
540,171,0.0,485.11,147.16,1201.19
540,375,1009.55,766.67,1194.72,1296.67
540,376,1667.74,822.0,1775.24,1147.45
540,398,1568.85,808.69,1668.79,1141.82
540,422,437.46,584.13,712.92,1439.48
540,451,673.74,708.72,896.19,1439.11
540,463,1505.08,814.95,1627.16,1207.74
540,464,1383.9,782.72,1503.51,1248.05
540,475,1294.03,778.16,1425.51,1279.98
540,477,1747.67,832.22,1823.23,1119.96
540,493,1797.08,847.11,1858.4,1085.74
540,501,857.89,708.05,936.89,1017.06
541,317,2051.49,862.19,2115.33,1016.52
541,357,1183.52,781.91,1345.27,1318.2
541,363,93.77,605.12,472.48,1434.12
541,375,1003.56,766.5,1190.94,1301.33
541,376,1667.26,823.13,1775.35,1149.04
541,398,1569.73,808.98,1668.99,1146.55
541,422,421.5,580.96,699.96,1434.34
541,451,665.91,712.14,890.05,1440.0
541,463,1502.29,815.43,1627.44,1209.93
541,464,1381.29,782.49,1502.78,1252.79
541,475,1289.98,777.87,1422.25,1284.27
541,477,1747.26,831.83,1823.62,1121.58
541,493,1796.87,848.87,1857.64,1085.18
541,501,852.58,707.35,930.34,1015.5
542,317,2051.9,862.15,2115.72,1016.47
542,357,1181.21,783.67,1343.73,1322.61
542,363,74.34,605.53,454.4,1433.05
542,375,1001.95,766.28,1190.42,1306.67
542,376,1667.28,823.16,1775.8,1149.49
542,398,1571.11,809.69,1669.21,1151.03
542,422,406.18,580.02,689.33,1438.11
542,451,656.36,706.8,884.53,1439.66
542,463,1499.99,815.32,1627.59,1210.56
542,464,1378.92,782.51,1501.66,1255.81
542,475,1287.53,777.6,1419.66,1284.92
542,477,1746.4,832.99,1823.15,1123.55
542,493,1797.93,846.57,1858.03,1080.5
542,501,847.66,706.49,925.18,1015.95
543,317,2052.27,862.87,2115.77,1016.42
543,357,1177.72,783.24,1341.38,1326.24
543,363,51.72,605.07,434.77,1434.32
543,375,994.93,766.09,1184.9,1310.5
543,376,1667.91,822.92,1776.72,1150.05
543,398,1572.75,810.08,1668.02,1149.65
543,422,393.19,579.95,679.43,1438.37
543,451,646.21,709.64,877.57,1439.12
543,463,1498.07,814.53,1628.21,1211.75
543,464,1377.43,782.43,1500.14,1254.26
543,475,1284.75,776.29,1417.73,1287.99
543,477,1745.6,833.17,1823.07,1126.34
543,493,1797.98,845.6,1858.11,1080.2
543,501,841.71,705.88,919.06,1018.57
544,317,2052.71,864.17,2115.73,1016.34
544,357,1174.03,782.73,1338.86,1329.23
544,363,26.75,602.23,412.8,1432.4
544,375,989.06,765.06,1180.91,1315.08
544,376,1668.7,823.08,1777.85,1152.01
544,398,1576.51,809.99,1670.15,1151.68
544,422,374.59,576.04,664.95,1435.42
544,451,637.81,709.91,874.11,1440.0
544,463,1496.39,814.29,1628.9,1213.04
544,464,1374.97,781.8,1498.93,1255.73
544,475,1283.68,776.87,1415.82,1288.16
544,477,1745.29,833.62,1823.36,1128.86
544,493,1797.58,845.84,1857.63,1081.22
544,501,838.17,704.5,913.42,1011.6
545,317,2053.38,864.18,2116.45,1016.65
545,357,1170.38,781.53,1336.11,1330.42
545,363,6.27,600.1,394.59,1433.13
545,375,984.06,764.73,1176.99,1318.61
545,376,1666.19,822.22,1776.33,1152.93
545,398,1580.66,809.65,1673.0,1151.63
545,422,356.45,572.02,651.85,1435.31
545,451,632.52,704.03,875.84,1439.94
545,463,1494.99,813.78,1629.81,1214.69
545,464,1370.6,780.23,1496.58,1257.08
545,475,1283.03,776.35,1416.4,1291.29
545,477,1745.03,834.11,1823.22,1129.57
545,493,1796.75,845.97,1856.92,1083.24
545,501,832.64,703.4,907.48,1012.51
545,518,1759.54,837.73,1815.77,1123.4
545,519,1453.41,776.56,1544.45,1178.31
546,317,2053.96,863.49,2117.11,1016.32
546,357,1166.36,780.24,1333.16,1331.42
546,363,0.0,596.76,381.8,1433.55
546,375,984.18,763.95,1176.88,1320.37
546,376,1665.42,821.49,1776.0,1153.06
546,398,1582.78,808.65,1674.61,1151.34
546,422,339.07,568.17,638.92,1433.9
546,451,621.86,704.47,869.52,1440.0
546,463,1491.58,813.26,1628.1,1215.43
546,464,1367.37,778.83,1495.36,1259.04
546,475,1279.96,774.95,1414.82,1294.78
546,477,1744.35,833.78,1822.8,1129.97
546,493,1796.36,845.43,1856.51,1083.89
546,501,825.78,702.62,900.29,1014.53
546,518,1759.16,835.74,1815.84,1123.74
546,519,1452.58,776.63,1543.96,1179.4
547,317,2054.44,862.83,2117.74,1016.23
547,357,1162.42,781.75,1329.12,1332.49
547,363,0.0,593.87,367.56,1432.5
547,375,979.06,762.97,1171.33,1321.07
547,376,1665.94,821.1,1776.62,1153.06
547,398,1584.87,809.71,1674.51,1147.13
547,422,322.03,565.33,627.05,1437.46
547,451,611.67,707.52,862.23,1440.0
547,463,1490.36,811.65,1628.8,1216.55
547,464,1363.96,778.98,1493.56,1260.94
547,475,1275.64,773.71,1411.69,1296.27
547,477,1744.22,832.79,1822.87,1129.2
547,493,1795.73,844.83,1855.84,1084.6
547,501,818.48,702.72,892.53,1015.89
547,518,1758.74,832.59,1816.07,1124.0
547,519,1449.32,776.51,1541.57,1182.87
548,317,2054.81,861.75,2118.75,1016.45
548,357,1157.44,781.24,1324.9,1334.56
548,363,0.0,585.66,353.52,1431.88
548,375,975.15,762.68,1167.28,1323.64
548,376,1663.16,819.98,1774.96,1153.49
548,398,1585.46,810.05,1673.95,1144.59
548,422,301.34,560.95,610.7,1434.9
548,451,599.04,712.75,851.28,1438.67
548,463,1492.01,811.48,1631.51,1217.93
548,464,1358.79,778.76,1489.86,1261.57
548,475,1269.49,773.25,1406.78,1297.49
548,477,1744.24,831.78,1823.34,1129.26
548,493,1795.12,845.12,1855.07,1084.2
548,501,813.48,708.0,885.23,1014.58
548,519,1448.07,776.78,1541.02,1185.63
549,317,2055.27,861.17,2119.45,1016.25
549,357,1151.71,779.55,1320.22,1336.74
549,363,0.0,579.85,339.04,1431.97
549,375,964.15,760.82,1157.88,1325.65
549,376,1660.56,818.25,1773.69,1154.61
549,398,1585.16,808.3,1673.16,1144.13
549,422,280.04,554.52,594.79,1433.5
549,451,584.28,707.62,842.4,1438.57
549,463,1492.26,810.35,1632.51,1218.29
549,464,1354.06,776.31,1487.03,1261.14
549,475,1264.47,771.28,1402.7,1297.82
549,477,1743.78,830.03,1823.55,1130.01
549,493,1794.17,844.82,1854.04,1084.65
549,501,801.98,703.83,874.52,1017.68
549,519,1444.01,776.1,1537.12,1184.95
550,317,2054.46,860.41,2118.55,1015.44
550,357,1145.93,776.67,1315.39,1337.42
550,363,0.0,573.72,321.42,1431.01
550,375,958.44,758.02,1153.11,1327.44
550,376,1657.7,816.47,1771.73,1154.66
550,398,1585.57,808.53,1672.06,1143.31
550,422,258.48,548.66,579.56,1435.41
550,451,567.3,716.14,826.64,1438.81
550,463,1493.19,808.71,1633.78,1218.56
550,464,1349.03,775.17,1483.55,1261.8
550,475,1258.58,771.64,1397.19,1296.94
550,477,1742.66,829.37,1821.9,1125.6
550,493,1792.36,842.08,1852.53,1085.06
550,501,788.47,697.17,862.53,1018.27
550,519,1440.81,775.08,1534.76,1185.64
551,317,2053.93,859.71,2117.98,1014.95
551,357,1138.85,773.27,1310.13,1340.84
551,363,0.0,566.27,304.26,1429.61
551,375,949.64,755.12,1145.44,1329.43
551,376,1656.43,816.02,1770.54,1154.34
551,398,1589.84,807.76,1676.71,1144.33
551,422,234.06,540.34,561.1,1433.64
551,451,549.83,697.95,819.58,1437.77
551,463,1494.31,807.94,1635.01,1219.43
551,464,1343.05,775.07,1478.94,1264.36
551,475,1252.93,771.14,1392.36,1297.38
551,477,1742.4,829.96,1822.36,1129.69
551,493,1792.24,842.72,1851.17,1084.14
551,501,778.13,689.04,855.07,1025.43
551,519,1437.55,773.54,1531.78,1183.05
552,317,2053.64,859.17,2117.48,1014.3
552,357,1132.43,769.89,1305.45,1342.9
552,363,0.0,560.55,284.52,1426.99
552,375,942.59,754.67,1137.64,1329.86
552,376,1653.9,816.3,1768.4,1154.86
552,398,1590.71,807.44,1675.74,1141.68
552,422,209.01,533.94,541.31,1430.99
552,451,529.39,685.78,806.32,1435.23
552,463,1494.39,805.51,1635.9,1219.99
552,464,1334.03,774.97,1469.85,1266.03
552,475,1246.25,770.3,1386.71,1299.02
552,477,1741.12,830.08,1821.42,1132.64
552,493,1791.34,844.09,1850.3,1087.71
552,501,767.07,685.65,845.56,1031.57
552,519,1434.57,769.99,1529.67,1181.54
553,317,2053.63,858.71,2117.19,1013.59
553,357,1126.41,767.04,1300.97,1345.0
553,363,0.0,557.27,262.14,1426.79
553,375,926.48,752.92,1124.67,1333.51
553,376,1653.76,814.0,1768.99,1155.26
553,398,1589.4,804.92,1676.18,1144.4
553,422,183.63,529.67,521.16,1429.81
553,451,512.68,680.36,796.07,1437.59
553,463,1491.99,803.14,1634.96,1220.87
553,464,1331.42,773.44,1468.72,1268.09
553,475,1239.51,771.23,1380.43,1299.69
553,477,1737.9,826.22,1817.66,1124.89
553,493,1791.89,844.34,1850.01,1085.58
553,501,756.45,689.47,834.0,1033.78
553,519,1431.35,769.25,1526.81,1180.76
554,317,2054.27,858.66,2118.25,1014.28
554,357,1119.55,766.99,1294.74,1347.78
554,363,0.0,554.88,240.83,1428.1
554,375,916.46,751.41,1116.64,1334.94
554,376,1650.93,813.56,1766.84,1157.23
554,398,1592.08,805.3,1678.64,1146.1
554,422,159.26,527.53,501.72,1429.73
554,451,497.39,677.06,786.64,1438.59
554,463,1489.93,801.49,1634.29,1223.41
554,464,1326.2,770.13,1465.33,1269.43
554,475,1229.57,767.69,1371.46,1303.68
554,477,1735.53,825.24,1815.25,1122.69
554,493,1789.9,844.06,1847.78,1085.14
554,519,1427.14,768.53,1523.43,1182.13
555,317,2054.39,858.7,2118.84,1015.09
555,357,1111.74,767.17,1287.3,1350.13
555,363,0.0,551.32,219.22,1430.59
555,375,908.08,750.39,1109.98,1337.42
555,376,1649.32,813.96,1765.55,1159.13
555,398,1594.22,805.82,1678.78,1142.39
555,422,137.57,525.51,484.4,1430.04
555,451,478.41,674.39,772.56,1438.18
555,463,1489.45,801.91,1634.68,1225.44
555,464,1321.9,770.89,1462.39,1273.63
555,475,1223.22,764.67,1366.11,1310.04
555,477,1733.15,824.81,1814.15,1127.13
555,493,1787.79,844.44,1846.91,1090.88
555,519,1423.32,768.72,1521.27,1186.6
556,317,2053.41,858.46,2117.91,1015.38
556,357,1104.46,766.28,1281.39,1354.71
556,375,901.88,749.19,1105.09,1341.12
556,376,1648.44,813.09,1764.73,1160.22
556,398,1593.37,806.56,1677.58,1147.1
556,422,109.12,520.47,462.81,1431.5
556,451,461.18,670.91,758.71,1433.32
556,463,1487.6,801.83,1634.04,1227.7
556,464,1314.38,769.25,1455.96,1274.42
556,475,1218.57,761.17,1362.69,1316.18
556,477,1731.23,824.59,1813.14,1129.68
556,493,1784.52,844.07,1844.17,1091.04
556,519,1419.98,767.32,1518.36,1183.16
557,317,2052.92,858.41,2117.47,1015.75
557,357,1098.48,768.42,1275.5,1357.5
557,375,895.05,749.98,1099.0,1344.97
557,376,1647.58,813.3,1763.8,1161.81
557,398,1593.9,808.16,1677.07,1150.71
557,422,84.94,517.55,443.14,1430.38
557,451,445.52,671.18,746.21,1431.17
557,463,1484.45,802.42,1632.04,1228.74
557,464,1309.38,768.7,1452.32,1275.57
557,475,1213.23,761.67,1357.34,1319.01
557,477,1729.98,825.1,1812.17,1130.73
557,493,1782.24,844.44,1842.09,1090.5
557,519,1415.64,767.18,1515.78,1187.66
558,317,2052.75,858.58,2117.08,1015.91
558,357,1093.12,768.84,1271.6,1362.16
558,375,889.45,749.68,1093.84,1347.23
558,376,1646.94,813.43,1762.94,1163.3
558,398,1593.65,808.07,1675.72,1151.17
558,422,58.96,514.58,422.15,1429.76
558,451,429.93,669.48,734.24,1429.8
558,463,1483.69,802.83,1632.99,1230.45
558,464,1304.89,769.45,1449.59,1279.22
558,475,1206.92,763.81,1352.55,1324.01
558,477,1729.2,824.41,1811.63,1130.31
558,493,1782.05,844.11,1840.92,1086.59
558,519,1412.28,766.6,1513.03,1186.77
559,317,2053.18,859.54,2116.72,1015.42
559,357,1086.52,767.53,1266.93,1367.34
559,375,884.55,750.39,1089.68,1353.15
559,376,1643.53,813.69,1760.18,1165.91
559,398,1593.61,808.77,1674.96,1156.27
559,422,35.46,512.49,402.88,1429.45
559,451,415.76,666.87,723.94,1429.46
559,463,1479.34,803.32,1630.03,1232.78
559,464,1301.68,770.42,1447.89,1283.16
559,475,1202.07,763.64,1348.23,1326.09
559,477,1728.87,824.39,1811.31,1129.74
559,493,1787.05,843.66,1844.98,1083.59
559,519,1408.11,767.34,1510.18,1190.73
559,501,681.51,683.27,776.11,1114.14
560,317,2054.13,860.28,2117.39,1015.89
560,357,1081.01,766.08,1263.0,1370.52
560,375,877.84,749.64,1082.68,1355.81
560,376,1640.4,813.19,1758.05,1167.81
560,398,1591.84,809.71,1672.22,1158.65
560,422,14.93,510.3,386.08,1428.6
560,451,400.73,668.99,710.57,1428.67
560,463,1476.03,802.56,1627.93,1234.3
560,464,1299.44,770.97,1446.45,1286.61
560,475,1197.83,764.12,1345.27,1330.13
560,477,1727.98,824.62,1810.81,1130.22
560,493,1786.73,844.19,1844.36,1081.99
560,519,1404.38,767.52,1507.65,1193.1
560,501,669.24,682.79,764.35,1123.54
561,317,2054.31,861.11,2116.91,1015.73
561,357,1074.56,765.49,1258.32,1374.99
561,375,870.59,749.37,1074.85,1357.17
561,376,1637.91,812.42,1756.87,1169.18
561,398,1588.55,809.17,1668.06,1158.16
561,422,0.4,506.76,373.57,1428.66
561,451,382.61,668.14,696.23,1432.56
561,463,1474.26,802.2,1627.45,1236.2
561,464,1297.15,772.04,1445.66,1293.5
561,475,1193.0,763.88,1340.73,1329.87
561,477,1727.42,824.96,1810.58,1131.13
561,493,1782.24,842.35,1840.02,1083.33
561,519,1401.4,766.4,1505.32,1194.04
561,501,655.33,679.59,754.5,1142.31
562,317,2054.52,861.6,2116.84,1015.71
562,357,1067.59,763.35,1253.42,1379.73
562,375,864.49,747.73,1069.35,1360.06
562,376,1636.13,811.94,1756.56,1171.55
562,398,1590.48,807.61,1667.27,1152.28
562,422,0.0,503.84,363.49,1428.82
562,451,366.79,667.72,682.98,1434.15
562,463,1470.87,801.05,1625.45,1238.19
562,464,1292.92,770.71,1440.83,1291.29
562,475,1186.01,757.97,1336.73,1333.42
562,477,1727.15,824.56,1810.67,1131.72
562,493,1778.71,844.46,1837.09,1085.33
562,519,1398.42,767.87,1503.26,1198.0
562,501,644.37,677.15,745.54,1154.25
562,524,565.11,674.11,744.34,1413.59
563,317,2054.8,861.88,2117.0,1015.44
563,357,1061.08,762.43,1248.24,1383.76
563,375,857.81,745.69,1063.37,1362.06
563,376,1634.62,812.63,1755.23,1171.38
563,398,1587.16,806.98,1663.07,1148.65
563,422,0.0,495.53,353.59,1429.09
563,451,351.24,662.46,670.77,1434.97
563,463,1468.46,800.74,1623.82,1238.72
563,464,1291.2,770.04,1439.28,1291.59
563,475,1182.1,755.07,1334.5,1334.38
563,477,1727.1,824.51,1810.98,1132.32
563,519,1395.97,767.49,1501.53,1199.66
563,524,553.64,673.27,734.36,1419.03
564,317,2054.65,861.93,2117.02,1015.75
564,357,1055.3,760.91,1243.8,1386.67
564,375,850.73,745.07,1056.55,1364.29
564,376,1635.66,812.24,1756.57,1172.76
564,398,1584.03,805.31,1661.43,1156.6
564,422,0.0,489.29,341.52,1427.0
564,451,335.64,661.21,657.78,1438.09
564,463,1465.73,800.39,1622.0,1239.32
564,464,1288.66,769.67,1437.95,1297.28
564,475,1178.46,753.3,1332.8,1337.61
564,477,1726.47,824.34,1810.71,1132.38
564,519,1393.3,766.4,1499.55,1200.72
564,524,540.08,670.5,722.89,1424.21
564,493,1780.19,841.96,1840.03,1086.56
565,317,2054.1,861.72,2116.47,1015.53
565,357,1049.81,759.48,1238.87,1386.37
565,375,843.93,743.59,1050.43,1366.36
565,376,1637.04,811.42,1757.78,1173.2
565,398,1581.48,804.64,1658.2,1156.11
565,422,0.0,483.55,330.09,1424.96
565,451,319.94,656.12,644.71,1438.03
565,463,1463.77,798.64,1621.36,1240.18
565,464,1287.18,768.58,1436.08,1296.74
565,475,1173.59,753.45,1329.73,1341.08
565,477,1725.97,825.27,1810.41,1133.26
565,519,1390.25,767.11,1497.29,1201.81
565,524,529.22,668.28,713.34,1427.08
565,493,1780.68,841.73,1840.92,1086.44
566,317,2053.48,861.56,2115.91,1015.27
566,357,1043.13,758.36,1233.61,1389.73
566,375,837.23,741.96,1044.56,1369.11
566,376,1635.67,810.5,1756.44,1172.67
566,398,1582.43,803.14,1658.61,1154.28
566,422,0.0,475.57,316.6,1424.64
566,451,304.1,653.45,630.21,1436.59
566,463,1461.4,797.72,1619.76,1240.21
566,464,1283.65,766.43,1433.06,1299.04
566,475,1169.28,766.92,1324.88,1346.33
566,477,1725.49,824.4,1810.38,1133.05
566,519,1387.77,766.61,1494.8,1198.05
566,524,513.16,664.75,699.51,1430.44
566,493,1779.38,841.23,1839.91,1085.64
567,317,2053.49,861.07,2116.09,1014.72
567,357,1035.62,755.76,1227.23,1392.15
567,375,829.94,740.86,1038.2,1372.34
567,376,1633.32,809.1,1755.01,1173.66
567,398,1583.62,802.9,1658.86,1152.83
567,422,0.0,468.04,301.43,1426.86
567,451,287.06,650.06,615.72,1438.14
567,463,1459.17,796.18,1618.61,1240.63
567,464,1281.78,765.69,1430.72,1300.93
567,475,1165.23,772.72,1320.86,1345.56
567,477,1724.67,826.15,1809.69,1134.36
567,519,1385.08,765.48,1493.13,1198.4
567,524,500.52,661.7,689.16,1433.97
567,493,1778.11,840.76,1838.81,1085.33
568,317,2053.59,859.41,2116.79,1013.91
568,357,1028.72,752.45,1221.75,1394.86
568,375,822.36,739.13,1031.62,1375.1
568,376,1632.59,807.9,1754.72,1174.09
568,398,1583.07,802.03,1656.95,1149.55
568,422,0.0,458.45,287.56,1425.65
568,451,269.85,645.93,600.46,1436.56
568,463,1457.65,794.81,1618.47,1241.81
568,464,1275.78,763.44,1424.14,1302.17
568,475,1159.77,776.35,1317.31,1348.95
568,477,1724.07,826.31,1809.4,1135.02
568,519,1382.44,764.54,1492.21,1201.73
568,524,485.0,657.78,676.14,1435.82
568,493,1779.19,840.92,1839.78,1085.25
569,317,2053.57,858.8,2116.92,1013.15
569,357,1022.04,749.88,1216.02,1396.65
569,375,813.92,735.69,1024.57,1377.03
569,376,1630.32,806.93,1753.27,1174.54
569,398,1584.77,800.26,1658.16,1149.29
569,422,0.0,453.44,269.73,1427.88
569,451,253.69,639.13,589.09,1436.27
569,463,1455.99,792.99,1618.55,1242.82
569,464,1275.31,762.52,1423.0,1302.04
569,475,1154.39,777.01,1313.69,1349.43
569,477,1723.79,827.04,1808.86,1134.9
569,519,1380.31,762.31,1490.7,1199.67
569,524,471.93,656.49,663.96,1434.17
569,493,1779.58,841.36,1839.89,1085.08
570,317,2054.68,858.79,2118.48,1012.96
570,357,1016.15,748.25,1211.71,1399.82
570,375,805.24,734.61,1016.79,1379.46
570,376,1629.33,805.74,1753.19,1175.73
570,398,1585.47,798.21,1658.86,1150.07
570,422,0.0,449.09,251.09,1431.97
570,451,236.34,635.75,574.96,1435.08
570,463,1453.02,791.68,1617.45,1245.14
570,464,1269.31,759.33,1415.49,1299.6
570,475,1151.22,774.33,1313.13,1351.87
570,477,1723.08,828.08,1808.1,1135.49
570,519,1377.69,759.76,1489.3,1200.31
570,524,456.76,649.52,651.81,1434.83
570,493,1780.45,841.24,1840.76,1084.91
570,501,535.7,656.28,658.83,1226.64
571,317,2055.71,858.63,2120.29,1012.96
571,357,1009.72,746.04,1207.36,1403.83
571,375,796.44,733.65,1009.11,1382.9
571,376,1625.91,804.98,1750.73,1176.28
571,398,1581.97,796.74,1654.72,1148.3
571,422,0.0,446.55,221.05,1366.08
571,451,221.67,630.02,566.16,1434.49
571,463,1450.65,790.47,1616.43,1245.69
571,464,1259.96,758.6,1405.74,1307.99
571,475,1147.26,779.38,1309.51,1353.47
571,477,1722.96,829.49,1808.05,1136.13
571,519,1374.65,759.0,1487.16,1202.24
571,524,438.44,653.81,633.17,1435.61
571,493,1782.63,844.13,1842.97,1086.56
571,501,521.37,653.17,646.62,1223.02
572,317,2055.71,857.89,2121.37,1013.07
572,357,1002.85,744.52,1202.04,1406.87
572,375,788.25,732.61,1002.63,1387.38
572,376,1624.72,804.28,1750.4,1177.32
572,398,1578.49,795.83,1650.54,1148.26
572,451,205.11,626.41,555.58,1435.65
572,463,1447.32,789.62,1615.17,1248.52
572,464,1260.08,757.92,1406.84,1314.59
572,475,1143.17,779.39,1307.02,1354.13
572,477,1721.29,832.47,1806.7,1140.1
572,519,1372.16,758.11,1485.86,1205.0
572,524,429.85,649.66,626.93,1434.3
572,493,1781.99,843.23,1843.14,1087.06
572,501,507.78,651.11,634.92,1220.88
573,317,2055.32,857.76,2121.67,1012.86
573,357,994.7,742.43,1196.14,1411.78
573,375,778.92,730.86,995.32,1392.1
573,376,1624.22,803.74,1750.36,1177.99
573,398,1573.49,795.6,1647.35,1154.87
573,451,180.7,623.49,535.85,1435.41
573,463,1445.3,789.41,1615.4,1250.71
573,464,1259.28,757.24,1404.53,1312.43
573,475,1139.22,779.59,1304.12,1352.77
573,477,1720.18,833.18,1805.97,1142.97
573,519,1368.13,757.1,1482.89,1206.42
573,524,417.23,651.64,617.54,1435.72
573,493,1778.48,841.0,1841.49,1088.37
573,501,491.46,649.42,623.31,1224.05
574,317,2055.08,858.3,2122.09,1013.35
574,357,986.34,741.36,1189.44,1415.51
574,375,768.87,730.62,986.66,1396.94
574,376,1621.44,803.75,1748.9,1179.92
574,398,1580.44,795.07,1653.6,1153.27
574,451,161.86,621.84,522.5,1435.88
574,463,1440.94,789.34,1613.14,1253.17
574,464,1255.73,757.48,1400.22,1312.84
574,475,1128.56,782.34,1297.73,1362.32
574,477,1719.76,834.3,1805.31,1145.4
574,519,1364.66,757.37,1480.51,1209.06
574,524,403.51,650.2,607.79,1436.58
574,493,1779.08,840.65,1843.0,1089.02
574,501,472.91,647.31,609.1,1220.17
575,317,2053.3,858.32,2120.98,1013.66
575,357,978.94,742.3,1184.23,1421.99
575,375,761.25,730.07,980.86,1402.24
575,376,1619.22,803.84,1747.51,1180.58
575,398,1582.51,795.0,1654.67,1151.45
575,451,137.29,623.09,499.27,1433.37
575,463,1434.5,790.13,1608.26,1256.67
575,464,1252.6,758.99,1396.45,1315.33
575,475,1120.22,781.95,1293.91,1370.09
575,477,1720.01,833.79,1805.03,1145.76
575,519,1361.2,757.81,1477.91,1210.65
575,524,389.95,648.89,596.5,1434.24
575,493,1779.94,841.02,1844.62,1089.94
575,501,458.29,646.87,599.62,1230.16
576,317,2052.29,858.37,2120.75,1014.35
576,357,970.3,744.15,1177.49,1429.74
576,375,751.78,731.17,972.52,1407.81
576,376,1617.21,804.29,1746.51,1182.23
576,398,1578.24,798.02,1650.55,1158.55
576,451,112.04,622.07,478.94,1437.68
576,463,1428.47,791.45,1602.98,1260.35
576,464,1249.0,758.84,1393.58,1319.18
576,475,1112.87,782.66,1290.37,1375.96
576,477,1720.55,833.94,1805.13,1146.37
576,519,1358.61,758.97,1475.15,1208.64
576,524,373.02,646.25,582.64,1430.49
576,493,1778.03,841.13,1844.48,1094.02
576,501,439.99,646.47,585.95,1237.08
576,536,1556.28,796.4,1636.88,1163.43
577,317,2051.57,858.81,2120.68,1015.44
577,357,961.78,745.21,1169.74,1434.58
577,375,742.52,731.57,964.96,1414.44
577,376,1616.05,806.1,1745.92,1184.19
577,398,1577.64,799.6,1649.4,1158.01
577,451,89.74,627.71,455.33,1435.34
577,463,1426.83,794.96,1602.85,1264.68
577,464,1245.4,759.21,1391.06,1324.93
577,475,1107.47,776.29,1290.67,1383.81
577,477,1719.14,832.5,1804.2,1149.8
577,519,1354.17,759.61,1472.61,1214.73
577,524,357.15,641.66,571.89,1433.84
577,493,1774.76,839.89,1841.97,1094.48
577,501,421.43,646.53,575.11,1255.09
577,536,1558.8,797.82,1638.78,1162.89
578,317,2050.98,860.2,2119.91,1015.96
578,357,954.44,745.96,1162.77,1437.63
578,375,733.92,732.11,957.84,1419.96
578,376,1614.45,807.01,1745.07,1186.28
578,398,1577.8,799.56,1649.25,1158.38
578,451,70.05,626.48,437.3,1431.86
578,463,1421.65,795.32,1598.37,1265.86
578,464,1237.82,759.99,1384.42,1330.18
578,475,1104.09,778.13,1289.33,1388.31
578,477,1718.51,832.41,1802.74,1149.49
578,519,1351.37,759.85,1470.54,1216.64
578,524,345.32,643.73,562.38,1434.68
578,493,1773.35,840.69,1840.81,1095.86
578,536,1557.89,797.64,1638.26,1164.9
579,317,2050.24,860.98,2118.9,1016.13
579,357,946.57,745.62,1155.3,1438.54
579,375,724.88,730.04,950.52,1424.27
579,376,1614.02,807.19,1745.19,1187.82
579,398,1578.69,799.9,1650.57,1165.49
579,451,47.72,625.97,419.03,1433.71
579,463,1418.81,795.55,1596.6,1268.51
579,464,1233.44,759.76,1381.33,1334.84
579,475,1100.16,776.62,1287.32,1389.31
579,477,1717.03,832.23,1800.56,1149.19
579,519,1347.82,759.47,1468.08,1218.39
579,524,335.49,642.19,555.28,1434.39
579,493,1772.73,840.39,1840.24,1095.34
579,536,1559.7,796.89,1640.25,1166.78
580,317,2050.35,861.66,2118.76,1015.82
580,357,940.05,744.77,1149.08,1437.34
580,375,715.63,728.48,942.56,1427.79
580,376,1612.43,808.49,1743.26,1188.2
580,398,1578.81,799.85,1649.84,1166.08
580,451,26.57,625.72,402.03,1435.4
580,463,1416.91,794.92,1596.1,1270.31
580,464,1223.64,758.85,1373.61,1336.79
580,475,1094.78,778.76,1283.44,1392.25
580,477,1715.54,830.18,1799.63,1151.15
580,519,1344.13,755.2,1466.83,1219.55
580,524,320.6,642.89,542.78,1434.75
580,493,1771.36,840.32,1839.0,1094.39
580,536,1560.96,795.87,1640.7,1163.86
581,317,2050.35,861.91,2118.88,1015.84
581,357,933.16,744.35,1142.86,1437.3
581,375,708.07,727.27,935.73,1429.96
581,376,1610.26,807.69,1742.0,1189.79
581,398,1577.06,800.32,1648.47,1171.99
581,451,8.85,620.94,388.62,1435.77
581,463,1412.76,793.9,1593.17,1272.49
581,464,1222.25,758.22,1373.14,1337.32
581,475,1088.41,776.03,1279.31,1395.53
581,477,1709.99,826.64,1795.12,1151.49
581,519,1340.62,750.41,1465.42,1221.67
581,524,306.63,642.23,531.19,1435.27
581,493,1769.02,841.06,1837.55,1096.6
581,536,1559.8,795.87,1638.7,1162.44
582,317,2050.16,862.31,2118.8,1016.02
582,357,925.01,743.36,1135.84,1438.02
582,375,698.21,725.69,926.51,1431.52
582,376,1606.62,807.37,1739.18,1190.6
582,398,1575.1,800.12,1646.71,1175.42
582,451,0.0,617.32,377.6,1435.68
582,463,1411.58,793.45,1593.09,1273.5
582,464,1215.08,754.96,1367.91,1337.05
582,475,1082.51,777.16,1274.26,1398.1
582,477,1708.45,828.33,1792.99,1150.18
582,519,1338.89,752.55,1462.79,1219.1
582,524,291.58,637.83,518.95,1434.42
582,493,1767.58,840.46,1836.83,1096.88
582,536,1558.12,813.07,1632.17,1158.47
583,317,2050.03,863.0,2118.76,1016.5
583,357,916.57,740.61,1129.22,1438.66
583,375,688.57,724.85,917.24,1432.23
583,376,1602.91,806.65,1736.7,1191.81
583,398,1571.07,799.68,1642.91,1176.39
583,451,0.0,613.35,368.13,1435.53
583,463,1406.99,792.08,1589.75,1275.01
583,464,1208.04,751.39,1362.52,1337.34
583,475,1075.53,774.42,1269.82,1400.65
583,477,1703.27,823.68,1789.2,1150.03
583,519,1335.17,753.91,1460.06,1221.04
583,524,278.03,635.15,508.11,1435.71
583,493,1764.84,840.36,1834.04,1096.95
583,536,1548.62,802.29,1626.69,1162.8
584,317,2049.08,863.64,2117.81,1017.74
584,357,907.71,738.72,1121.53,1437.89
584,375,677.85,723.41,907.81,1433.92
584,376,1601.17,806.76,1735.41,1192.26
584,398,1565.38,799.42,1638.58,1181.08
584,451,0.0,610.78,358.8,1435.46
584,463,1403.56,790.13,1587.36,1275.26
584,464,1192.14,750.09,1345.75,1338.37
584,475,1067.33,769.76,1263.9,1401.93
584,477,1700.64,819.2,1788.14,1148.15
584,519,1328.48,753.32,1455.05,1222.63
584,524,262.64,629.46,496.76,1437.7
584,493,1762.71,839.95,1832.11,1098.1
584,536,1539.53,797.91,1622.41,1176.91
585,317,2048.41,862.86,2117.05,1016.98
585,357,897.34,737.16,1112.29,1437.71
585,375,666.42,720.75,898.55,1435.67
585,376,1597.84,806.29,1733.34,1193.5
585,398,1559.23,796.83,1632.7,1173.84
585,451,0.0,606.97,347.65,1433.34
585,463,1398.38,788.47,1582.56,1275.63
585,464,1192.63,749.37,1346.84,1337.69
585,475,1059.37,769.69,1256.72,1403.52
585,477,1697.43,813.23,1786.52,1146.18
585,519,1325.84,751.94,1453.65,1225.26
585,524,244.87,624.04,482.22,1436.9
585,493,1760.85,840.15,1830.56,1098.26
585,536,1531.51,794.09,1616.83,1182.52
586,317,2047.74,862.44,2115.72,1015.47
586,357,884.65,731.57,1101.79,1438.46
586,375,655.91,719.05,889.79,1436.62
586,376,1594.6,805.22,1731.0,1194.46
586,398,1559.81,797.35,1631.94,1165.97
586,451,0.0,603.67,337.53,1432.8
586,463,1388.46,785.81,1572.67,1277.48
586,464,1189.52,748.3,1344.84,1339.51
586,475,1050.46,769.05,1249.4,1405.62
586,477,1696.6,813.86,1785.55,1145.44
586,519,1321.26,752.07,1449.1,1224.97
586,524,226.13,620.52,466.15,1436.62
586,493,1759.68,840.13,1829.76,1097.96
586,536,1522.09,802.69,1607.62,1187.08
587,317,2047.55,861.69,2115.02,1013.6
587,357,873.44,730.11,1091.25,1437.95
587,375,642.82,716.2,878.29,1437.55
587,376,1591.43,803.56,1728.66,1194.15
587,398,1556.5,795.62,1630.3,1171.12
587,451,0.0,599.05,322.49,1431.29
587,463,1383.61,784.91,1566.58,1278.21
587,464,1185.91,744.9,1341.96,1342.97
587,475,1040.48,763.83,1242.34,1408.13
587,477,1692.53,815.88,1782.49,1149.33
587,519,1315.9,751.5,1444.91,1229.32
587,524,207.31,617.03,450.11,1437.47
587,493,1759.99,839.8,1830.41,1096.45
587,536,1515.46,802.59,1602.66,1190.84
588,317,2047.53,860.43,2114.66,1010.98
588,357,861.07,729.42,1079.94,1437.37
588,375,627.47,712.85,864.64,1438.04
588,376,1588.82,802.99,1726.53,1194.05
588,398,1552.69,796.49,1627.04,1172.55
588,451,0.0,595.79,307.35,1429.72
588,463,1381.57,782.87,1563.42,1278.4
588,464,1177.31,742.07,1334.7,1346.7
588,475,1029.49,745.19,1238.27,1411.59
588,477,1688.93,816.52,1779.82,1151.31
588,519,1311.83,750.84,1441.94,1233.08
588,524,186.85,612.19,432.98,1435.86
588,493,1757.87,839.08,1829.56,1097.28
588,536,1509.21,796.09,1600.02,1195.5
589,317,2046.89,859.8,2114.19,1010.7
589,357,847.6,726.54,1067.61,1435.62
589,375,614.63,710.9,852.72,1436.43
589,376,1585.48,802.6,1723.27,1194.1
589,398,1550.95,795.5,1625.31,1171.25
589,451,0.0,592.92,290.74,1429.74
589,463,1377.77,781.71,1559.95,1281.91
589,464,1166.63,741.17,1326.35,1351.35
589,475,1021.35,748.16,1230.41,1414.33
589,477,1685.87,817.62,1777.4,1153.14
589,519,1306.18,751.34,1435.46,1229.28
589,524,167.45,612.15,415.68,1434.33
589,493,1755.17,839.81,1827.4,1098.51
589,536,1505.6,803.59,1595.52,1193.98
590,317,2046.07,859.22,2113.23,1010.34
590,357,834.25,724.29,1055.96,1435.68
590,375,601.02,711.8,839.69,1436.56
590,376,1582.0,802.39,1719.99,1195.06
590,398,1548.69,796.09,1622.28,1167.82
590,451,0.0,590.43,270.62,1430.01
590,463,1373.25,780.2,1554.94,1283.42
590,464,1148.87,740.48,1309.02,1355.59
590,475,1011.34,744.9,1222.16,1417.85
590,477,1684.16,813.53,1777.78,1156.93
590,519,1299.4,750.26,1429.6,1230.15
590,524,146.06,609.76,397.54,1434.7
590,493,1750.67,837.57,1824.74,1100.54
590,536,1502.28,805.83,1593.57,1196.2
591,317,2045.63,858.93,2112.88,1010.85
591,357,820.95,724.67,1043.73,1436.58
591,375,585.25,711.65,824.33,1435.75
591,376,1580.14,802.78,1717.95,1196.72
591,398,1545.1,797.29,1620.01,1177.33
591,451,0.0,588.14,251.31,1431.81
591,463,1367.45,780.68,1548.85,1287.96
591,464,1135.75,742.44,1298.22,1359.54
591,475,1000.62,754.6,1210.65,1422.2
591,477,1682.53,816.04,1775.7,1158.14
591,519,1293.38,752.56,1423.44,1230.56
591,524,124.82,608.83,377.99,1432.15
591,493,1746.8,837.71,1821.27,1100.7
591,536,1499.74,806.46,1592.34,1193.65
592,317,2045.16,859.06,2112.73,1012.25
592,357,806.52,723.84,1029.96,1435.57
592,375,569.8,710.2,809.71,1434.66
592,376,1575.14,803.17,1713.89,1198.87
592,398,1542.08,797.6,1616.91,1179.88
592,451,0.0,587.06,229.33,1429.43
592,463,1359.9,782.23,1540.51,1292.4
592,464,1127.93,742.02,1294.29,1365.11
592,475,990.84,761.11,1201.45,1429.02
592,477,1681.21,820.51,1772.96,1158.39
592,519,1289.58,754.5,1420.6,1233.56
592,524,101.85,609.81,357.71,1433.07
592,493,1742.39,838.33,1817.39,1102.94
592,536,1505.26,798.89,1597.31,1182.91
593,317,2043.71,858.82,2111.38,1012.69
593,357,790.42,724.62,1014.69,1435.92
593,375,554.39,712.99,794.07,1433.88
593,376,1571.14,802.22,1711.65,1202.21
593,398,1532.56,793.96,1607.26,1178.74
593,451,0.0,584.83,209.14,1427.71
593,463,1354.43,783.36,1534.29,1295.49
593,464,1121.02,743.5,1289.31,1370.11
593,475,979.98,759.66,1191.96,1431.14
593,477,1678.95,824.11,1770.08,1161.38
593,519,1284.44,757.22,1416.35,1235.87
593,524,80.56,609.0,340.24,1433.81
593,493,1736.91,839.28,1813.08,1103.09
593,536,1488.98,792.67,1585.21,1196.41
594,317,2041.54,858.81,2109.54,1014.07
594,357,776.46,725.79,1001.92,1435.99
594,375,540.0,714.32,779.74,1432.97
594,376,1566.64,802.79,1708.35,1205.26
594,398,1531.87,795.35,1605.77,1177.94
594,451,0.0,581.99,186.76,1423.32
594,463,1347.2,781.28,1527.9,1299.05
594,464,1108.19,744.88,1279.95,1375.87
594,475,968.28,764.96,1180.88,1435.72
594,477,1674.52,826.6,1765.58,1162.81
594,519,1276.46,757.13,1409.82,1240.94
594,524,58.01,607.24,320.82,1433.05
594,493,1735.32,837.35,1813.16,1104.71
594,536,1479.98,784.35,1579.7,1204.69
595,317,2041.08,859.23,2108.6,1013.85
595,357,763.46,725.4,990.33,1435.91
595,375,525.68,717.08,765.3,1432.55
595,376,1563.62,804.75,1706.45,1209.82
595,398,1524.03,799.96,1596.54,1179.82
595,463,1341.24,781.33,1522.35,1304.03
595,464,1097.55,746.82,1272.39,1380.18
595,475,958.99,770.53,1171.43,1436.69
595,477,1671.11,829.16,1762.12,1163.1
595,519,1269.13,757.19,1403.22,1244.34
595,524,35.45,610.21,300.57,1433.74
595,493,1733.62,841.45,1811.25,1104.91
595,536,1476.47,785.44,1578.12,1209.79
596,317,2041.27,859.98,2108.61,1014.45
596,357,751.67,728.54,979.53,1436.02
596,375,511.88,717.71,752.8,1433.44
596,376,1563.68,806.36,1705.79,1210.42
596,398,1519.54,796.9,1593.22,1184.63
596,463,1336.49,786.57,1516.39,1308.15
596,464,1085.72,748.73,1264.44,1389.12
596,475,948.81,761.6,1165.49,1438.61
596,477,1669.27,829.4,1760.78,1163.61
596,519,1262.79,756.78,1397.86,1248.04
596,524,15.12,610.29,282.92,1432.77
596,493,1731.94,842.12,1811.13,1106.05
596,536,1470.55,784.49,1574.49,1213.48
596,546,0.0,595.02,65.24,1246.07
597,317,2040.43,860.56,2107.23,1014.85
597,357,738.73,729.46,967.92,1436.32
597,375,498.37,718.77,740.28,1433.23
597,376,1559.82,806.52,1703.21,1214.99
597,398,1523.43,800.06,1596.42,1187.22
597,463,1332.05,785.28,1512.85,1311.81
597,464,1078.16,749.08,1259.83,1394.8
597,475,940.47,747.2,1161.03,1436.79
597,477,1666.93,824.38,1759.68,1161.02
597,519,1257.71,756.78,1393.71,1251.48
597,524,2.55,608.74,271.86,1432.3
597,493,1725.95,841.9,1806.5,1107.52
597,536,1465.05,786.89,1570.41,1216.92
597,546,0.0,600.63,62.33,1306.82
598,317,2039.99,861.3,2106.0,1014.93
598,357,725.62,729.73,955.89,1435.78
598,375,483.81,717.12,727.6,1432.53
598,376,1555.23,807.82,1699.13,1216.85
598,398,1520.66,797.55,1594.46,1186.49
598,463,1325.58,784.52,1506.84,1314.99
598,464,1069.16,749.17,1254.18,1399.11
598,475,931.5,745.97,1153.18,1438.5
598,477,1663.55,822.46,1757.15,1162.03
598,519,1251.76,757.47,1387.87,1254.29
598,524,0.0,609.94,261.55,1432.76
598,493,1723.51,842.64,1804.71,1108.56
598,536,1459.62,788.24,1566.84,1221.73
599,317,2039.68,861.64,2105.12,1014.99
599,357,712.99,727.31,945.86,1436.7
599,375,470.55,718.03,715.42,1432.72
599,376,1552.5,806.38,1697.88,1219.8
599,398,1518.99,798.77,1592.91,1186.26
599,463,1319.55,784.05,1501.95,1319.12
599,464,1059.48,748.77,1247.02,1402.14
599,475,925.38,758.28,1143.79,1438.8
599,477,1662.38,821.69,1756.81,1162.97
599,519,1244.6,756.19,1380.6,1257.72
599,524,0.0,608.8,252.11,1433.32
599,493,1723.26,841.1,1805.37,1108.79
599,536,1452.83,790.7,1561.36,1223.47
600,317,2039.1,861.61,2104.46,1015.45
600,357,702.36,727.89,936.17,1434.58
600,375,456.28,714.92,703.39,1432.72
600,376,1549.24,805.54,1695.56,1221.27
600,398,1516.92,797.56,1591.48,1186.39
600,463,1311.88,783.67,1496.0,1324.37
600,464,1050.42,747.85,1240.24,1405.96
600,475,914.95,766.35,1132.32,1439.02
600,477,1660.6,821.71,1756.18,1165.1
600,519,1243.12,754.6,1380.06,1260.99
600,524,0.0,606.64,241.01,1432.88
600,493,1723.93,842.08,1805.84,1109.62
600,536,1444.7,792.35,1555.18,1223.0
601,317,2038.6,861.76,2103.52,1015.23
601,357,689.87,726.44,925.75,1434.48
601,375,442.57,713.35,691.82,1433.87
601,376,1547.54,805.1,1694.46,1222.61
601,398,1514.77,795.59,1589.66,1184.38
601,463,1304.84,782.68,1489.91,1326.05
601,464,1046.55,746.56,1237.65,1404.49
601,475,902.61,757.57,1124.04,1440.0
601,477,1658.74,822.1,1754.76,1166.01
601,519,1237.21,753.9,1373.28,1261.85
601,524,0.0,602.15,230.82,1432.68
601,493,1723.2,842.43,1805.37,1109.92
601,536,1439.03,788.84,1553.0,1225.79
602,317,2038.48,862.12,2103.1,1015.62
602,357,677.72,723.83,916.3,1434.45
602,375,427.31,709.36,678.51,1432.72
602,376,1545.8,804.33,1693.31,1223.12
602,398,1512.53,793.77,1588.18,1185.29
602,463,1297.7,782.62,1483.4,1328.22
602,464,1040.25,744.11,1234.15,1407.34
602,475,892.76,746.64,1118.55,1440.0
602,477,1656.36,824.76,1752.74,1169.86
602,519,1231.41,751.92,1365.8,1259.25
602,524,0.0,597.5,209.96,1373.64
602,493,1723.8,843.62,1805.79,1109.83
602,536,1435.18,786.8,1551.91,1225.82
603,317,2038.46,862.67,2102.52,1015.64
603,357,664.43,720.22,905.85,1434.2
603,375,412.87,705.02,666.24,1432.02
603,376,1543.44,802.19,1691.85,1223.32
603,398,1505.28,795.4,1580.92,1184.57
603,463,1289.98,783.74,1476.25,1329.65
603,464,1028.24,742.62,1226.78,1410.16
603,475,886.83,749.87,1112.25,1440.0
603,477,1655.26,823.02,1752.74,1171.96
603,519,1227.2,750.11,1361.18,1261.62
603,524,0.0,592.48,191.33,1331.1
603,493,1723.35,844.15,1805.22,1109.69
603,536,1426.23,787.88,1544.19,1227.15
604,317,2038.06,863.04,2101.82,1016.1
604,357,649.23,714.37,893.79,1433.65
604,375,396.89,700.53,652.88,1433.12
604,376,1540.38,800.61,1689.54,1223.74
604,398,1504.9,797.19,1580.19,1183.11
604,463,1282.82,781.47,1471.03,1330.74
604,464,1019.37,738.39,1222.12,1412.04
604,475,877.25,745.32,1104.45,1438.95
604,477,1653.75,820.56,1752.51,1172.97
604,519,1222.38,747.61,1356.37,1263.1
604,524,0.0,585.52,172.28,1288.03
604,493,1723.3,844.09,1805.5,1110.04
604,536,1416.97,785.37,1536.72,1226.54
605,317,2037.63,862.61,2101.27,1016.21
605,357,635.71,710.49,882.9,1433.38
605,375,381.41,697.16,639.54,1433.47
605,376,1538.28,797.5,1688.47,1224.08
605,398,1500.73,795.29,1575.88,1180.97
605,463,1274.17,777.54,1464.29,1331.38
605,464,1012.77,736.26,1219.02,1415.61
605,475,865.16,733.63,1096.9,1438.12
605,477,1653.4,818.87,1752.65,1172.9
605,519,1219.25,745.71,1351.62,1260.26
605,524,0.0,577.84,155.04,1236.54
605,493,1724.75,843.75,1806.57,1107.88
605,536,1414.17,783.57,1536.43,1227.48
606,317,2037.21,862.13,2100.69,1016.02
606,357,622.14,705.63,872.83,1434.71
606,375,364.6,691.41,625.67,1433.1
606,376,1536.04,795.87,1686.9,1223.99
606,398,1505.55,795.16,1580.28,1176.77
606,463,1264.44,774.44,1456.4,1331.87
606,464,998.88,733.75,1209.49,1418.62
606,475,856.33,736.83,1088.97,1439.69
606,477,1651.98,816.19,1751.64,1172.77
606,519,1217.4,743.32,1348.25,1258.46
606,524,0.0,570.57,136.71,1185.49
606,493,1723.68,842.78,1806.08,1107.21
606,536,1411.41,780.28,1536.72,1226.8
606,555,131.13,874.44,194.37,1040.13
607,317,2036.82,861.2,2100.12,1014.76
607,357,606.85,700.88,860.62,1434.62
607,375,347.85,687.41,611.25,1432.61
607,376,1535.06,792.53,1686.83,1223.1
607,398,1498.17,788.71,1574.26,1176.66
607,463,1257.02,771.34,1450.71,1332.61
607,464,990.93,729.56,1204.97,1420.32
607,475,845.87,734.63,1080.61,1438.83
607,477,1651.7,815.25,1751.3,1172.36
607,519,1213.04,740.21,1343.4,1259.7
607,524,0.0,564.19,119.53,1154.25
607,493,1723.12,841.92,1805.8,1105.98
607,536,1408.86,778.09,1537.19,1227.8
607,555,128.25,877.12,189.91,1039.07
608,317,2036.03,859.89,2099.69,1014.06
608,357,593.69,694.91,851.14,1434.43
608,375,331.51,682.79,597.76,1433.87
608,376,1532.91,790.21,1685.65,1222.67
608,398,1497.43,788.46,1574.29,1179.18
608,463,1249.2,771.87,1443.44,1331.7
608,464,984.93,726.02,1201.88,1423.21
608,475,834.26,720.71,1074.48,1438.73
608,477,1651.52,813.54,1751.26,1171.91
608,519,1210.14,735.73,1339.87,1257.95
608,524,0.0,559.64,97.0,1094.47
608,493,1721.47,840.88,1805.48,1108.08
608,536,1404.7,774.44,1535.73,1226.39
608,555,126.23,873.72,188.7,1038.19
609,317,2035.72,858.67,2099.89,1013.43
609,357,578.58,690.45,839.06,1434.5
609,375,316.01,678.94,584.24,1433.59
609,376,1529.46,787.68,1684.06,1223.98
609,398,1498.32,789.63,1574.5,1178.06
609,463,1241.58,767.49,1438.59,1333.1
609,464,978.26,722.47,1197.76,1425.45
609,475,824.76,716.92,1066.88,1438.08
609,477,1651.48,812.5,1751.31,1171.57
609,519,1207.72,733.13,1337.05,1259.44
609,493,1721.72,841.53,1805.39,1106.95
609,536,1397.06,771.07,1532.08,1228.91
609,555,122.84,875.13,184.22,1037.0
609,561,1221.64,734.17,1330.5,958.18
610,317,2036.02,859.17,2100.11,1013.06
610,357,561.92,686.68,826.37,1438.13
610,375,297.97,673.55,569.09,1433.11
610,376,1529.09,787.55,1684.08,1224.16
610,398,1495.23,788.24,1572.62,1183.97
610,463,1233.95,765.16,1433.45,1335.0
610,464,974.35,718.17,1196.31,1429.31
610,475,813.52,705.42,1059.9,1438.61
610,477,1651.44,810.02,1752.0,1172.56
610,519,1204.78,731.37,1333.84,1262.18
610,493,1721.35,839.89,1805.61,1106.82
610,536,1388.54,769.83,1524.96,1229.45
610,555,119.27,870.92,183.42,1040.24
610,561,1219.47,733.42,1326.07,952.42
611,317,2035.72,858.65,2100.22,1012.76
611,357,546.22,684.77,812.14,1435.24
611,375,279.72,670.25,553.15,1433.12
611,376,1526.72,788.62,1682.17,1224.42
611,398,1485.96,786.73,1565.04,1189.4
611,463,1226.7,763.39,1427.59,1337.08
611,464,971.3,715.14,1193.72,1433.16
611,475,800.73,700.07,1049.56,1437.3
611,477,1650.35,809.08,1751.56,1174.19
611,519,1200.39,729.26,1329.2,1262.59
611,493,1718.8,838.41,1804.32,1108.31
611,536,1382.3,768.76,1518.95,1229.6
611,555,115.57,871.05,180.0,1041.18
611,561,1215.45,731.65,1319.05,943.6
612,317,2035.21,858.48,2100.05,1012.82
612,357,532.12,683.15,800.26,1434.09
612,375,262.89,667.91,538.39,1433.14
612,376,1525.43,787.94,1681.83,1226.09
612,398,1481.08,786.93,1560.5,1193.45
612,463,1216.96,762.59,1418.81,1337.99
612,464,964.68,715.11,1186.92,1435.68
612,475,788.3,694.4,1038.88,1433.06
612,477,1649.31,808.91,1750.53,1174.42
612,519,1198.07,728.31,1326.66,1262.94
612,493,1716.79,836.91,1803.64,1109.22
612,536,1381.56,769.48,1519.62,1232.42
612,555,111.14,876.21,173.03,1040.18
612,561,1213.06,730.66,1314.92,937.42
613,317,2035.3,858.58,2100.2,1012.44
613,357,516.73,681.28,787.97,1434.52
613,375,246.57,667.56,523.95,1433.93
613,376,1524.55,787.84,1681.56,1227.39
613,398,1481.47,786.45,1561.66,1197.13
613,463,1209.91,761.96,1412.53,1338.68
613,464,957.61,714.32,1180.11,1436.39
613,475,777.41,693.34,1031.29,1436.52
613,477,1647.09,808.92,1748.72,1175.85
613,519,1196.55,726.15,1324.67,1257.89
613,493,1715.85,836.67,1802.95,1107.76
613,536,1379.36,769.91,1518.55,1234.61
613,555,109.47,871.43,172.57,1038.59
613,561,1209.36,728.44,1310.33,931.63
614,317,2035.61,859.25,2100.74,1012.56
614,357,500.59,677.29,774.99,1433.99
614,375,228.01,664.97,507.88,1433.51
614,376,1523.39,787.45,1681.1,1229.36
614,398,1480.36,786.36,1560.81,1197.62
614,463,1203.8,763.26,1408.03,1345.78
614,464,950.6,711.67,1173.54,1437.36
614,475,766.07,692.29,1021.88,1435.9
614,477,1645.67,809.19,1747.82,1177.67
614,519,1194.9,726.55,1323.11,1256.4
614,493,1716.05,836.86,1803.35,1107.67
614,536,1376.82,770.81,1517.22,1235.8
614,555,107.71,872.05,170.21,1036.55
614,561,1206.05,728.45,1309.8,934.59
615,317,2035.64,859.56,2101.02,1012.48
615,357,485.48,672.56,764.16,1434.13
615,375,210.24,662.1,492.87,1432.73
615,376,1521.42,786.91,1679.49,1230.77
615,398,1478.47,786.54,1559.11,1197.66
615,463,1196.07,760.45,1401.91,1350.33
615,464,943.77,709.8,1166.17,1438.45
615,475,756.27,701.24,1011.29,1435.85
615,477,1643.58,808.57,1746.53,1179.34
615,519,1191.38,724.77,1322.53,1266.1
615,493,1714.26,835.49,1802.57,1107.95
615,536,1371.87,771.3,1512.73,1236.96
615,555,106.68,872.08,167.08,1029.37
615,561,1203.75,726.4,1309.22,932.73
616,317,2035.46,859.7,2101.12,1012.42
616,357,467.58,669.4,748.95,1433.59
616,375,192.12,659.14,477.72,1431.94
616,376,1520.27,785.49,1678.49,1230.98
616,398,1472.68,785.58,1553.09,1193.35
616,463,1189.72,762.91,1394.88,1351.86
616,464,936.86,708.38,1158.71,1439.47
616,475,743.27,696.26,1001.82,1435.99
616,477,1642.56,807.32,1745.81,1179.06
616,519,1187.06,727.59,1320.75,1278.08
616,493,1713.3,834.66,1802.63,1108.56
616,536,1368.51,770.84,1509.65,1236.22
616,555,100.06,875.42,162.25,1038.51
616,561,1210.1,724.65,1318.64,929.36
617,317,2035.23,859.86,2101.26,1012.51
617,357,449.67,667.56,734.0,1433.83
617,375,174.69,656.65,464.19,1433.23
617,376,1518.9,784.99,1677.36,1232.09
617,398,1469.26,786.22,1549.95,1190.74
617,463,1183.74,762.91,1389.26,1355.89
617,464,929.24,706.97,1150.74,1439.73
617,475,729.35,689.17,992.21,1436.14
617,477,1640.17,806.27,1743.99,1180.31
617,519,1181.87,728.76,1315.21,1275.84
617,493,1713.22,835.99,1802.83,1109.61
617,536,1365.43,767.93,1508.68,1238.46
617,555,96.9,878.8,158.54,1041.79
617,561,1197.25,721.37,1308.35,927.73
618,317,2035.34,860.53,2101.03,1011.47
618,357,432.8,662.76,721.0,1433.43
618,375,156.69,653.28,450.0,1432.49
618,376,1517.16,784.5,1675.87,1233.62
618,398,1464.0,784.77,1546.15,1194.07
618,463,1177.45,763.13,1382.74,1359.17
618,464,921.09,705.11,1142.31,1439.68
618,475,716.46,684.41,982.7,1435.58
618,477,1637.91,806.12,1742.14,1181.59
618,519,1185.41,726.34,1318.91,1260.38
618,493,1709.85,832.93,1802.03,1111.49
618,536,1360.06,767.8,1504.81,1242.1
618,555,92.25,876.67,155.62,1044.44
618,561,1200.62,721.09,1315.5,926.38
619,317,2035.21,861.25,2100.75,1010.98
619,357,415.85,660.52,707.56,1433.42
619,375,137.01,649.48,434.66,1431.5
619,376,1516.76,784.19,1675.58,1235.24
619,398,1461.37,783.28,1544.57,1196.12
619,463,1171.06,762.77,1376.08,1361.92
619,464,913.35,703.93,1134.32,1440.0
619,475,703.33,680.14,972.67,1435.11
619,477,1636.14,806.11,1740.58,1182.45
619,519,1184.83,724.01,1322.04,1261.04
619,493,1708.32,829.95,1802.66,1112.76
619,536,1355.95,767.15,1501.54,1243.48
619,555,86.39,876.05,149.93,1045.31
619,561,1187.1,720.23,1304.24,926.95
620,317,2034.78,861.67,2100.3,1010.66
620,357,396.5,660.7,690.93,1433.77
620,375,112.99,645.08,416.69,1435.22
620,376,1513.85,783.0,1673.04,1236.13
620,398,1458.67,781.27,1542.57,1195.22
620,463,1165.33,760.25,1370.67,1363.43
620,464,904.42,702.72,1124.08,1437.34
620,475,691.59,678.25,963.48,1434.73
620,477,1634.51,805.93,1739.14,1183.53
620,519,1178.58,720.31,1319.05,1262.94
620,493,1707.88,828.53,1803.47,1113.44
620,536,1353.59,766.28,1499.99,1243.53
620,555,81.88,870.58,148.46,1048.31
620,561,1184.96,719.01,1304.25,924.71
621,317,2034.64,861.69,2100.4,1010.52
621,357,374.63,656.17,672.97,1433.82
621,375,91.47,640.91,399.24,1433.37
621,376,1511.57,781.32,1671.08,1236.28
621,398,1456.01,780.73,1539.92,1194.69
621,463,1158.17,758.19,1362.81,1363.7
621,464,893.15,701.59,1111.9,1436.27
621,475,678.76,680.25,951.57,1433.61
621,477,1632.94,806.23,1737.8,1184.18
621,519,1170.75,718.14,1316.43,1274.46
621,493,1706.97,827.84,1803.78,1114.4
621,536,1349.54,763.35,1498.37,1246.79
621,555,76.89,876.59,140.04,1048.95
621,561,1183.48,717.55,1307.67,925.34
622,317,2034.58,861.58,2100.76,1010.59
622,357,351.69,652.9,653.27,1433.62
622,375,67.26,636.04,379.76,1430.46
622,376,1507.67,779.49,1668.16,1238.32
622,398,1453.0,779.11,1537.43,1193.5
622,463,1149.68,756.47,1354.38,1367.17
622,464,881.54,698.19,1100.27,1436.03
622,475,664.73,671.43,941.59,1433.09
622,477,1631.13,803.65,1737.83,1186.69
622,519,1157.62,714.62,1306.08,1284.41
622,493,1706.94,826.94,1804.6,1114.37
622,536,1345.47,762.08,1496.05,1248.46
622,561,1177.61,714.58,1306.94,925.0
623,317,2034.52,861.52,2101.01,1010.41
623,357,329.47,649.08,635.46,1434.24
623,375,40.94,631.58,359.72,1430.7
623,376,1504.89,777.73,1666.08,1240.7
623,398,1447.82,778.2,1533.04,1194.46
623,463,1143.4,756.19,1347.36,1369.51
623,464,868.46,696.65,1086.94,1436.19
623,475,647.22,666.33,927.38,1433.33
623,477,1629.91,802.66,1737.53,1187.2
623,519,1147.26,718.46,1295.05,1290.28
623,493,1706.54,826.68,1804.16,1113.56
623,536,1341.97,760.09,1494.39,1249.68
623,561,1173.15,711.78,1303.68,917.2
624,317,2033.95,861.23,2100.82,1010.51
624,357,304.34,643.68,614.49,1433.04
624,375,16.53,626.77,340.46,1431.45
624,376,1499.12,775.32,1661.1,1241.71
624,398,1442.69,776.55,1528.84,1195.79
624,463,1136.74,751.42,1340.87,1371.94
624,464,857.92,695.88,1077.15,1438.97
624,475,630.83,664.07,913.4,1433.64
624,477,1627.81,802.29,1736.02,1188.09
624,519,1143.19,720.37,1292.53,1298.88
624,493,1707.47,826.09,1805.93,1113.38
624,536,1333.01,758.03,1485.46,1248.79
624,561,1166.16,711.22,1296.58,910.06
625,317,2033.68,860.9,2100.87,1010.58
625,357,277.81,636.75,593.28,1434.49
625,375,2.77,626.35,328.76,1433.04
625,376,1494.21,773.81,1657.05,1242.94
625,398,1439.83,775.41,1526.68,1195.57
625,463,1129.67,748.56,1334.64,1377.08
625,464,844.93,693.54,1063.78,1435.92
625,475,615.58,659.51,901.14,1433.19
625,477,1626.02,802.43,1734.66,1188.95
625,493,1706.41,826.08,1805.99,1113.55
625,536,1329.72,755.95,1485.1,1251.26
625,561,1159.37,709.58,1291.97,905.74
625,573,1220.39,710.49,1312.43,858.14
626,317,2033.61,859.82,2100.84,1009.0
626,357,252.44,633.04,572.3,1434.5
626,375,0.0,623.0,317.15,1431.64
626,376,1491.06,773.37,1653.97,1243.76
626,398,1436.24,778.02,1523.64,1196.96
626,463,1123.46,745.14,1329.27,1382.09
626,464,830.03,691.97,1049.87,1438.8
626,475,598.22,657.21,886.23,1433.31
626,477,1622.59,802.33,1731.57,1189.94
626,493,1704.72,822.78,1806.19,1113.5
626,536,1322.86,754.69,1479.23,1252.25
626,561,1152.3,707.93,1290.92,907.92
626,573,1218.1,709.84,1308.39,854.46
627,317,2033.32,858.54,2100.83,1008.07
627,357,224.65,629.26,548.9,1434.17
627,375,0.0,620.57,304.61,1428.51
627,376,1487.75,775.37,1650.52,1245.16
627,398,1432.9,778.56,1522.02,1200.16
627,463,1115.98,743.46,1321.28,1385.16
627,464,818.81,690.76,1037.4,1436.0
627,475,580.77,657.57,870.19,1433.74
627,477,1619.06,801.68,1728.53,1191.39
627,493,1701.28,824.11,1802.75,1114.29
627,536,1317.53,754.59,1475.32,1254.03
627,561,1144.18,707.71,1286.73,909.01
627,573,1212.08,709.02,1302.37,853.4
628,317,2033.09,857.93,2100.83,1007.6
628,357,196.42,627.67,524.63,1434.25
628,375,0.0,618.69,292.64,1432.2
628,376,1482.79,775.11,1646.82,1248.25
628,398,1427.68,781.32,1516.71,1201.7
628,463,1109.46,743.35,1314.33,1389.78
628,464,806.0,688.98,1024.37,1434.38
628,475,562.26,658.51,852.95,1433.43
628,477,1617.47,801.28,1728.0,1194.44
628,493,1699.32,824.94,1800.9,1114.67
628,536,1315.02,753.73,1475.9,1256.99
628,561,1134.56,706.43,1283.63,913.3
628,573,1203.81,707.15,1300.51,861.66
629,317,2032.7,857.13,2101.05,1008.07
629,357,167.54,624.38,499.98,1430.84
629,375,0.0,616.45,277.41,1432.14
629,376,1477.86,773.95,1643.7,1251.84
629,398,1418.3,779.08,1507.43,1204.47
629,463,1101.99,744.05,1307.02,1394.7
629,464,791.71,688.33,1010.09,1435.4
629,475,544.5,654.53,838.57,1431.89
629,477,1615.35,801.14,1726.1,1194.76
629,493,1695.54,825.26,1796.72,1115.45
629,536,1307.41,756.2,1469.72,1261.07
629,561,1129.28,709.85,1276.59,908.66
629,573,1193.61,706.55,1296.38,871.12
630,317,2032.56,856.5,2101.3,1008.36
630,357,139.45,624.36,476.66,1431.58
630,375,0.0,616.18,262.11,1430.57
630,376,1473.66,775.78,1640.3,1254.74
630,398,1414.42,783.63,1503.35,1209.02
630,463,1096.34,745.0,1301.36,1400.64
630,464,775.97,690.26,993.92,1436.06
630,475,525.38,653.33,822.78,1433.24
630,477,1609.77,803.41,1720.83,1196.82
630,493,1694.91,826.69,1795.53,1115.91
630,536,1298.29,757.58,1461.16,1265.7
630,561,1121.41,711.26,1276.68,917.21
630,573,1186.39,706.42,1292.71,876.99
631,317,2031.96,855.52,2100.97,1008.63
631,357,108.87,623.92,451.26,1433.07
631,375,0.0,614.19,247.83,1435.07
631,376,1470.42,774.19,1638.79,1257.55
631,398,1409.52,784.93,1499.66,1219.78
631,463,1091.26,745.94,1295.87,1405.07
631,464,762.68,689.96,980.29,1435.23
631,475,507.35,651.97,808.54,1435.0
631,477,1606.47,803.48,1718.39,1198.77
631,493,1696.1,827.38,1797.09,1118.35
631,536,1292.97,759.11,1455.13,1266.07
631,561,1112.56,707.89,1275.75,921.81
631,573,1179.04,706.02,1291.53,887.35
632,317,2031.75,855.16,2100.76,1009.09
632,357,82.21,623.04,429.67,1431.05
632,375,0.0,612.7,231.09,1433.94
632,376,1467.12,773.45,1637.26,1260.93
632,398,1405.21,785.67,1495.68,1226.06
632,463,1086.01,746.73,1290.43,1410.55
632,464,749.42,690.2,966.49,1435.06
632,475,488.49,653.32,791.24,1434.48
632,477,1604.09,804.28,1717.04,1201.01
632,493,1696.15,828.47,1798.09,1120.86
632,536,1288.81,758.97,1451.37,1268.96
632,561,1104.79,705.46,1271.82,922.81
632,573,1175.54,705.83,1281.69,876.35
633,317,2031.5,854.86,2100.69,1010.03
633,357,54.44,623.65,406.53,1429.46
633,375,0.0,608.85,214.53,1434.95
633,376,1466.1,775.65,1636.68,1263.54
633,398,1401.56,785.31,1493.0,1236.68
633,463,1083.2,747.7,1288.32,1419.03
633,464,735.14,691.64,951.8,1435.6
633,475,472.43,652.31,778.43,1433.8
633,477,1601.31,804.42,1715.02,1202.19
633,493,1695.55,828.76,1798.84,1122.14
633,536,1285.78,758.82,1448.9,1271.51
633,561,1094.79,704.04,1265.47,924.21
633,573,1171.01,706.01,1276.32,875.95
634,317,2031.46,855.2,2100.38,1010.76
634,357,24.92,620.94,384.0,1432.28
634,375,0.0,605.42,197.17,1430.22
634,376,1463.81,775.74,1635.55,1265.86
634,398,1401.4,785.54,1488.96,1218.66
634,463,1077.58,748.14,1282.11,1421.74
634,464,722.85,692.52,939.3,1434.99
634,475,455.7,652.85,765.08,1434.4
634,477,1598.77,803.53,1714.0,1204.92
634,493,1693.3,829.79,1797.21,1123.56
634,536,1282.58,758.73,1446.96,1276.32
634,561,1089.73,704.11,1262.63,925.48
634,573,1169.18,705.72,1270.18,868.31
635,317,2032.04,856.15,2100.49,1011.33
635,357,6.78,620.46,368.3,1432.5
635,376,1463.84,775.3,1636.28,1267.89
635,398,1400.67,788.49,1485.65,1209.57
635,463,1072.56,748.15,1276.94,1425.81
635,464,708.65,691.0,926.31,1435.69
635,475,438.77,649.34,751.65,1431.08
635,477,1597.83,803.75,1713.87,1206.65
635,493,1693.47,829.26,1798.83,1126.5
635,536,1279.34,758.2,1444.97,1280.18
635,561,1084.35,703.48,1259.53,926.2
635,573,1163.49,705.28,1266.75,871.6
636,317,2032.94,857.86,2100.19,1010.71
636,357,0.0,618.06,357.26,1431.58
636,376,1460.83,775.01,1633.91,1269.25
636,398,1399.06,787.93,1485.07,1215.01
636,463,1069.74,748.52,1273.47,1428.39
636,464,696.87,689.06,914.95,1434.81
636,475,422.03,646.67,739.46,1432.34
636,477,1596.58,804.29,1713.64,1208.89
636,493,1692.65,827.01,1798.95,1127.82
636,536,1276.08,757.11,1442.02,1281.93
636,561,1079.16,702.91,1258.16,929.26
636,573,1160.16,704.43,1263.85,871.42
637,317,2033.77,857.64,2100.66,1010.52
637,357,0.0,610.86,345.86,1431.36
637,376,1459.61,774.14,1633.15,1269.85
637,398,1394.9,785.93,1482.53,1224.73
637,463,1066.83,747.68,1269.8,1427.69
637,464,685.91,686.72,904.33,1433.89
637,475,403.91,643.75,725.37,1432.29
637,477,1594.57,804.22,1712.53,1210.15
637,493,1694.26,827.27,1800.73,1128.35
637,536,1273.8,755.11,1440.21,1282.79
637,561,1074.03,701.5,1256.0,930.45
637,573,1155.13,702.34,1260.77,873.04
638,317,2034.48,857.57,2100.9,1010.19
638,357,0.0,604.7,333.77,1430.25
638,376,1457.56,773.16,1632.12,1270.99
638,398,1393.03,785.39,1483.04,1238.4
638,463,1063.89,745.76,1267.76,1430.05
638,464,675.2,684.11,894.87,1434.14
638,475,388.16,638.93,714.71,1432.66
638,477,1593.49,802.79,1712.92,1211.67
638,493,1693.88,827.03,1800.32,1128.81
638,536,1272.65,753.86,1439.54,1284.12
638,561,1068.57,699.65,1253.02,931.42
638,573,1152.33,700.1,1255.21,865.89
639,317,2035.53,859.41,2100.95,1010.18
639,357,0.0,599.12,321.91,1428.46
639,376,1456.78,772.19,1632.24,1272.33
639,398,1387.65,780.0,1479.61,1244.94
639,463,1062.95,742.71,1267.77,1431.32
639,464,663.9,679.66,885.4,1433.74
639,475,371.65,633.01,703.65,1432.38
639,477,1592.24,800.42,1712.86,1212.57
639,493,1693.18,825.58,1800.0,1128.98
639,536,1271.16,752.05,1438.92,1285.7
639,561,1064.55,696.97,1250.14,929.98
639,573,1147.19,696.7,1250.04,860.7
640,317,2036.57,860.81,2101.67,1010.94
640,357,0.0,591.11,307.02,1428.06
640,376,1454.3,771.23,1630.88,1273.32
640,398,1386.28,779.76,1477.55,1240.49
640,463,1059.45,741.09,1264.48,1431.47
640,464,651.07,675.23,874.61,1433.38
640,475,352.78,626.98,690.46,1433.01
640,477,1591.8,798.96,1713.27,1213.25
640,493,1692.13,824.03,1799.43,1129.01
640,536,1266.93,750.73,1435.53,1286.93
640,561,1061.69,694.44,1249.42,929.54
640,573,1144.18,694.3,1248.8,859.56
641,317,2037.05,861.01,2101.84,1010.7
641,357,0.0,582.68,283.31,1397.4
641,376,1454.16,770.7,1631.25,1273.5
641,398,1384.34,776.86,1476.33,1240.76
641,463,1057.24,739.03,1263.18,1432.46
641,464,640.23,670.39,866.57,1435.65
641,475,334.9,620.35,677.71,1430.31
641,477,1591.18,797.05,1713.44,1213.22
641,493,1692.58,821.64,1800.6,1128.9
641,536,1263.96,747.25,1434.11,1288.83
641,561,1057.5,691.45,1246.45,927.99
641,573,1140.16,689.92,1246.52,857.07
642,317,2037.4,860.54,2102.26,1010.61
642,357,0.0,571.77,257.05,1342.46
642,376,1450.84,767.37,1630.62,1276.77
642,398,1384.0,775.11,1476.35,1238.03
642,463,1053.49,735.63,1260.41,1431.34
642,464,626.42,666.16,854.72,1435.79
642,475,315.93,612.89,665.13,1431.96
642,477,1591.25,795.3,1714.65,1213.94
642,493,1694.37,821.65,1802.73,1129.1
642,536,1261.02,745.59,1431.84,1289.86
642,561,1050.99,687.73,1242.66,927.62
642,573,1135.71,687.28,1243.41,856.29
643,317,2037.69,858.71,2103.33,1010.64
643,357,0.0,562.91,233.45,1300.87
643,376,1447.92,764.89,1630.4,1280.56
643,398,1386.17,771.57,1481.19,1242.89
643,463,1049.16,733.52,1257.33,1432.12
643,464,614.23,664.37,843.75,1434.24
643,475,295.99,604.85,651.9,1432.63
643,477,1590.74,794.54,1715.19,1215.1
643,493,1692.34,820.07,1800.43,1128.98
643,536,1258.18,742.65,1430.41,1292.9
643,561,1045.87,683.65,1240.43,926.81
643,573,1132.85,685.18,1239.93,852.37
644,317,2038.16,857.61,2104.25,1010.72
644,357,0.0,560.2,209.79,1269.63
644,376,1446.33,762.56,1631.07,1283.75
644,398,1384.65,769.76,1479.89,1238.57
644,463,1046.25,731.74,1256.35,1435.64
644,464,599.67,659.38,832.46,1434.96
644,475,276.01,598.55,637.95,1432.57
644,477,1590.47,793.85,1715.81,1216.16
644,493,1691.36,818.89,1799.11,1129.11
644,536,1256.25,740.5,1429.48,1295.17
644,561,1037.75,680.17,1234.29,925.88
644,573,1121.82,683.31,1230.98,850.71
645,317,2038.53,857.08,2104.88,1011.12
645,357,0.0,561.63,218.66,1366.8
645,376,1444.86,761.26,1631.51,1287.21
645,398,1382.04,767.82,1477.38,1234.25
645,463,1042.26,730.94,1253.32,1436.57
645,464,586.28,657.03,821.78,1434.94
645,475,255.09,593.89,622.76,1431.75
645,477,1589.57,793.58,1716.0,1218.18
645,493,1690.46,818.29,1798.29,1130.07
645,536,1254.61,737.4,1429.13,1297.73
645,561,1032.55,678.39,1230.88,926.21
645,573,1116.06,681.69,1226.9,848.89
646,317,2038.29,856.95,2104.88,1012.02
646,376,1443.78,760.85,1631.74,1290.06
646,398,1380.05,769.44,1474.85,1231.21
646,463,1035.08,728.9,1247.15,1436.51
646,464,570.74,654.51,809.1,1433.2
646,475,230.03,586.08,604.55,1431.67
646,477,1589.31,793.91,1715.98,1218.5
646,493,1691.86,818.28,1799.51,1131.44
646,536,1250.38,736.6,1424.69,1299.64
646,561,1026.88,677.43,1227.18,928.31
647,317,2037.71,856.77,2104.19,1011.77
647,376,1441.3,760.62,1631.02,1294.39
647,398,1376.74,770.58,1470.48,1224.75
647,463,1029.12,728.57,1241.77,1436.0
647,464,555.48,660.01,795.27,1433.31
647,475,209.37,584.72,587.54,1430.12
647,477,1588.56,794.05,1716.0,1220.45
647,493,1693.13,817.81,1801.45,1132.51
647,536,1247.49,736.89,1422.48,1304.71
647,561,1022.6,676.79,1223.24,929.2
648,317,2037.77,856.7,2104.01,1011.0
648,376,1439.42,760.95,1630.66,1298.6
648,398,1374.87,772.3,1469.47,1227.56
648,463,1022.14,730.11,1235.56,1435.75
648,464,539.93,659.66,783.14,1433.08
648,475,189.64,583.53,571.94,1428.38
648,477,1586.14,793.64,1715.14,1225.01
648,493,1692.71,817.98,1801.26,1134.28
648,536,1246.24,738.63,1421.15,1307.9
648,561,1018.91,676.76,1219.9,930.0
649,317,2037.81,856.44,2104.07,1010.6
649,376,1438.53,761.12,1630.35,1300.88
649,398,1374.0,773.01,1469.7,1233.93
649,463,1014.48,729.69,1229.6,1435.33
649,464,523.68,656.45,771.37,1431.69
649,475,167.76,583.01,555.15,1428.55
649,477,1586.41,794.66,1715.9,1227.12
649,493,1693.43,818.63,1802.4,1136.89
649,536,1245.34,739.89,1421.81,1312.4
649,561,1014.27,677.92,1214.86,929.99
650,317,2037.59,856.36,2103.98,1010.79
650,376,1435.62,760.57,1628.63,1304.06
650,398,1372.59,773.45,1468.98,1236.62
650,463,1004.78,729.35,1221.67,1434.08
650,464,506.27,651.68,759.63,1431.73
650,475,145.57,578.76,539.56,1429.45
650,477,1584.98,794.54,1715.66,1230.93
650,493,1693.55,818.66,1803.11,1138.25
650,536,1246.07,740.48,1424.71,1313.77
650,561,1010.03,677.76,1212.27,931.54
650,590,1.46,897.19,97.31,1050.07
651,317,2037.33,856.26,2103.93,1011.16
651,376,1434.39,760.1,1627.96,1306.02
651,398,1371.37,773.21,1468.23,1237.98
651,463,989.31,727.18,1210.9,1434.46
651,464,489.67,649.44,747.92,1431.41
651,475,124.08,576.46,523.73,1430.89
651,477,1582.9,794.1,1714.59,1232.49
651,493,1693.67,818.92,1804.15,1140.48
651,536,1246.46,740.67,1428.26,1315.73
651,561,1003.66,677.13,1209.12,934.49
651,590,4.22,900.6,97.85,1049.59
652,317,2037.3,856.14,2104.44,1012.09
652,376,1432.51,758.64,1627.09,1307.88
652,398,1367.65,773.14,1466.35,1247.22
652,463,982.51,723.81,1207.45,1435.6
652,464,471.34,647.38,735.35,1431.17
652,475,105.64,574.84,510.22,1431.58
652,477,1580.25,790.45,1713.69,1234.43
652,493,1692.28,818.42,1803.56,1141.63
652,536,1234.94,738.96,1418.3,1320.54
652,561,997.28,676.61,1205.09,936.78
652,590,0.0,890.67,93.61,1051.14
653,317,2037.12,855.87,2104.71,1012.67
653,376,1430.19,758.04,1625.08,1308.99
653,398,1363.63,772.21,1463.36,1251.01
653,463,972.27,726.44,1199.06,1433.94
653,464,453.06,644.71,723.65,1431.55
653,475,85.81,572.72,495.25,1431.31
653,477,1578.34,792.26,1712.1,1236.71
653,493,1691.81,818.33,1803.62,1142.89
653,536,1228.97,739.19,1413.28,1324.4
653,561,992.1,676.1,1201.16,937.47
653,590,0.0,882.34,91.26,1050.97
653,573,1080.57,677.12,1204.2,864.43
654,317,2036.88,855.62,2104.82,1012.86
654,376,1428.3,756.05,1623.92,1309.77
654,398,1353.75,771.76,1455.99,1263.19
654,463,958.41,726.69,1189.33,1435.03
654,464,434.64,642.6,711.27,1432.17
654,475,56.5,562.99,474.47,1430.14
654,477,1576.18,789.97,1710.61,1237.25
654,493,1691.52,817.42,1803.62,1143.0
654,536,1222.62,737.46,1407.55,1327.19
654,561,983.83,673.35,1195.36,938.01
654,573,1076.96,675.03,1200.21,863.49
655,317,2036.48,855.46,2104.8,1013.14
655,376,1422.23,754.01,1619.33,1311.26
655,398,1347.45,769.69,1451.72,1270.27
655,463,945.25,726.3,1180.59,1435.27
655,464,416.24,639.29,698.54,1431.85
655,475,32.06,563.02,454.58,1428.41
655,477,1575.0,789.45,1709.96,1238.1
655,493,1690.44,816.14,1802.75,1143.4
655,536,1215.81,736.75,1400.9,1330.27
655,561,977.06,671.09,1188.49,935.17
655,573,1069.73,674.0,1196.38,870.27
656,317,2035.88,855.39,2104.54,1013.26
656,376,1417.09,752.45,1616.09,1313.8
656,398,1345.67,767.13,1451.54,1273.29
656,463,937.92,722.27,1176.77,1433.98
656,464,396.12,636.11,684.53,1432.03
656,475,9.95,557.96,436.97,1428.89
656,477,1572.22,790.34,1707.25,1239.86
656,493,1689.7,815.4,1802.18,1143.67
656,536,1210.36,734.31,1395.18,1331.07
656,561,967.74,666.15,1179.78,930.13
656,573,1062.84,668.96,1192.4,874.79
657,317,2035.44,855.7,2104.17,1013.04
657,376,1412.46,750.13,1613.38,1315.64
657,398,1341.91,765.98,1447.81,1270.32
657,463,920.6,719.82,1164.16,1433.86
657,464,375.96,632.75,670.18,1431.84
657,475,0.0,550.94,425.4,1428.82
657,477,1568.24,787.59,1703.7,1239.69
657,493,1690.15,814.61,1802.71,1143.07
657,536,1204.44,732.45,1388.56,1330.65
657,561,962.98,663.91,1172.54,923.44
657,573,1055.64,665.93,1186.58,876.69
658,317,2034.78,856.06,2103.45,1012.6
658,376,1406.66,749.32,1609.06,1318.32
658,398,1338.06,765.22,1444.47,1271.62
658,463,906.18,715.18,1155.02,1434.65
658,464,353.54,628.79,654.39,1431.86
658,475,0.0,540.14,414.47,1428.99
658,477,1564.55,785.33,1700.36,1239.5
658,493,1687.07,811.84,1800.29,1142.57
658,536,1199.9,729.07,1384.88,1332.42
658,561,953.65,662.6,1166.38,924.79
658,573,1040.77,663.36,1185.15,901.55
659,317,2033.99,856.76,2102.68,1012.61
659,376,1403.52,748.23,1606.96,1320.71
659,398,1336.07,763.84,1441.62,1266.29
659,463,895.73,710.16,1149.56,1434.62
659,464,330.12,622.81,637.96,1431.77
659,475,0.0,532.23,401.97,1427.3
659,477,1560.45,781.45,1697.24,1240.33
659,493,1685.38,810.18,1799.25,1142.39
659,536,1194.54,726.51,1379.76,1333.22
659,561,944.08,659.25,1158.43,922.27
659,573,1033.41,656.49,1179.16,902.22
660,317,2033.77,857.31,2102.28,1011.75
660,376,1401.07,746.02,1604.51,1321.43
660,398,1331.08,759.86,1437.71,1268.18
660,463,885.71,707.5,1142.17,1435.26
660,464,306.48,618.88,620.55,1432.33
660,475,0.0,521.01,389.12,1428.02
660,477,1558.35,780.96,1695.48,1241.08
660,493,1682.18,808.72,1796.26,1141.81
660,536,1189.73,722.55,1376.12,1334.96
660,561,934.36,657.05,1150.31,921.16
660,573,1025.95,655.14,1170.66,905.15
661,317,2033.57,858.01,2102.05,1011.47
661,376,1392.18,744.67,1596.89,1322.09
661,398,1323.77,759.35,1432.9,1276.1
661,463,876.46,708.72,1133.48,1436.14
661,464,281.97,615.8,602.21,1431.82
661,475,0.0,512.96,371.88,1426.78
661,477,1552.8,779.88,1691.07,1243.81
661,493,1678.93,806.96,1793.19,1142.43
661,536,1182.9,720.62,1370.17,1338.0
661,561,920.51,653.9,1147.6,933.02
661,573,1013.07,651.5,1164.17,919.09
662,317,2033.35,859.03,2101.58,1011.03
662,376,1386.12,742.94,1592.73,1324.51
662,398,1314.44,758.36,1426.07,1285.35
662,463,864.62,706.09,1123.8,1436.69
662,464,255.55,611.31,582.1,1429.6
662,475,0.0,509.35,353.44,1427.1
662,477,1547.9,778.93,1687.19,1246.24
662,493,1677.33,806.11,1791.66,1142.92
662,536,1175.04,719.16,1362.35,1340.69
662,561,911.7,653.38,1138.09,931.23
662,573,1009.54,652.16,1152.31,908.73
663,317,2033.28,859.95,2101.69,1011.46
663,376,1379.98,741.77,1588.45,1328.58
663,398,1303.4,756.53,1416.86,1295.05
663,463,853.3,704.85,1113.73,1438.14
663,464,230.92,608.75,563.58,1430.24
663,475,0.0,506.35,336.99,1428.1
663,477,1544.55,778.21,1684.94,1248.91
663,493,1675.96,805.22,1791.5,1145.99
663,536,1169.12,719.36,1356.77,1344.92
663,561,896.05,652.44,1134.96,947.05
663,573,1003.04,652.46,1143.81,910.27
664,317,2033.05,860.19,2101.8,1011.72
664,376,1375.09,740.42,1585.18,1331.95
664,398,1296.56,756.31,1410.18,1299.41
664,463,839.49,702.71,1100.61,1435.63
664,464,204.06,608.76,542.81,1429.8
664,475,0.0,500.19,316.29,1430.84
664,477,1541.45,778.52,1682.38,1250.88
664,493,1673.77,805.83,1789.79,1148.17
664,536,1162.63,720.92,1350.5,1348.26
664,561,886.49,650.73,1123.56,943.53
664,573,986.89,650.45,1138.0,934.47
665,317,2032.53,860.45,2101.45,1012.03
665,376,1369.8,741.55,1580.95,1335.03
665,398,1297.56,756.09,1408.93,1289.34
665,463,827.05,700.86,1090.23,1437.04
665,464,177.19,604.09,524.26,1429.41
665,475,0.0,495.94,288.25,1412.51
665,477,1536.49,779.3,1677.72,1252.66
665,493,1671.71,806.56,1787.78,1148.94
665,536,1158.23,720.85,1347.9,1352.68
665,561,855.4,650.63,1136.63,1006.49
665,573,976.69,651.63,1126.13,936.68
665,594,1645.26,828.48,1694.43,1117.09
666,317,2032.3,860.55,2101.17,1011.71
666,376,1363.91,741.97,1576.81,1339.72
666,398,1290.21,755.86,1403.27,1293.61
666,463,814.12,698.39,1078.91,1438.23
666,464,148.52,603.04,501.86,1429.02
666,475,0.0,492.97,245.52,1305.37
666,477,1532.5,779.85,1674.58,1254.72
666,493,1671.28,807.69,1787.78,1150.71
666,536,1150.14,721.88,1340.25,1357.11
666,561,859.06,648.62,1112.68,968.19
666,573,966.1,651.08,1115.8,941.44
666,594,1642.09,830.49,1690.87,1115.99
667,317,2032.71,859.98,2101.9,1011.32
667,376,1360.31,742.51,1574.65,1344.68
667,398,1285.87,756.37,1400.69,1298.21
667,463,800.72,696.72,1066.23,1437.98
667,464,119.1,603.09,478.44,1429.07
667,477,1528.0,780.39,1671.34,1257.65
667,493,1668.74,808.19,1785.65,1151.82
667,536,1143.07,722.28,1334.24,1363.27
667,573,889.74,648.38,1178.1,1247.96
667,594,1639.41,830.5,1688.65,1117.07
667,595,457.47,841.73,546.04,1230.39
668,317,2033.19,859.57,2102.68,1011.05
668,376,1354.32,742.18,1571.69,1351.94
668,398,1274.18,756.43,1390.96,1308.68
668,463,788.51,696.42,1054.41,1437.46
668,464,95.09,605.79,461.32,1430.24
668,477,1522.93,782.34,1666.23,1259.96
668,493,1667.35,807.86,1784.81,1153.04
668,536,1134.96,722.21,1326.96,1369.93
668,573,845.81,645.47,1167.72,1347.05
668,594,1638.39,828.81,1688.23,1117.72
668,595,446.9,843.07,535.9,1233.14
669,317,2033.25,859.66,2102.11,1009.43
669,376,1347.56,741.84,1567.62,1357.62
669,398,1272.62,758.52,1388.94,1306.07
669,463,775.03,695.38,1042.27,1436.85
669,464,65.52,604.27,439.64,1430.78
669,477,1517.09,781.74,1661.76,1264.32
669,493,1665.08,808.84,1782.57,1154.65
669,536,1128.86,722.06,1321.77,1375.41
669,573,814.04,649.77,1148.04,1403.07
669,594,1637.1,831.95,1686.92,1119.06
669,595,432.23,841.63,522.24,1234.38
669,599,478.82,847.4,543.16,1093.96
669,600,953.94,648.64,1081.72,1416.98
669,561,854.81,650.98,1159.79,1063.75
670,317,2032.54,859.23,2101.57,1009.59
670,376,1343.4,741.05,1565.45,1361.56
670,398,1266.98,758.17,1385.36,1313.0
670,463,761.61,695.96,1030.34,1438.13
670,464,37.01,600.79,420.31,1431.52
670,477,1513.1,781.16,1659.4,1268.67
670,493,1663.85,809.5,1781.28,1155.38
670,536,1124.09,721.92,1317.73,1380.08
670,594,1635.83,830.33,1686.29,1119.08
670,595,407.08,807.8,506.61,1238.41
670,599,469.08,844.83,535.16,1097.07
670,600,942.35,646.6,1072.14,1427.02
671,317,2032.22,858.62,2101.45,1009.73
671,376,1338.88,740.14,1562.79,1365.0
671,398,1262.86,757.24,1382.71,1316.24
671,463,750.17,696.74,1020.06,1436.42
671,464,18.86,603.43,405.15,1430.72
671,477,1510.39,780.43,1657.57,1270.46
671,493,1663.42,809.21,1781.53,1157.23
671,536,1117.6,721.57,1311.71,1381.52
671,594,1634.53,826.55,1686.44,1121.13
671,595,392.0,801.0,495.11,1242.99
671,599,457.38,841.85,525.6,1100.38
671,600,931.54,642.89,1062.49,1430.63
671,602,1756.56,904.67,1823.45,1088.35
672,317,2031.86,858.18,2101.4,1010.55
672,376,1335.04,739.7,1560.15,1367.91
672,398,1259.7,757.13,1381.43,1321.13
672,463,736.9,695.89,1008.76,1435.94
672,464,5.04,602.75,393.91,1431.52
672,477,1508.46,779.51,1656.26,1271.88
672,493,1662.27,809.88,1780.47,1158.46
672,536,1111.64,720.22,1306.73,1385.96
672,594,1634.58,825.08,1687.08,1120.34
672,595,370.53,795.61,475.6,1241.49
672,599,449.62,845.83,518.83,1104.05
672,600,919.56,645.37,1049.61,1426.17
672,602,1755.72,903.21,1823.46,1089.14
673,317,2031.22,857.8,2100.59,1010.77
673,376,1332.42,740.84,1557.73,1369.82
673,398,1262.94,757.59,1381.1,1301.97
673,463,724.9,694.54,999.17,1434.79
673,464,0.0,597.92,386.3,1433.0
673,477,1505.71,778.02,1654.16,1273.19
673,493,1657.78,809.19,1776.92,1158.77
673,536,1105.86,718.54,1301.5,1386.97
673,594,1633.79,823.1,1687.5,1124.24
673,595,344.11,790.32,452.92,1244.03
673,599,441.53,846.16,511.85,1102.93
673,600,911.26,645.36,1041.37,1425.15
673,602,1755.1,902.3,1823.09,1088.77
674,317,2030.6,857.2,2099.55,1010.67
674,376,1328.05,739.54,1554.41,1371.46
674,398,1253.15,753.93,1376.88,1319.77
674,463,711.84,690.32,989.37,1432.81
674,464,0.0,593.54,376.46,1432.41
674,477,1502.03,776.42,1650.95,1273.93
674,493,1657.48,808.95,1776.94,1159.33
674,536,1100.84,715.57,1296.77,1387.53
674,594,1632.64,820.83,1687.41,1127.35
674,595,327.57,802.58,434.43,1242.94
674,599,433.69,845.97,506.12,1102.83
674,600,902.73,640.13,1034.63,1429.77
674,602,1755.65,900.64,1824.53,1089.22
675,317,2030.3,856.79,2098.69,1010.53
675,376,1324.5,738.65,1552.15,1374.25
675,398,1244.82,750.73,1372.14,1329.37
675,463,695.77,685.74,976.65,1432.9
675,464,0.0,585.11,365.89,1431.68
675,477,1497.75,774.36,1647.51,1274.78
675,493,1651.35,808.47,1772.26,1159.29
675,536,1096.26,714.44,1292.23,1388.13
675,595,296.46,790.14,409.38,1247.08
675,599,424.88,845.41,499.57,1103.5
675,600,894.0,635.79,1025.8,1422.73
675,602,1755.65,900.27,1824.64,1088.91
676,317,2030.7,856.65,2098.65,1010.45
676,376,1319.75,735.79,1549.54,1376.94
676,398,1240.18,750.15,1369.05,1330.96
676,463,682.24,677.51,968.55,1433.03
676,464,0.0,578.8,360.67,1430.52
676,477,1494.31,772.64,1644.57,1275.58
676,493,1649.26,808.16,1771.18,1158.98
676,536,1088.7,710.38,1286.8,1394.03
676,595,267.68,785.14,383.89,1250.62
676,599,420.78,847.49,497.41,1103.63
676,600,881.4,633.27,1014.85,1429.46
676,602,1756.45,899.39,1825.88,1088.67
677,317,2031.12,856.58,2098.5,1009.86
677,376,1314.27,731.71,1545.84,1376.87
677,398,1234.98,746.73,1366.2,1332.12
677,463,667.65,671.0,959.06,1434.31
677,464,0.0,570.71,349.75,1428.67
677,477,1491.88,769.63,1642.88,1275.3
677,493,1649.71,807.94,1772.11,1158.92
677,536,1082.53,708.29,1281.37,1396.53
677,595,242.5,782.01,362.3,1253.3
677,599,417.56,848.63,496.3,1102.75
677,600,870.53,630.0,1005.84,1435.64
677,602,1756.84,898.97,1826.75,1088.79
678,317,2031.36,856.28,2098.59,1009.89
678,376,1308.67,729.1,1541.93,1377.38
678,398,1228.56,744.26,1361.25,1331.77
678,463,653.63,666.99,949.19,1434.27
678,464,0.0,559.91,337.69,1428.37
678,477,1489.56,768.02,1640.86,1275.24
678,493,1646.7,806.96,1770.46,1159.16
678,536,1075.49,706.41,1275.06,1398.68
678,595,220.09,779.44,344.02,1256.28
678,599,415.05,846.98,495.98,1101.08
678,600,857.83,622.33,994.29,1435.21
678,602,1756.23,897.11,1827.22,1088.74
679,317,2031.79,856.29,2098.64,1009.45
679,376,1304.47,726.97,1539.54,1379.24
679,398,1222.95,742.94,1356.79,1329.91
679,463,639.77,666.23,938.78,1433.54
679,464,0.0,548.58,321.37,1428.45
679,477,1485.51,765.1,1638.17,1276.56
679,493,1643.67,807.09,1768.17,1157.88
679,536,1068.9,704.08,1268.7,1399.66
679,595,194.78,776.94,323.25,1257.97
679,599,414.03,845.13,496.75,1099.7
679,600,846.56,618.73,983.22,1433.84
679,602,1755.33,897.77,1826.39,1088.23
680,317,2032.34,856.67,2099.04,1009.47
680,376,1300.87,724.4,1538.39,1381.52
680,398,1216.87,742.77,1353.24,1336.14
680,463,625.19,658.46,930.45,1433.09
680,464,0.0,540.02,300.91,1428.17
680,477,1482.58,763.38,1636.27,1277.29
680,493,1642.18,806.91,1767.74,1157.34
680,536,1062.71,701.79,1263.46,1402.39
680,595,169.72,776.26,302.73,1257.47
680,599,409.92,843.92,494.65,1097.2
680,600,835.31,617.61,971.75,1431.07
680,602,1754.38,896.95,1826.07,1087.91
681,317,2032.64,857.58,2099.06,1009.67
681,376,1297.32,721.82,1537.36,1385.28
681,398,1211.1,740.38,1349.16,1336.8
681,463,610.36,656.79,919.79,1432.4
681,464,0.0,533.79,280.32,1429.74
681,477,1480.0,762.67,1634.69,1277.59
681,493,1641.59,806.63,1768.87,1159.6
681,536,1056.26,699.4,1258.13,1406.24
681,595,148.92,774.0,286.42,1256.56
681,599,403.48,841.12,491.04,1095.34
681,600,845.35,615.59,940.22,1129.34
681,602,1753.83,895.82,1826.28,1087.67
682,317,2032.78,859.12,2098.71,1009.88
682,376,1291.62,722.21,1533.38,1389.5
682,398,1206.25,739.86,1345.75,1338.76
682,463,592.84,651.38,907.82,1433.32
682,464,0.0,528.45,259.58,1430.44
682,477,1476.27,762.14,1632.24,1280.4
682,493,1639.53,806.31,1768.07,1159.92
682,536,1048.61,698.42,1252.06,1412.26
682,595,127.92,775.1,270.21,1258.3
682,599,399.09,840.94,488.71,1094.16
682,600,832.14,614.8,924.78,1091.22
682,602,1754.42,895.4,1827.48,1088.09
683,317,2032.0,860.42,2097.79,1011.32
683,376,1286.15,724.17,1528.62,1393.97
683,398,1200.54,738.51,1342.08,1341.53
683,463,575.76,649.52,895.61,1433.8
683,464,0.0,528.11,238.12,1432.55
683,477,1472.65,761.77,1629.65,1284.24
683,493,1642.07,805.87,1771.34,1162.38
683,536,1041.63,697.55,1245.37,1413.48
683,595,94.6,775.55,245.41,1263.76
683,599,394.58,839.08,487.15,1094.61
683,600,824.23,612.17,904.07,990.39
683,602,1753.16,895.46,1827.31,1089.81
684,317,2031.56,860.36,2097.15,1011.31
684,376,1279.57,725.49,1523.56,1398.79
684,398,1196.74,737.84,1339.68,1341.93
684,463,560.12,651.28,883.66,1434.13
684,464,0.0,523.13,215.41,1434.65
684,477,1469.64,762.11,1627.99,1289.46
684,493,1643.14,805.76,1772.76,1164.49
684,536,1033.13,695.87,1239.72,1423.53
684,595,69.54,777.74,227.09,1265.26
684,599,391.62,838.03,487.31,1095.65
684,602,1753.47,896.04,1827.58,1090.14
684,614,782.09,613.45,924.31,1433.86
685,317,2031.38,860.38,2097.23,1012.14
685,376,1272.85,726.21,1518.78,1403.33
685,398,1191.52,738.64,1336.29,1345.67
685,463,544.33,651.36,871.43,1432.94
685,477,1464.43,762.76,1623.42,1293.1
685,493,1644.8,806.5,1773.48,1166.17
685,536,1027.9,696.53,1235.19,1428.38
685,595,53.07,779.3,216.75,1270.87
685,599,389.17,838.94,487.17,1096.8
685,602,1752.98,897.22,1827.07,1091.21
685,614,773.14,612.94,914.72,1429.65
686,317,2031.08,860.36,2097.15,1012.57
686,376,1269.49,726.28,1516.71,1405.9
686,398,1185.55,739.06,1332.11,1348.6
686,463,528.15,652.72,858.91,1431.46
686,477,1458.92,762.44,1618.93,1296.63
686,493,1636.66,806.67,1766.97,1168.16
686,536,1022.59,697.06,1229.57,1428.77
686,595,31.44,778.85,203.27,1276.27
686,599,385.54,839.58,485.68,1097.37
686,602,1751.4,898.15,1825.59,1091.54
686,614,760.79,612.31,902.11,1427.64
687,317,2030.98,861.23,2096.74,1012.13
687,376,1263.61,726.42,1513.24,1411.7
687,398,1180.31,740.01,1329.12,1354.0
687,463,510.0,650.22,846.38,1431.77
687,477,1454.87,763.82,1615.48,1300.46
687,493,1638.0,808.9,1767.76,1171.03
687,536,1015.36,696.52,1223.45,1433.68
687,595,19.18,781.04,196.14,1278.66
687,599,381.9,840.19,484.27,1098.52
687,602,1749.36,899.3,1824.13,1092.6
687,614,746.92,611.26,889.14,1431.59
688,317,2030.58,861.56,2096.31,1011.86
688,376,1255.91,724.64,1509.22,1418.66
688,398,1171.33,738.05,1324.83,1368.77
688,463,492.57,651.11,833.82,1432.14
688,477,1450.83,763.56,1611.93,1303.68
688,493,1638.18,808.21,1767.52,1171.94
688,536,1006.99,695.21,1215.63,1435.46
688,595,10.13,780.46,191.8,1281.99
688,599,376.59,841.61,479.74,1099.48
688,602,1746.63,900.5,1822.27,1093.97
688,614,734.33,613.86,876.63,1433.63
688,620,271.23,901.08,341.89,993.36
688,621,745.14,614.14,863.28,948.87
689,317,2030.68,861.92,2095.94,1010.63
689,376,1246.85,723.28,1503.62,1424.23
689,398,1163.43,737.59,1319.02,1375.68
689,463,472.51,648.74,820.06,1433.29
689,477,1446.59,763.41,1607.95,1305.71
689,493,1629.52,809.15,1759.82,1173.51
689,536,999.37,696.4,1205.16,1427.89
689,595,0.23,779.03,184.83,1286.05
689,599,372.47,843.37,476.43,1100.48
689,602,1745.74,900.88,1821.81,1094.71
689,614,721.13,614.72,863.94,1435.29
689,620,266.05,902.25,335.89,993.32
689,621,737.05,613.95,846.36,921.66
690,317,2030.28,861.52,2095.98,1010.55
690,376,1239.2,722.1,1498.61,1428.18
690,398,1156.35,736.61,1312.99,1378.14
690,463,454.54,645.88,807.85,1432.15
690,477,1440.37,761.25,1603.06,1309.48
690,493,1626.58,808.24,1757.78,1174.81
690,536,988.39,693.63,1194.55,1430.22
690,595,0.0,776.73,176.85,1289.45
690,599,366.86,843.94,470.68,1100.4
690,602,1744.76,901.72,1821.31,1096.09
690,614,706.76,613.4,849.86,1435.77
690,620,259.48,901.41,329.67,992.73
690,621,716.14,611.32,836.35,948.28
691,317,2029.46,860.68,2095.99,1011.0
691,376,1233.41,719.31,1495.39,1431.11
691,398,1149.49,735.33,1307.35,1381.17
691,463,432.72,641.88,791.9,1432.24
691,477,1434.58,760.05,1597.79,1312.39
691,493,1625.91,807.59,1756.99,1175.14
691,536,980.27,692.15,1188.34,1436.12
691,595,0.0,774.26,163.44,1285.54
691,599,358.29,845.24,459.64,1097.63
691,602,1743.66,901.69,1820.15,1096.05
691,614,691.12,607.01,835.63,1434.84
691,620,252.62,900.22,323.44,991.76
691,621,700.37,607.47,826.66,959.47
692,317,2028.35,860.23,2095.52,1011.23
692,376,1226.73,716.16,1491.19,1433.44
692,398,1143.13,733.07,1302.59,1381.99
692,463,410.2,637.64,776.14,1432.52
692,477,1430.36,758.76,1593.32,1312.75
692,493,1622.04,807.34,1752.95,1176.12
692,536,971.02,689.57,1179.57,1435.45
692,595,0.0,773.07,145.21,1273.71
692,599,350.53,845.63,449.78,1094.94
692,602,1740.6,901.1,1817.83,1096.8
692,614,676.28,602.45,822.84,1434.39
692,620,245.39,899.73,316.13,990.68
692,621,680.57,604.3,811.35,966.41
693,317,2027.51,859.27,2095.44,1011.8
693,376,1218.0,713.57,1484.35,1433.97
693,398,1134.68,729.26,1296.92,1386.11
693,463,386.04,633.38,758.92,1432.62
693,477,1424.82,757.43,1588.02,1314.13
693,493,1617.61,806.74,1748.28,1176.44
693,536,962.36,686.53,1172.03,1436.82
693,595,0.0,768.86,127.74,1270.52
693,602,1738.46,901.27,1816.17,1098.43
693,614,658.52,599.54,807.05,1438.2
693,620,241.83,899.55,312.79,990.3
693,621,658.87,599.88,805.43,1005.27
693,624,2426.51,829.47,2474.91,959.02
694,317,2026.14,857.82,2094.64,1011.35
694,376,1209.79,710.83,1478.05,1433.09
694,398,1128.46,724.95,1293.21,1389.13
694,463,361.1,626.89,741.86,1432.52
694,477,1419.57,754.75,1582.36,1310.88
694,493,1615.07,805.76,1745.29,1176.1
694,536,952.41,681.42,1163.36,1436.94
694,595,0.0,796.84,107.41,1265.86
694,602,1734.94,900.24,1813.23,1098.79
694,614,639.77,595.3,790.51,1439.21
694,620,237.89,897.66,311.37,991.06
694,624,2426.03,827.14,2475.02,958.24
694,625,1546.18,867.64,1606.03,1148.9
695,317,2025.31,856.91,2094.19,1010.6
695,376,1201.08,707.57,1471.25,1434.21
695,398,1118.27,724.73,1283.69,1390.06
695,463,333.09,621.57,720.8,1431.89
695,477,1413.58,753.8,1576.52,1312.12
695,493,1611.09,804.1,1741.64,1175.13
695,536,940.82,679.45,1152.55,1437.05
695,602,1732.55,898.56,1811.52,1099.14
695,614,622.53,589.94,775.5,1434.56
695,620,232.66,895.27,308.21,990.72
695,624,2427.64,830.18,2475.01,957.15
695,625,1544.49,878.95,1603.27,1154.79
696,317,2023.83,856.09,2092.9,1009.57
696,376,1189.55,703.23,1461.35,1433.16
696,398,1106.22,723.1,1272.71,1393.83
696,463,306.32,618.06,700.7,1431.19
696,477,1407.16,752.06,1570.18,1312.8
696,493,1608.32,802.43,1739.57,1175.33
696,536,928.36,676.92,1141.19,1438.14
696,602,1729.17,898.2,1808.54,1099.24
696,614,603.26,581.57,760.18,1435.66
696,620,221.51,890.2,298.48,988.47
696,625,1539.5,878.71,1598.02,1152.4
697,317,2022.25,855.77,2091.01,1008.27
697,376,1178.51,702.83,1451.28,1431.98
697,398,1097.65,725.31,1263.92,1394.16
697,463,276.39,613.55,677.86,1430.68
697,477,1400.3,750.84,1563.12,1313.52
697,493,1604.57,801.49,1735.84,1175.34
697,536,916.55,673.19,1131.04,1439.61
697,602,1727.13,897.25,1806.76,1099.03
697,614,583.65,578.23,744.21,1438.28
697,620,215.11,895.87,284.03,985.1
697,625,1531.74,871.06,1592.83,1156.52
698,317,2020.96,857.83,2088.76,1007.74
698,376,1168.82,700.0,1444.37,1433.84
698,398,1086.18,723.57,1252.8,1394.21
698,463,244.91,607.85,656.02,1432.86
698,477,1392.92,750.35,1557.09,1319.28
698,493,1601.22,800.97,1732.44,1176.64
698,536,904.8,668.54,1120.6,1439.61
698,602,1725.49,897.53,1805.49,1100.42
698,614,562.32,575.31,726.41,1438.78
698,625,1518.42,838.5,1583.55,1140.43
699,317,2019.2,858.47,2087.28,1008.26
699,376,1159.51,700.27,1436.63,1435.26
699,398,1075.36,719.85,1244.26,1399.85
699,463,214.09,605.53,632.35,1433.09
699,477,1386.84,750.08,1551.54,1322.03
699,493,1597.48,800.25,1729.18,1178.09
699,536,892.12,667.6,1108.14,1438.69
699,602,1723.26,897.31,1802.84,1099.8
699,614,540.99,572.47,709.09,1438.33
699,625,1510.27,827.45,1577.16,1135.51
700,317,2018.38,858.68,2086.74,1008.82
700,376,1149.08,698.44,1428.74,1437.0
700,398,1064.75,721.24,1234.45,1405.48
700,463,182.23,603.78,607.8,1432.91
700,477,1380.87,750.73,1546.02,1326.25
700,493,1595.04,801.56,1726.16,1180.1
700,536,879.6,668.71,1095.63,1437.44
700,602,1720.47,896.72,1800.26,1099.97
700,614,516.6,567.68,689.69,1435.31
700,625,1506.41,827.8,1575.55,1145.79
701,317,2017.58,859.36,2086.07,1009.78
701,376,1138.89,698.65,1420.19,1437.63
701,398,1053.18,717.8,1225.04,1411.42
701,463,151.64,602.31,584.46,1431.82
701,477,1372.8,749.17,1538.35,1329.87
701,493,1591.01,803.15,1721.69,1181.54
701,536,866.67,668.7,1082.92,1436.28
701,602,1717.79,897.61,1797.45,1100.9
701,614,494.46,566.26,672.61,1435.74
701,625,1500.71,828.68,1571.37,1152.78
702,317,2016.52,859.68,2085.19,1010.87
702,376,1127.79,700.22,1409.79,1435.49
702,398,1044.92,723.39,1217.07,1416.39
702,463,119.55,599.43,560.98,1431.53
702,477,1366.42,749.05,1532.16,1333.15
702,493,1588.17,804.92,1717.69,1182.96
702,536,854.98,669.65,1071.79,1436.05
702,602,1715.38,898.98,1795.08,1101.75
702,614,470.87,565.63,653.88,1433.04
702,625,1497.39,832.34,1566.52,1147.43
702,624,2421.79,826.07,2470.55,957.61
703,317,2016.17,859.89,2084.84,1011.6
703,376,1121.8,702.14,1404.6,1435.17
703,398,1034.03,728.19,1206.41,1423.1
703,463,88.16,599.24,537.94,1431.49
703,477,1359.64,749.4,1525.95,1337.13
703,493,1586.11,805.42,1715.8,1186.2
703,536,841.25,668.88,1058.55,1435.72
703,602,1712.85,897.57,1793.26,1103.14
703,614,447.84,564.65,636.93,1434.46
703,625,1491.89,833.03,1562.54,1152.33
703,624,2423.0,827.04,2470.84,957.97
704,317,2016.25,861.13,2084.34,1012.26
704,376,1111.37,702.75,1395.52,1436.87
704,398,1024.13,734.11,1195.85,1426.27
704,463,53.44,599.93,511.88,1430.85
704,477,1353.98,748.44,1520.8,1339.77
704,493,1582.89,806.71,1711.54,1186.87
704,536,830.75,667.88,1048.53,1435.32
704,602,1710.71,896.61,1791.83,1104.6
704,614,423.03,562.92,618.67,1434.29
704,625,1485.56,829.68,1559.32,1159.75
704,624,2424.71,826.98,2471.95,958.1
705,317,2016.56,862.09,2083.7,1011.54
705,376,1112.77,702.03,1395.46,1435.78
705,398,1015.78,738.24,1186.27,1425.38
705,463,28.73,596.96,495.33,1431.65
705,477,1347.41,748.0,1514.79,1343.09
705,493,1579.76,807.93,1708.21,1188.62
705,536,818.89,669.34,1037.01,1434.02
705,602,1708.44,896.26,1790.02,1106.37
705,614,400.4,562.56,602.93,1438.03
705,625,1481.0,830.22,1556.18,1163.51
705,624,2423.77,826.17,2471.14,958.4
706,317,2016.97,862.23,2083.71,1011.15
706,376,1109.97,700.8,1391.52,1434.74
706,398,1006.47,737.33,1178.25,1426.12
706,463,11.46,595.66,481.44,1430.53
706,477,1341.12,747.95,1509.06,1345.92
706,493,1577.57,807.62,1705.79,1190.11
706,536,806.51,668.86,1026.34,1433.23
706,602,1705.51,896.07,1786.82,1106.3
706,614,378.16,562.29,586.86,1437.64
706,625,1476.13,826.5,1553.64,1164.61
706,624,2423.27,825.73,2470.65,958.62
707,317,2017.13,861.84,2083.91,1011.19
707,376,1106.7,700.07,1386.65,1434.55
707,398,998.57,736.24,1171.1,1425.4
707,463,1.28,593.72,473.06,1429.04
707,477,1335.24,748.56,1503.72,1348.86
707,493,1576.36,806.96,1704.7,1190.65
707,536,792.62,667.0,1014.95,1433.85
707,602,1703.87,895.24,1785.52,1107.03
707,614,354.89,559.4,571.51,1439.22
707,625,1471.1,821.92,1550.88,1164.84
707,624,2423.71,826.1,2470.74,958.77
708,317,2017.26,861.46,2083.99,1011.11
708,376,1102.75,700.04,1381.12,1434.75
708,398,988.73,733.29,1164.6,1432.23
708,463,0.0,590.06,461.49,1429.49
708,477,1329.61,748.94,1498.88,1351.98
708,493,1571.12,806.15,1698.77,1190.6
708,536,781.23,666.5,1005.27,1434.08
708,602,1701.1,893.67,1783.13,1107.93
708,614,329.99,556.27,554.14,1439.19
708,625,1467.24,819.3,1549.15,1166.24
708,624,2424.1,826.65,2470.77,959.01
708,637,1657.86,828.23,1719.19,1106.66
709,317,2017.65,860.82,2084.12,1010.02
709,376,1095.39,697.68,1373.74,1435.08
709,398,978.76,733.14,1156.23,1435.87
709,463,0.0,584.2,449.98,1429.63
709,477,1323.09,749.67,1493.44,1355.67
709,493,1564.71,806.21,1692.38,1191.7
709,536,769.97,663.86,995.92,1433.88
709,602,1698.26,896.57,1777.91,1107.52
709,614,304.87,553.02,536.5,1437.8
709,625,1464.37,817.49,1548.1,1166.47
709,624,2425.13,826.78,2471.82,959.38
709,637,1655.13,828.45,1715.74,1103.06
710,317,2017.98,860.34,2084.52,1009.62
710,376,1086.33,692.48,1365.62,1434.77
710,398,969.01,731.19,1147.85,1436.42
710,463,0.0,574.98,438.0,1430.89
710,477,1316.75,746.37,1488.75,1357.41
710,493,1561.93,804.78,1689.4,1191.62
710,536,753.79,662.09,982.24,1434.45
710,602,1696.32,901.69,1772.65,1106.93
710,614,278.49,547.36,519.33,1438.37
710,625,1459.1,814.94,1544.94,1165.48
710,624,2426.26,827.33,2472.63,959.58
710,637,1653.06,828.48,1713.62,1102.46
711,317,2017.87,859.34,2084.7,1009.3
711,376,1077.73,688.68,1357.7,1434.47
711,398,960.78,727.04,1140.56,1432.12
711,463,0.0,567.53,424.42,1430.58
711,477,1309.64,743.4,1483.19,1359.01
711,493,1559.32,804.03,1686.58,1191.47
711,536,741.15,657.85,972.74,1433.62
711,602,1694.53,901.27,1769.03,1106.06
711,614,250.56,540.87,500.78,1437.83
711,625,1455.84,814.97,1543.34,1165.45
711,624,2426.86,828.28,2472.73,959.73
711,637,1656.55,828.09,1717.86,1103.35
712,317,2017.5,858.13,2084.67,1009.33
712,376,1069.47,686.98,1350.13,1435.52
712,398,951.81,722.46,1132.87,1428.96
712,463,0.0,558.15,410.01,1430.85
712,477,1303.2,741.2,1477.86,1359.71
712,493,1558.19,803.24,1685.25,1191.63
712,536,727.88,652.8,962.66,1433.37
712,602,1694.26,914.16,1761.51,1102.99
712,614,223.89,534.13,482.44,1433.19
712,625,1453.61,814.76,1542.75,1165.12
712,624,2427.92,829.99,2472.93,959.95
712,637,1653.91,826.7,1715.59,1103.78
713,317,2016.96,856.35,2084.81,1009.68
713,376,1059.06,679.47,1342.24,1436.15
713,398,942.86,719.22,1125.77,1427.07
713,463,0.0,546.44,393.51,1430.84
713,477,1296.14,739.41,1472.15,1361.26
713,493,1556.46,801.65,1683.57,1191.2
713,536,717.5,648.75,954.58,1433.28
713,602,1692.79,917.87,1757.73,1104.12
713,614,197.35,527.07,466.04,1432.53
713,625,1450.14,812.39,1541.39,1162.82
713,624,2428.35,831.18,2472.1,959.05
713,637,1652.01,826.37,1713.7,1104.15
714,317,2016.58,855.41,2084.31,1009.22
714,376,1047.56,674.81,1331.77,1434.12
714,398,931.14,716.48,1117.65,1430.85
714,463,0.0,537.53,375.11,1430.21
714,477,1289.66,738.44,1467.34,1364.17
714,493,1553.93,800.43,1680.76,1191.2
714,536,704.07,642.68,943.9,1432.88
714,602,1691.49,926.94,1752.3,1103.43
714,614,167.32,519.0,446.34,1431.55
714,625,1446.8,813.45,1539.59,1162.75
714,624,2428.17,830.93,2471.59,958.58
714,637,1651.62,825.76,1713.03,1102.56
715,317,2016.37,854.84,2083.69,1008.43
715,376,1038.0,671.67,1322.81,1431.55
715,398,921.11,715.14,1110.16,1434.01
715,463,0.0,525.31,355.0,1428.65
715,477,1282.4,734.19,1462.95,1367.91
715,493,1549.37,795.46,1677.25,1191.42
715,536,688.05,638.23,929.85,1433.04
715,602,1685.23,904.21,1751.79,1103.91
715,614,134.32,511.87,423.86,1432.22
715,625,1444.38,814.17,1539.04,1160.38
715,637,1651.16,824.92,1713.15,1103.9
716,317,2016.56,855.05,2083.24,1007.97
716,376,1024.8,665.53,1312.36,1431.58
716,398,911.15,712.52,1102.37,1434.83
716,463,0.0,517.84,328.41,1404.74
716,477,1275.45,731.95,1456.73,1365.99
716,493,1547.17,793.03,1675.55,1191.59
716,536,670.92,632.66,916.95,1432.77
716,602,1684.93,917.77,1745.62,1103.14
716,614,103.59,506.38,403.18,1430.85
716,625,1443.09,813.12,1540.48,1159.04
716,637,1649.94,824.28,1712.24,1102.94
717,317,2016.71,855.2,2083.07,1008.06
717,376,1014.71,663.04,1304.81,1434.12
717,398,900.27,710.48,1092.68,1431.48
717,463,0.0,512.98,302.67,1389.86
717,477,1266.5,729.31,1449.49,1366.0
717,493,1546.1,791.59,1675.03,1192.38
717,536,654.85,629.27,904.09,1432.49
717,602,1680.49,899.17,1745.05,1103.39
717,614,68.85,496.98,381.28,1432.08
717,625,1441.1,814.19,1541.44,1160.03
717,637,1648.93,824.24,1711.49,1103.59
718,317,2017.18,855.55,2083.13,1007.9
718,376,1003.84,660.65,1295.91,1435.06
718,398,888.28,706.98,1083.01,1431.54
718,463,0.0,515.74,277.32,1397.07
718,477,1259.7,726.36,1444.99,1369.0
718,493,1543.48,790.58,1673.19,1194.53
718,536,637.96,627.88,890.29,1431.5
718,602,1675.53,881.43,1743.15,1103.51
718,614,40.92,492.58,362.68,1432.01
718,625,1436.98,817.44,1538.35,1158.82
718,637,1647.98,824.09,1711.21,1105.42
719,317,2017.41,856.0,2083.01,1007.71
719,376,988.26,655.09,1284.12,1435.54
719,398,873.62,704.79,1071.53,1435.28
719,477,1252.58,724.8,1440.05,1373.1
719,493,1541.56,789.86,1671.09,1196.51
719,536,627.22,626.28,881.15,1432.38
719,602,1664.71,849.04,1740.88,1106.92
719,614,21.93,487.24,349.69,1429.12
719,625,1431.94,814.14,1536.13,1157.59
719,637,1642.54,823.31,1706.74,1106.14
720,317,2016.68,858.55,2081.18,1008.26
720,376,975.93,653.28,1273.69,1434.81
720,398,861.61,704.26,1061.46,1435.12
720,477,1243.85,725.73,1433.58,1378.14
720,493,1538.66,790.69,1667.87,1199.45
720,536,611.06,626.79,867.14,1434.86
720,614,9.77,483.68,341.64,1427.87
720,625,1427.62,811.99,1534.57,1157.48
720,637,1635.88,822.84,1701.41,1109.24
720,647,4.58,746.63,118.37,1160.74
721,317,2016.61,859.76,2080.29,1007.94
721,376,962.55,652.48,1261.67,1432.49
721,398,848.77,706.79,1050.27,1434.08
721,477,1235.77,727.68,1426.99,1382.39
721,493,1536.02,791.72,1664.25,1201.1
721,536,589.26,625.01,849.03,1433.18
721,614,1.94,481.97,336.11,1427.25
721,625,1421.76,813.1,1530.59,1161.19
721,637,1630.1,820.72,1696.21,1109.33
721,647,0.0,770.09,95.34,1132.3
721,624,2424.27,826.7,2469.22,956.41
722,317,2016.46,860.29,2079.86,1008.12
722,376,947.41,651.79,1248.92,1431.93
722,398,835.71,707.16,1039.9,1436.48
722,477,1228.07,729.75,1421.15,1387.61
722,493,1534.56,793.15,1662.68,1203.94
722,536,573.75,623.04,836.41,1431.82
722,614,0.0,481.04,324.09,1425.48
722,625,1417.6,815.71,1528.64,1165.57
722,637,1629.2,820.54,1696.72,1111.05
722,624,2423.86,826.92,2469.07,956.39
723,317,2015.77,861.17,2078.8,1008.86
723,376,931.39,651.66,1235.68,1432.6
723,398,821.42,705.9,1027.94,1434.56
723,477,1219.61,729.73,1414.73,1392.44
723,493,1532.05,795.7,1659.2,1205.44
723,536,561.01,621.34,825.5,1430.57
723,614,0.0,477.9,309.94,1423.76
723,625,1412.0,818.4,1524.05,1167.69
723,637,1625.87,821.14,1692.68,1110.55
723,624,2423.68,826.2,2469.17,957.31
723,621,268.11,833.3,362.86,1103.84
724,317,2015.25,861.46,2078.19,1009.33
724,376,916.31,650.96,1224.55,1434.95
724,398,805.44,705.77,1014.8,1436.38
724,477,1211.09,728.57,1409.02,1397.1
724,493,1531.85,795.85,1659.03,1207.67
724,536,539.94,621.14,808.37,1431.63
724,614,0.0,475.2,296.28,1422.86
724,625,1408.68,823.86,1520.75,1169.0
724,637,1625.99,822.39,1692.54,1110.27
724,624,2423.69,827.12,2468.76,958.32
724,621,252.44,830.74,349.99,1105.07
725,317,2014.48,861.4,2077.33,1009.46
725,376,899.3,647.22,1212.04,1434.66
725,398,793.86,704.15,1004.52,1434.02
725,477,1202.05,726.58,1402.53,1400.86
725,493,1529.23,795.03,1656.11,1207.73
725,536,518.93,619.1,791.35,1432.07
725,614,0.0,470.72,281.71,1423.75
725,625,1405.58,825.96,1518.92,1172.1
725,637,1624.03,823.28,1690.55,1110.52
725,624,2425.53,828.5,2469.89,958.86
725,621,242.11,835.78,341.11,1102.46
726,317,2014.22,861.51,2076.79,1009.08
726,376,881.51,645.53,1196.83,1432.64
726,398,780.33,701.02,993.55,1433.76
726,477,1192.82,726.19,1395.7,1404.16
726,493,1525.86,794.57,1653.41,1208.28
726,536,498.25,616.13,775.6,1432.63
726,614,0.0,467.15,266.19,1425.03
726,625,1400.96,820.73,1517.23,1175.12
726,637,1623.14,825.04,1688.36,1111.14
726,624,2425.57,829.85,2469.56,959.12
726,621,235.38,837.28,336.41,1099.57
727,317,2012.88,861.27,2075.36,1008.96
727,376,862.92,644.57,1181.92,1433.26
727,398,766.18,699.29,981.15,1433.5
727,477,1182.36,725.61,1387.83,1407.67
727,493,1521.71,796.13,1649.25,1209.31
727,536,478.41,614.11,760.08,1432.91
727,614,0.0,460.69,250.93,1426.37
727,625,1398.84,819.85,1516.41,1176.12
727,637,1620.79,823.6,1686.36,1111.84
727,624,2423.8,828.13,2468.53,959.5
727,621,229.8,837.61,332.63,1097.2
728,317,2011.48,860.76,2074.12,1008.79
728,376,843.88,640.07,1167.68,1433.53
728,398,751.07,696.73,967.76,1433.31
728,477,1169.37,719.57,1378.95,1411.06
728,493,1519.9,796.73,1647.29,1208.23
728,536,456.82,607.11,744.55,1432.82
728,614,0.0,455.49,233.77,1427.4
728,625,1396.85,820.39,1515.04,1177.89
728,637,1622.72,822.81,1689.04,1111.18
728,624,2423.86,826.57,2468.81,959.58
728,621,224.88,840.71,329.18,1098.45
729,317,2010.78,860.44,2073.79,1009.03
729,376,823.98,635.26,1152.88,1433.54
729,398,733.68,693.64,951.91,1432.92
729,477,1157.18,719.46,1369.15,1412.72
729,493,1516.93,796.47,1644.44,1207.6
729,536,449.82,604.13,738.49,1433.08
729,614,0.0,441.63,206.37,1361.4
729,625,1394.95,821.41,1513.0,1177.59
729,637,1617.99,822.88,1686.65,1117.25
729,621,220.73,842.1,323.71,1089.16
729,657,1272.64,728.69,1397.57,1303.9
730,317,2009.42,858.62,2073.24,1008.51
730,376,804.32,631.84,1136.91,1430.44
730,398,715.48,689.21,935.63,1431.94
730,477,1146.61,718.06,1361.15,1412.22
730,493,1515.0,796.02,1644.41,1206.5
730,536,423.3,597.34,716.76,1431.89
730,614,0.0,432.87,175.82,1272.23
730,625,1391.08,822.7,1509.4,1179.25
730,637,1625.45,830.9,1690.74,1112.89
730,621,217.97,840.69,320.25,1080.21
730,657,1266.63,727.75,1393.0,1309.2
730,624,2424.13,828.98,2468.29,960.99
731,317,2007.68,858.02,2071.73,1007.57
731,376,779.72,628.05,1119.14,1433.97
731,398,696.56,684.2,918.59,1432.24
731,477,1133.47,715.55,1351.65,1415.02
731,493,1508.84,794.8,1639.45,1206.17
731,536,401.98,590.23,700.04,1433.09
731,614,0.0,427.24,152.74,1234.86
731,625,1390.38,825.08,1507.55,1178.0
731,637,1628.54,848.25,1690.77,1116.34
731,621,211.63,840.01,315.18,1076.25
731,657,1253.74,726.56,1381.93,1317.66
731,659,85.92,896.25,160.07,1001.39
731,624,2422.43,827.53,2466.86,960.36
732,317,2008.03,857.28,2073.1,1007.79
732,376,755.5,622.09,1099.86,1430.54
732,398,675.39,678.09,898.15,1429.92
732,477,1120.08,712.92,1342.65,1419.39
732,493,1504.93,794.34,1636.77,1207.05
732,536,375.55,587.46,677.03,1432.3
732,625,1387.53,824.08,1505.11,1178.0
732,637,1623.58,841.85,1687.21,1118.83
732,621,201.46,843.14,305.91,1075.31
732,657,1247.73,725.47,1377.23,1321.56
732,659,75.81,895.13,151.21,1001.89
732,624,2423.67,827.96,2467.69,960.93
733,317,2007.0,857.26,2072.42,1008.03
733,376,729.71,616.85,1079.83,1429.1
733,398,654.27,674.85,878.65,1431.94
733,477,1105.82,710.91,1333.19,1424.23
733,493,1504.25,793.23,1637.71,1207.54
733,536,351.18,581.81,657.49,1431.13
733,625,1385.36,824.39,1503.66,1179.66
733,637,1621.14,840.59,1684.39,1118.02
733,621,193.45,843.91,299.78,1075.28
733,657,1242.62,723.93,1373.18,1322.8
733,659,69.54,896.75,144.03,1002.04
733,624,2421.67,826.98,2466.08,960.24
734,317,2005.54,856.94,2071.49,1008.42
734,376,703.94,612.45,1060.58,1430.17
734,398,630.55,671.49,856.0,1433.15
734,477,1090.66,708.44,1323.67,1430.6
734,493,1500.76,791.37,1636.45,1209.24
734,536,328.56,574.78,640.37,1431.74
734,625,1382.8,823.82,1501.46,1180.26
734,637,1623.26,856.63,1682.26,1115.83
734,621,188.83,844.95,296.23,1074.87
734,657,1234.61,719.98,1366.97,1324.16
734,659,59.71,897.1,133.49,1000.49
734,624,2419.26,826.29,2464.33,959.63
735,317,2004.27,857.16,2070.58,1008.06
735,376,677.93,609.38,1040.18,1430.32
735,398,606.93,670.03,831.4,1431.05
735,477,1075.04,706.37,1311.63,1432.11
735,493,1497.45,791.64,1634.48,1210.81
735,536,301.58,575.12,616.73,1431.12
735,625,1380.1,823.59,1498.95,1180.36
735,637,1619.45,849.98,1679.51,1116.08
735,621,180.97,844.25,290.66,1075.51
735,657,1228.79,719.34,1362.69,1327.61
735,659,53.38,897.41,127.25,1000.25
736,317,2003.47,857.52,2070.2,1008.57
736,376,651.56,605.1,1020.41,1429.67
736,398,582.67,667.96,807.34,1433.73
736,477,1062.56,705.75,1302.76,1434.43
736,493,1492.82,792.7,1631.42,1212.44
736,536,267.41,568.58,589.58,1430.83
736,625,1376.88,823.12,1496.58,1180.84
736,637,1615.62,852.05,1674.42,1114.97
736,621,176.19,843.34,286.71,1075.79
736,657,1220.54,718.48,1355.9,1330.64
736,659,49.76,898.12,123.28,999.91
736,666,1350.03,804.13,1405.69,1151.66
736,667,1600.52,820.34,1657.89,1117.82
737,317,2003.28,857.89,2070.7,1009.14
737,376,625.51,602.5,1001.35,1431.34
737,398,560.69,665.26,784.9,1431.31
737,477,1049.68,706.23,1292.55,1435.07
737,493,1487.3,793.17,1627.7,1215.66
737,536,234.76,568.7,563.41,1432.08
737,625,1373.7,822.88,1493.99,1182.34
737,637,1612.96,851.54,1672.16,1118.86
737,621,167.39,844.42,277.25,1077.87
737,657,1215.54,718.34,1353.63,1336.08
737,659,42.85,901.44,115.57,1001.07
737,666,1347.66,803.84,1402.79,1147.79
737,667,1602.56,825.45,1660.25,1123.18
737,624,2420.14,825.47,2465.31,960.62
738,317,2002.16,859.37,2069.23,1008.97
738,376,597.75,601.12,980.11,1433.19
738,398,539.61,668.16,763.36,1436.15
738,477,1035.7,706.96,1281.08,1435.52
738,493,1480.39,791.03,1622.95,1217.63
738,536,209.18,571.65,541.57,1431.18
738,625,1368.15,823.67,1489.18,1183.18
738,637,1612.87,877.88,1666.97,1120.38
738,621,154.59,845.32,264.94,1082.3
738,657,1205.32,719.18,1345.22,1341.44
738,659,41.6,901.73,115.69,1003.71
738,666,1343.37,804.59,1396.61,1135.51
738,667,1600.72,827.47,1658.38,1122.99
738,624,2417.62,824.44,2463.6,960.71
739,317,2001.21,859.63,2068.46,1009.12
739,376,571.06,600.47,958.85,1432.24
739,398,517.84,670.29,739.15,1434.55
739,477,1024.11,708.25,1271.78,1435.38
739,493,1475.03,791.89,1618.52,1219.95
739,536,195.56,572.39,529.75,1430.48
739,625,1362.71,825.07,1483.93,1183.09
739,621,152.11,847.47,249.83,1055.88
739,657,1195.42,718.99,1337.01,1345.6
739,659,33.46,902.23,108.64,1004.65
739,666,1342.86,807.45,1395.75,1135.76
739,667,1595.64,828.06,1654.7,1126.24
739,624,2418.08,824.84,2463.75,960.77
740,317,2000.65,860.68,2067.98,1009.96
740,376,545.25,602.4,938.43,1433.58
740,398,495.8,665.59,716.34,1430.29
740,477,1010.18,708.38,1260.04,1435.91
740,493,1469.12,793.88,1612.63,1222.1
740,536,157.66,572.29,499.27,1431.01
740,625,1359.89,825.65,1482.08,1185.53
740,657,1188.48,721.58,1331.86,1347.7
740,659,23.4,903.55,98.01,1003.2
740,666,1338.95,807.69,1393.45,1145.45
740,667,1589.12,824.89,1649.88,1127.27
740,624,2418.03,824.21,2463.96,961.06
741,317,1999.71,861.7,2067.14,1010.96
741,376,520.8,602.9,919.26,1432.72
741,398,475.87,664.93,695.78,1428.84
741,477,997.65,708.22,1249.63,1434.73
741,493,1464.94,795.46,1609.16,1223.84
741,536,120.6,567.44,471.63,1431.12
741,625,1354.73,826.53,1477.03,1186.82
741,657,1181.15,722.76,1327.17,1353.41
741,659,18.92,904.63,94.77,1005.33
741,666,1331.65,810.67,1389.32,1167.24
741,667,1581.27,823.71,1643.96,1131.0
741,670,799.32,689.88,949.53,1426.71
742,317,1999.16,863.03,2065.92,1010.91
742,376,493.92,601.26,899.44,1432.0
742,398,453.69,663.55,672.86,1430.02
742,477,986.59,709.57,1241.02,1435.87
742,493,1459.48,797.5,1604.61,1226.91
742,536,90.33,569.11,448.27,1430.82
742,625,1350.83,825.21,1473.06,1186.0
742,657,1174.07,723.91,1321.42,1356.77
742,659,11.11,905.49,88.2,1007.0
742,666,1325.95,810.74,1385.06,1173.18
742,667,1575.77,823.63,1639.73,1133.81
742,670,784.45,691.68,935.18,1429.84
743,317,1998.81,863.69,2065.25,1011.35
743,376,470.7,600.17,883.28,1433.83
743,477,975.14,710.21,1231.93,1436.19
743,493,1453.3,798.32,1599.86,1231.13
743,536,58.85,568.5,425.18,1430.09
743,625,1350.63,827.51,1471.14,1187.92
743,657,1166.46,723.12,1315.3,1357.85
743,659,5.42,905.99,83.26,1007.69
743,666,1321.09,812.0,1381.39,1179.15
743,667,1571.55,823.66,1636.72,1134.77
743,670,768.46,688.16,921.22,1432.97
744,317,1998.7,864.02,2065.22,1012.41
744,376,448.08,597.39,866.17,1431.47
744,477,963.36,709.58,1222.58,1436.23
744,493,1444.75,799.15,1590.86,1232.45
744,536,33.9,566.86,407.7,1429.77
744,625,1347.24,826.81,1466.53,1186.65
744,657,1158.68,722.32,1311.18,1365.64
744,659,1.09,906.22,79.14,1008.7
744,666,1318.43,812.59,1377.73,1170.42
744,667,1568.73,824.34,1634.86,1136.7
744,670,751.42,685.51,905.44,1433.36
745,317,1998.52,864.07,2065.04,1013.19
745,376,424.45,595.95,849.22,1432.63
745,477,952.32,707.72,1214.44,1436.1
745,493,1441.34,799.78,1588.27,1234.03
745,536,15.48,560.87,395.9,1429.98
745,625,1345.35,825.38,1463.44,1186.82
745,657,1152.8,719.65,1305.32,1354.15
745,659,0.0,906.35,68.66,1006.97
745,666,1315.13,811.37,1374.45,1163.72
745,667,1567.95,823.79,1634.46,1132.81
745,670,741.3,683.72,897.0,1433.67
746,317,1998.0,864.12,2064.11,1013.4
746,376,398.53,589.01,832.42,1432.31
746,477,941.93,705.78,1206.23,1434.09
746,493,1436.51,799.75,1582.93,1232.01
746,536,2.29,554.12,387.53,1430.46
746,625,1344.99,823.17,1461.63,1186.55
746,657,1148.81,716.33,1306.02,1364.43
746,666,1311.25,811.27,1370.85,1158.67
746,667,1561.86,823.52,1629.34,1134.05
746,670,727.74,681.03,886.74,1436.78
746,674,718.94,682.2,868.36,909.21
747,317,1998.31,863.91,2064.22,1013.57
747,376,367.81,581.15,811.69,1431.2
747,477,930.08,703.83,1196.92,1433.98
747,493,1430.2,797.78,1577.78,1232.69
747,536,0.0,547.57,377.62,1430.44
747,625,1343.88,820.77,1459.12,1187.31
747,657,1144.39,713.06,1305.2,1369.86
747,666,1309.33,811.13,1369.42,1155.93
747,667,1566.54,822.11,1636.13,1133.3
747,670,715.94,678.72,877.2,1437.77
747,674,707.91,677.64,862.01,911.59
748,317,1999.74,862.7,2066.03,1012.82
748,376,342.2,573.5,795.84,1431.43
748,477,919.11,701.47,1189.02,1434.78
748,493,1424.8,796.15,1573.61,1232.39
748,536,0.0,541.7,366.24,1429.2
748,625,1341.73,821.59,1455.18,1189.8
748,657,1138.63,710.37,1302.28,1371.15
748,666,1306.16,808.45,1367.38,1154.38
748,667,1558.24,823.24,1629.24,1138.23
748,670,705.03,674.1,869.49,1438.36
748,674,694.34,675.25,848.08,908.67
749,317,2000.04,861.84,2066.45,1012.15
749,376,316.34,567.87,778.62,1432.33
749,477,909.74,697.55,1183.4,1435.12
749,493,1419.46,794.33,1570.44,1234.08
749,536,0.0,536.14,355.53,1427.62
749,625,1339.19,822.2,1451.05,1193.23
749,657,1128.41,707.43,1296.03,1373.87
749,666,1301.67,808.94,1364.73,1161.25
749,667,1553.97,822.61,1625.65,1140.02
749,670,693.65,671.16,860.62,1438.55
749,674,685.83,669.74,843.78,909.42
750,317,2000.08,861.45,2066.19,1011.02
750,376,290.14,557.88,763.3,1431.11
750,477,901.03,694.28,1178.31,1435.3
750,493,1411.3,793.42,1562.22,1232.83
750,536,0.0,529.02,340.82,1427.34
750,625,1338.58,819.76,1449.04,1194.67
750,657,1120.76,704.61,1292.33,1376.84
750,666,1297.44,808.73,1361.75,1163.32
750,667,1550.87,821.7,1623.32,1142.17
750,670,675.49,667.23,846.69,1435.82
750,674,658.81,665.54,818.12,907.45
751,317,2000.86,860.58,2067.23,1010.38
751,376,261.3,548.37,745.21,1428.99
751,477,893.06,690.44,1174.55,1435.84
751,493,1406.88,792.12,1559.08,1233.26
751,536,0.0,520.36,327.16,1427.21
751,625,1337.2,817.7,1446.37,1195.67
751,657,1115.05,704.29,1290.07,1384.46
751,666,1294.87,807.75,1360.59,1164.94
751,667,1549.59,820.19,1622.38,1141.86
751,670,661.78,664.15,838.28,1435.42
751,674,645.51,660.79,809.77,909.25
752,317,2001.0,860.22,2067.36,1009.95
752,376,235.05,545.04,727.83,1430.09
752,477,885.3,687.39,1170.72,1435.28
752,493,1398.12,791.16,1549.85,1232.84
752,536,0.0,511.79,313.7,1427.33
752,625,1335.22,819.37,1442.31,1196.95
752,657,1110.91,703.41,1287.98,1387.55
752,666,1291.64,807.03,1358.51,1166.24
752,667,1548.5,820.97,1621.33,1142.29
752,670,651.06,661.98,832.1,1437.58
752,674,635.15,658.13,804.71,913.88
752,682,1565.11,823.24,1638.58,1137.2
753,317,2000.53,859.83,2066.69,1009.78
753,376,207.37,537.01,711.43,1430.75
753,477,876.88,684.67,1165.75,1434.35
753,493,1392.63,790.65,1543.57,1231.79
753,536,0.0,504.48,297.69,1430.43
753,625,1333.47,818.28,1438.91,1196.31
753,657,1108.47,703.5,1286.89,1386.89
753,666,1289.03,806.29,1356.69,1164.78
753,667,1548.3,820.9,1620.83,1140.53
753,670,642.37,660.62,828.46,1437.26
753,674,621.5,656.78,798.18,921.87
753,682,1563.05,824.86,1636.37,1137.77
753,683,1520.45,829.77,1586.92,1149.59
754,317,2000.33,859.41,2066.43,1010.02
754,376,177.6,530.38,691.67,1430.76
754,477,867.76,682.19,1160.6,1435.23
754,493,1389.17,789.85,1540.84,1233.06
754,536,0.0,497.3,280.08,1430.65
754,625,1330.91,822.55,1433.94,1197.86
754,657,1103.65,703.55,1283.9,1389.51
754,666,1285.14,806.72,1354.0,1164.63
754,667,1551.28,821.0,1624.31,1141.75
754,670,627.42,658.77,818.55,1437.36
754,683,1519.11,830.2,1585.49,1149.24
755,317,2000.35,859.54,2065.9,1009.36
755,376,150.54,529.44,671.24,1430.25
755,477,857.64,680.47,1153.95,1436.33
755,493,1382.45,791.16,1533.46,1234.32
755,536,0.0,491.82,251.22,1364.49
755,625,1328.49,826.22,1428.88,1197.48
755,657,1098.34,702.17,1281.17,1392.76
755,666,1281.55,806.65,1351.44,1164.93
755,667,1545.78,819.48,1619.25,1141.6
755,670,612.51,656.4,807.91,1436.24
755,683,1515.61,831.04,1582.2,1150.77
755,682,1558.66,823.43,1632.11,1137.65
756,317,1999.73,859.49,2065.72,1010.14
756,376,119.48,526.8,649.15,1430.26
756,477,846.83,680.96,1144.31,1434.94
756,493,1376.8,791.96,1527.54,1236.05
756,536,0.0,485.91,216.33,1264.44
756,625,1326.53,827.29,1424.92,1196.4
756,657,1090.61,702.04,1276.5,1399.0
756,666,1278.68,807.59,1348.63,1162.82
756,667,1540.98,818.9,1615.85,1147.58
756,670,595.68,656.28,796.4,1435.84
756,683,1512.45,830.4,1579.74,1152.05
756,682,1553.97,820.48,1628.79,1139.05
757,317,1998.9,859.82,2065.14,1011.41
757,376,90.8,525.9,627.77,1428.58
757,477,835.88,682.09,1133.7,1434.31
757,493,1373.02,791.86,1524.16,1238.35
757,536,0.0,479.53,191.85,1218.74
757,625,1324.24,824.81,1422.43,1198.55
757,657,1082.21,703.22,1270.52,1403.92
757,666,1275.08,809.01,1345.88,1162.19
757,667,1539.79,818.56,1615.2,1149.01
757,670,577.29,658.45,781.7,1437.65
757,683,1505.39,832.28,1574.64,1161.27
757,682,1555.52,844.73,1624.67,1138.98
758,317,1998.47,860.72,2064.31,1011.93
758,376,60.05,521.93,607.17,1428.09
758,477,827.77,683.08,1126.33,1434.22
758,493,1369.02,792.17,1520.24,1240.9
758,536,0.0,475.04,170.57,1201.68
758,625,1320.64,828.22,1416.92,1198.33
758,657,1075.83,703.43,1266.84,1409.05
758,666,1272.76,810.08,1344.79,1163.23
758,667,1537.26,819.33,1613.21,1150.85
758,670,555.99,657.36,762.34,1436.13
758,683,1501.47,835.28,1572.03,1168.27
758,682,1551.82,841.1,1622.05,1140.89
759,317,1998.41,861.31,2064.15,1012.48
759,376,33.27,520.89,588.71,1429.27
759,477,820.56,683.9,1119.73,1433.56
759,493,1366.04,795.36,1517.37,1243.44
759,625,1316.15,827.9,1411.83,1199.28
759,657,1068.14,703.66,1261.34,1412.79
759,666,1268.22,807.99,1342.51,1165.94
759,667,1536.1,818.84,1612.21,1150.09
759,670,535.22,657.04,745.23,1437.52
759,683,1500.44,837.0,1569.68,1162.0
759,682,1551.71,852.71,1619.9,1141.46
760,317,1997.18,863.63,2062.18,1013.52
760,376,16.24,519.3,576.43,1428.49
760,477,813.51,683.16,1114.27,1434.24
760,493,1363.73,794.98,1516.36,1245.22
760,625,1312.49,826.44,1407.74,1199.68
760,657,1060.74,703.69,1256.21,1417.35
760,666,1264.4,808.09,1340.39,1167.7
760,667,1533.29,818.44,1609.63,1150.02
760,670,518.12,654.49,733.03,1437.98
760,683,1495.14,838.09,1564.78,1162.63
761,317,1996.33,864.47,2061.12,1013.61
761,376,0.17,511.97,565.9,1428.9
761,477,806.62,682.72,1108.97,1434.73
761,493,1360.73,796.07,1512.95,1244.26
761,625,1303.71,818.51,1400.48,1203.04
761,657,1051.42,702.86,1248.43,1421.75
761,666,1260.14,807.6,1338.02,1173.86
761,667,1527.96,818.54,1604.38,1150.87
761,670,499.76,653.49,720.93,1438.6
761,683,1490.67,837.24,1561.2,1163.6
762,317,1994.87,865.45,2059.2,1013.28
762,376,0.0,507.03,554.98,1428.65
762,477,801.22,681.94,1104.86,1434.05
762,493,1356.35,792.62,1510.46,1244.15
762,625,1299.7,816.28,1395.78,1204.52
762,657,1046.11,701.98,1243.32,1421.66
762,666,1257.42,809.27,1337.08,1176.33
762,667,1524.35,818.34,1600.43,1150.36
762,670,481.26,649.64,709.3,1435.82
762,683,1487.91,837.54,1559.21,1164.96
763,317,1992.99,865.7,2057.09,1013.46
763,376,0.0,500.9,543.87,1429.55
763,477,795.7,679.98,1101.43,1434.79
763,493,1350.75,788.93,1507.72,1245.51
763,625,1298.33,819.3,1391.96,1204.13
763,657,1038.77,701.87,1235.86,1423.57
763,666,1255.14,808.37,1337.62,1184.49
763,667,1521.98,818.24,1597.54,1148.75
763,670,463.06,646.87,699.05,1434.41
763,683,1484.87,837.56,1556.72,1164.84
763,690,1252.59,807.59,1390.07,1187.73
763,691,1595.37,969.67,1664.53,1140.28
764,317,1990.91,866.1,2054.42,1013.06
764,376,0.0,494.33,529.24,1428.18
764,477,790.51,678.65,1098.07,1435.27
764,493,1344.7,784.86,1503.87,1246.4
764,625,1295.36,819.2,1387.65,1204.48
764,657,1032.73,702.59,1227.83,1419.89
764,666,1250.03,809.52,1331.3,1179.56
764,667,1519.03,818.75,1594.31,1148.17
764,670,442.53,644.47,687.42,1434.52
764,683,1481.92,837.3,1554.4,1164.63
764,690,1248.19,806.31,1387.12,1190.64
764,691,1589.18,972.97,1657.77,1141.54
765,317,1989.02,864.23,2052.73,1012.55
765,376,0.0,486.51,514.54,1427.4
765,477,785.69,675.13,1095.38,1434.04
765,493,1340.11,786.42,1499.08,1246.01
765,625,1290.27,817.68,1381.42,1204.47
765,657,1027.53,700.42,1222.64,1423.48
765,666,1244.93,809.77,1326.29,1177.83
765,667,1514.41,819.5,1589.41,1147.16
765,670,424.97,640.3,678.98,1434.65
765,683,1476.97,836.41,1549.84,1162.05
766,317,1986.69,863.41,2050.31,1011.9
766,376,0.0,475.0,497.5,1428.22
766,477,779.23,671.08,1092.12,1433.9
766,493,1335.41,783.52,1495.96,1246.2
766,625,1286.55,815.67,1376.32,1201.94
766,657,1022.38,699.3,1216.83,1426.74
766,666,1241.0,807.45,1322.12,1173.86
766,667,1510.4,818.53,1585.7,1146.34
766,670,409.34,637.86,672.37,1435.37
766,683,1471.74,833.57,1546.17,1162.69
767,317,1984.75,862.37,2048.08,1010.78
767,376,0.0,466.2,478.53,1428.61
767,477,771.46,666.39,1087.63,1434.24
767,493,1332.0,781.2,1494.15,1246.76
767,625,1280.51,808.68,1371.36,1203.35
767,657,1012.99,696.41,1207.5,1432.31
767,666,1237.16,807.28,1318.07,1172.3
767,667,1506.13,817.72,1581.17,1144.82
767,670,390.65,634.87,663.24,1435.92
767,683,1467.09,832.83,1542.37,1163.19
767,691,1576.49,973.97,1645.16,1140.68
768,317,1983.36,861.77,2046.18,1009.33
768,376,0.0,454.1,455.74,1428.03
768,477,762.09,662.13,1081.38,1434.47
768,493,1325.89,777.25,1490.35,1248.07
768,625,1276.3,804.05,1367.68,1205.43
768,657,1003.9,694.93,1196.11,1430.3
768,666,1233.18,804.85,1314.57,1172.86
768,667,1503.36,816.59,1578.06,1143.33
768,670,373.26,630.44,654.56,1434.84
768,683,1462.6,830.63,1538.54,1163.47
768,695,179.94,588.56,389.14,1236.23
768,691,1573.35,971.98,1643.57,1141.12
769,317,1982.53,861.51,2045.06,1008.3
769,376,0.0,440.53,432.6,1426.86
769,477,749.57,659.1,1071.73,1434.18
769,493,1319.89,780.04,1483.51,1249.34
769,625,1271.51,801.34,1362.68,1205.63
769,657,991.82,692.63,1183.79,1432.78
769,666,1230.41,802.96,1312.6,1173.27
769,667,1499.62,815.52,1574.27,1141.42
769,670,354.87,626.38,645.3,1434.05
769,683,1456.72,828.46,1533.52,1165.13
769,695,130.98,581.77,373.02,1333.03
769,691,1568.53,971.91,1639.46,1141.06
770,317,1980.84,861.48,2043.41,1008.2
770,376,0.0,434.61,408.15,1427.11
770,477,736.64,656.37,1061.73,1433.63
770,493,1313.52,779.26,1477.36,1251.09
770,625,1267.65,806.59,1357.12,1205.36
770,657,982.67,692.84,1173.35,1433.5
770,666,1227.41,799.17,1310.52,1172.13
770,667,1494.68,815.95,1569.44,1142.06
770,670,337.89,623.64,636.88,1433.28
770,683,1452.34,827.36,1529.56,1164.41
770,695,88.13,576.63,347.69,1384.01
770,691,1560.91,971.08,1633.11,1140.5
771,317,1980.2,861.41,2042.82,1007.87
771,376,0.0,441.72,379.76,1428.48
771,477,722.02,654.54,1050.22,1433.59
771,493,1309.72,779.45,1474.24,1254.81
771,625,1264.0,809.53,1352.83,1205.04
771,657,975.26,693.87,1163.55,1431.94
771,666,1223.23,797.53,1307.1,1171.39
771,667,1488.68,815.6,1564.08,1144.31
771,670,320.17,621.46,627.64,1433.19
771,683,1447.65,827.81,1525.56,1165.79
771,695,39.96,570.54,312.13,1422.51
771,691,1557.53,972.65,1630.33,1141.38
772,317,1979.8,861.2,2042.83,1007.92
772,376,0.0,449.98,347.13,1429.06
772,477,707.89,654.33,1038.86,1433.89
772,493,1305.47,778.89,1470.18,1256.3
772,625,1258.89,809.29,1347.74,1205.23
772,657,965.45,693.74,1154.74,1432.65
772,666,1218.43,797.62,1304.32,1175.63
772,667,1484.99,814.07,1562.56,1154.64
772,670,305.52,618.25,622.11,1432.57
772,683,1444.78,826.57,1523.17,1164.04
772,695,14.06,571.63,285.79,1422.36
772,691,1553.21,974.47,1626.71,1142.62
773,317,1978.45,861.32,2042.33,1009.22
773,477,696.91,653.93,1030.74,1434.25
773,493,1300.53,779.9,1464.6,1258.52
773,625,1254.0,814.09,1340.88,1200.87
773,657,954.14,693.76,1144.3,1433.07
773,666,1214.57,798.03,1301.13,1176.58
773,667,1481.92,813.88,1559.89,1156.11
773,670,291.21,616.39,615.35,1431.68
773,683,1439.6,823.04,1520.32,1171.62
773,695,0.0,569.23,245.17,1440.0
773,691,1551.16,976.59,1624.79,1143.96
774,317,1977.05,861.06,2042.0,1010.51
774,477,683.93,654.24,1020.34,1434.1
774,493,1295.95,780.94,1459.3,1261.44
774,625,1250.99,819.25,1334.84,1192.42
774,657,938.55,694.88,1128.46,1436.81
774,666,1211.3,798.55,1297.92,1175.66
774,667,1478.39,814.34,1556.55,1158.36
774,670,276.9,615.45,609.08,1432.16
774,683,1436.04,822.67,1517.19,1175.12
774,695,0.0,566.82,241.0,1440.0
774,691,1545.25,975.93,1620.32,1144.3
774,698,619.05,885.8,661.21,1016.25
774,376,0.0,539.37,275.16,1431.56
775,317,1975.96,860.89,2041.4,1010.96
775,477,672.88,653.65,1011.83,1434.02
775,493,1293.86,782.69,1456.66,1264.55
775,625,1246.57,821.07,1329.69,1189.99
775,657,925.98,696.17,1115.16,1434.88
775,666,1209.39,799.2,1295.79,1175.5
775,667,1475.66,815.06,1553.87,1159.72
775,670,261.36,615.54,601.44,1433.14
775,683,1431.65,821.94,1512.73,1174.43
775,695,0.0,566.98,233.17,1440.0
775,691,1543.49,977.18,1618.95,1146.19
775,698,616.58,887.11,659.07,1018.68
775,701,1036.7,755.9,1177.68,1316.75
775,702,2404.14,885.83,2435.49,964.07
776,317,1976.06,861.0,2041.99,1011.57
776,477,661.27,653.67,1002.41,1433.7
776,493,1293.23,785.53,1455.22,1267.9
776,625,1243.16,822.87,1328.17,1198.42
776,657,915.6,698.63,1104.19,1434.35
776,666,1207.75,800.16,1294.91,1180.75
776,667,1472.97,816.59,1551.2,1162.04
776,670,249.92,617.5,595.81,1434.16
776,683,1429.43,821.98,1510.8,1178.65
776,695,0.0,570.94,218.3,1440.0
776,691,1544.19,979.44,1619.28,1148.05
776,698,615.24,884.78,657.88,1016.84
776,701,1032.69,765.29,1172.55,1318.37
776,702,2404.35,886.43,2435.59,964.41
777,317,1975.65,861.94,2041.69,1012.0
777,477,650.95,653.54,993.77,1434.62
777,493,1290.11,787.34,1451.71,1270.44
777,625,1237.69,819.22,1325.11,1204.79
777,657,903.32,701.18,1092.4,1433.79
777,666,1206.29,801.98,1294.27,1188.0
777,667,1469.82,816.32,1548.02,1163.22
777,670,237.12,618.98,588.47,1433.95
777,683,1428.48,821.46,1508.53,1176.71
777,695,0.0,575.4,199.7,1436.24
777,691,1537.57,979.57,1614.39,1150.96
777,698,613.71,882.32,657.61,1018.16
777,701,1025.66,762.37,1169.12,1326.02
777,702,2404.23,886.48,2435.4,964.38
777,704,1200.39,813.99,1276.05,1182.94
778,317,1974.62,863.35,2040.19,1012.18
778,477,640.05,653.68,983.57,1432.87
778,493,1288.64,788.22,1450.09,1273.27
778,625,1233.1,815.82,1322.59,1208.34
778,657,891.96,701.76,1081.94,1434.12
778,666,1200.64,804.68,1289.47,1192.55
778,667,1467.64,816.49,1545.82,1164.47
778,670,225.1,618.09,582.06,1432.63
778,683,1427.79,827.95,1505.41,1175.6
778,691,1536.43,981.69,1612.79,1151.81
778,698,610.96,879.29,655.39,1016.93
778,701,1020.92,768.54,1165.41,1329.53
778,702,2404.18,887.12,2434.98,964.29
778,704,1197.8,818.19,1271.68,1178.96
779,317,1974.02,863.94,2039.33,1012.6
779,477,627.91,654.31,973.03,1432.16
779,493,1287.45,787.48,1448.68,1272.87
779,625,1229.4,819.88,1319.67,1212.82
779,657,879.47,699.43,1069.2,1433.39
779,666,1202.37,803.81,1290.59,1190.01
779,667,1465.57,817.11,1543.36,1164.16
779,670,215.17,617.46,578.38,1432.69
779,683,1426.01,826.23,1503.34,1175.41
779,691,1535.21,983.44,1611.13,1152.32
779,701,1016.05,770.84,1162.39,1331.38
779,702,2404.07,887.69,2434.57,964.37
779,704,1196.82,813.06,1272.54,1183.88
780,317,1973.98,864.77,2038.61,1012.29
780,477,614.99,653.09,962.83,1432.65
780,493,1287.06,787.1,1447.69,1271.09
780,625,1225.08,822.1,1316.65,1216.93
780,657,869.16,696.33,1059.56,1432.99
780,666,1202.78,803.29,1292.11,1196.01
780,667,1463.95,817.58,1541.61,1163.45
780,670,200.2,616.55,569.48,1435.05
780,683,1424.59,826.66,1501.73,1178.87
780,691,1531.63,985.43,1607.62,1153.13
780,701,1009.76,772.07,1159.35,1335.13
780,704,1196.98,810.22,1274.02,1188.02
780,705,0.0,756.87,90.37,1241.4
781,317,1974.51,865.24,2038.73,1012.26
781,477,603.02,649.58,954.37,1431.16
781,493,1286.09,785.05,1448.21,1272.83
781,625,1217.0,818.43,1311.21,1217.18
781,657,856.59,691.28,1048.61,1433.37
781,666,1199.43,802.59,1289.53,1199.4
781,667,1462.95,816.58,1540.67,1163.41
781,670,187.55,614.23,560.2,1433.97
781,683,1422.42,813.9,1501.85,1181.63
781,701,1004.16,770.89,1157.39,1337.61
781,705,0.0,773.79,71.49,1195.85
782,317,1975.47,865.33,2039.7,1012.25
782,477,589.91,646.89,944.14,1430.04
782,493,1284.9,783.39,1447.59,1272.0
782,625,1211.57,806.84,1309.74,1218.25
782,657,843.0,684.73,1037.08,1434.5
782,667,1460.98,816.1,1538.84,1163.79
782,670,176.78,611.47,552.9,1432.83
782,683,1419.34,806.97,1500.54,1187.32
782,701,996.07,769.99,1152.86,1340.03
783,317,1976.6,865.36,2040.93,1012.3
783,477,575.16,643.67,933.26,1430.26
783,493,1283.69,780.1,1448.04,1271.7
783,625,1210.46,805.26,1309.35,1216.11
783,657,837.02,677.84,1032.54,1434.11
783,667,1459.54,815.89,1536.94,1162.58
783,670,161.97,606.03,542.47,1432.81
783,683,1418.44,804.79,1498.92,1186.05
783,701,989.57,767.94,1149.52,1339.92
783,706,9.0,853.74,60.92,941.93
783,666,1199.21,798.58,1290.52,1198.54
784,317,1977.74,864.87,2042.3,1012.35
784,477,559.74,639.17,922.37,1431.42
784,493,1283.58,778.01,1450.67,1272.2
784,625,1207.81,799.37,1309.42,1218.86
784,657,829.56,681.03,1024.09,1432.82
784,667,1458.26,815.56,1535.65,1162.19
784,670,148.37,601.38,532.79,1432.38
784,683,1416.47,797.4,1497.44,1187.6
784,701,981.6,763.98,1145.37,1340.25
784,706,5.62,853.42,57.74,941.66
785,317,1977.15,863.61,2041.77,1012.32
785,477,544.65,635.69,910.78,1430.7
785,493,1279.96,777.34,1448.15,1271.09
785,625,1205.83,796.75,1309.39,1220.99
785,657,820.25,711.57,1008.04,1436.44
785,667,1456.5,815.29,1533.96,1162.81
785,670,130.9,597.63,518.63,1432.52
785,683,1415.03,796.18,1495.05,1186.56
785,701,973.53,759.49,1140.49,1338.42
785,706,2.77,852.09,56.41,942.67
786,317,1979.1,863.24,2043.88,1012.11
786,477,528.97,629.91,900.02,1431.22
786,493,1278.7,775.52,1448.64,1271.21
786,625,1205.22,795.58,1309.73,1220.92
786,657,810.57,690.17,1003.98,1436.58
786,667,1454.42,812.99,1532.41,1163.52
786,670,112.57,593.27,503.83,1432.12
786,683,1411.98,794.66,1491.69,1187.59
786,701,965.25,754.92,1136.19,1339.94
786,706,0.0,850.02,52.46,942.95
787,317,1981.52,862.78,2046.4,1011.82
787,477,513.12,624.92,887.92,1429.96
787,493,1275.51,773.91,1447.66,1274.77
787,625,1204.06,792.14,1309.87,1220.08
787,657,800.58,679.64,996.8,1436.95
787,667,1453.72,811.55,1532.03,1164.77
787,670,98.06,587.2,493.87,1431.74
787,683,1408.7,791.89,1488.85,1188.88
787,701,955.17,751.17,1132.06,1348.74
787,706,0.0,848.46,48.84,940.29
788,317,1982.27,861.13,2047.29,1010.95
788,477,497.48,621.46,876.74,1430.55
788,493,1273.68,772.98,1446.15,1274.82
788,625,1201.76,789.85,1308.19,1217.44
788,657,791.66,671.45,990.91,1437.21
788,667,1451.88,809.88,1530.39,1163.8
788,670,76.48,581.61,476.82,1431.13
788,683,1408.21,797.09,1486.38,1187.42
788,701,946.02,748.84,1127.85,1353.75
788,706,0.0,844.48,47.37,941.23
789,317,1983.17,860.07,2048.43,1010.24
789,477,481.16,617.8,864.1,1429.75
789,493,1272.66,771.6,1446.37,1277.8
789,625,1196.77,788.88,1305.16,1219.1
789,657,783.81,666.73,984.37,1434.43
789,667,1450.22,809.64,1529.03,1165.62
789,670,54.17,580.31,458.21,1432.04
789,683,1406.41,806.89,1482.42,1186.71
789,701,942.27,746.49,1127.28,1355.86
789,706,0.0,843.27,43.47,938.39
790,317,1983.36,859.19,2048.88,1010.28
790,477,463.3,614.72,849.63,1429.83
790,493,1270.6,773.66,1443.11,1281.36
790,625,1194.8,788.19,1304.94,1222.79
790,657,774.96,661.87,976.44,1430.53
790,667,1448.31,810.04,1527.41,1167.39
790,670,34.17,579.57,441.38,1431.82
790,683,1404.91,807.17,1481.04,1187.73
790,701,936.8,746.08,1125.3,1358.73
791,317,1983.72,859.16,2049.02,1009.95
791,477,444.64,612.73,833.12,1429.64
791,493,1268.95,773.91,1441.66,1285.73
791,625,1190.27,789.59,1301.19,1225.44
791,657,764.03,664.17,966.33,1432.12
791,667,1445.35,809.15,1524.96,1169.44
791,670,15.15,580.39,424.43,1430.99
791,683,1403.19,811.54,1478.13,1186.87
791,701,931.76,745.44,1123.0,1359.46
792,317,1983.99,859.32,2049.09,1009.85
792,477,430.5,614.72,820.79,1430.99
792,493,1267.37,775.63,1439.67,1290.18
792,625,1187.06,789.76,1298.66,1227.0
792,657,754.9,665.92,958.26,1433.6
792,667,1442.78,809.59,1522.67,1170.09
792,670,3.56,579.73,414.22,1430.91
792,683,1403.08,816.76,1476.35,1184.8
792,701,929.6,744.5,1123.6,1360.34
793,317,1984.5,859.86,2049.65,1010.48
793,477,417.06,617.8,808.29,1431.22
793,493,1275.28,777.27,1450.36,1294.12
793,625,1184.17,790.75,1295.89,1226.96
793,657,744.96,669.7,949.65,1437.87
793,667,1440.68,811.45,1521.06,1172.83
793,670,0.0,582.62,405.17,1431.5
793,683,1402.66,819.73,1474.88,1185.39
793,701,927.14,747.24,1123.11,1362.87
794,317,1984.81,860.47,2049.99,1011.31
794,477,401.56,618.78,794.57,1430.3
794,493,1266.22,778.61,1440.59,1298.2
794,625,1181.51,791.88,1293.87,1230.06
794,657,735.9,669.14,942.26,1436.84
794,667,1438.9,812.39,1519.53,1173.05
794,670,0.0,583.73,395.87,1431.2
794,683,1400.21,819.76,1472.24,1184.63
794,701,925.08,749.11,1122.89,1366.09
795,317,1984.9,861.24,2050.13,1012.42
795,477,384.15,619.82,778.73,1429.64
795,493,1261.13,779.36,1435.31,1302.8
795,625,1176.71,793.11,1290.29,1234.56
795,657,727.14,670.02,936.31,1436.3
795,667,1438.05,813.05,1518.75,1172.58
795,670,0.0,582.4,388.11,1431.16
795,683,1398.64,820.44,1470.32,1185.75
795,701,921.06,750.14,1120.65,1368.38
796,317,1985.2,861.28,2050.62,1013.07
796,477,366.73,620.02,763.46,1429.87
796,493,1255.68,779.98,1429.3,1305.64
796,625,1172.51,793.18,1287.55,1240.18
796,657,718.21,669.42,931.77,1438.03
796,667,1435.7,812.46,1516.87,1171.94
796,670,0.0,582.1,378.04,1430.28
796,683,1395.19,823.69,1467.21,1193.24
796,701,916.37,750.89,1117.43,1370.07
797,317,1985.29,860.95,2050.85,1013.36
797,477,349.25,619.4,748.88,1431.11
797,493,1248.94,779.86,1421.62,1305.92
797,625,1170.11,793.06,1285.96,1244.19
797,657,708.94,668.93,926.17,1435.87
797,667,1433.2,812.28,1514.94,1171.7
797,670,0.0,582.55,367.99,1429.11
797,683,1391.89,822.33,1464.8,1196.49
797,701,911.5,749.81,1115.23,1374.06
798,317,1984.86,860.94,2050.48,1014.32
798,477,330.9,616.15,733.65,1430.2
798,493,1245.41,781.28,1416.9,1306.9
798,625,1166.52,793.78,1282.42,1244.18
798,657,700.01,665.55,922.54,1435.21
798,667,1430.88,812.1,1512.93,1170.15
798,670,0.0,581.33,356.74,1428.61
798,683,1382.37,811.13,1460.23,1204.15
798,701,906.04,749.43,1111.31,1375.49
799,317,1985.0,861.13,2050.34,1014.46
799,477,312.08,612.96,717.95,1429.86
799,493,1239.17,781.2,1409.82,1307.86
799,625,1161.87,793.36,1279.03,1247.93
799,657,691.17,665.46,919.35,1435.72
799,667,1425.46,812.86,1509.37,1176.73
799,670,0.0,577.18,345.55,1427.95
799,683,1379.61,815.8,1456.98,1201.96
799,701,901.36,749.37,1108.41,1377.7
800,317,1984.69,861.63,2049.61,1014.39
800,477,291.13,607.46,701.15,1430.39
800,493,1231.29,778.43,1402.55,1309.75
800,625,1156.05,793.82,1273.23,1249.17
800,657,678.79,665.76,912.85,1435.99
800,667,1423.53,812.29,1508.38,1180.06
800,670,0.0,573.8,334.32,1428.52
800,683,1375.38,818.62,1453.57,1207.38
800,701,895.13,748.97,1104.23,1381.37
801,317,1984.32,862.39,2048.57,1013.61
801,477,269.74,603.4,683.17,1430.83
801,493,1224.91,778.13,1396.18,1310.07
801,625,1151.73,792.05,1268.81,1248.7
801,657,663.49,663.99,903.06,1434.48
801,667,1418.76,808.07,1505.51,1184.65
801,670,0.0,570.02,321.09,1429.92
801,683,1373.46,818.58,1451.6,1206.82
801,701,887.74,747.08,1098.52,1382.89
802,317,1983.99,863.49,2047.65,1013.19
802,477,248.6,595.79,667.19,1431.82
802,493,1218.38,773.47,1391.35,1312.13
802,625,1146.05,789.07,1262.69,1246.7
802,657,647.67,661.73,892.79,1433.94
802,667,1415.96,807.05,1502.92,1184.3
802,670,0.0,565.05,307.31,1429.92
802,683,1366.71,817.27,1446.25,1209.43
802,701,878.94,745.24,1090.99,1383.5
803,317,1983.5,864.33,2046.69,1013.02
803,477,223.8,591.22,645.54,1431.03
803,493,1211.23,770.6,1386.03,1315.9
803,625,1140.74,784.84,1257.96,1247.74
803,657,629.18,657.24,879.69,1434.48
803,667,1413.08,805.8,1500.07,1181.79
803,670,0.0,560.88,289.86,1421.08
803,683,1358.39,807.23,1440.9,1210.09
803,701,870.8,743.3,1084.19,1384.43
804,317,1983.12,864.0,2046.33,1013.16
804,477,198.95,584.71,625.31,1431.29
804,493,1203.96,766.67,1379.84,1317.01
804,625,1136.72,783.3,1254.42,1251.48
804,657,608.51,654.24,862.54,1434.45
804,667,1410.03,803.82,1497.39,1181.01
804,670,0.0,555.42,272.58,1413.91
804,683,1352.98,815.47,1434.75,1205.79
804,701,862.17,740.96,1077.56,1387.15
805,317,1982.86,863.14,2046.22,1013.1
805,477,174.25,578.44,605.26,1431.59
805,493,1195.98,766.0,1372.22,1319.04
805,625,1131.02,783.39,1247.91,1252.71
805,657,590.88,649.87,848.06,1431.02
805,667,1406.12,802.44,1494.15,1181.72
805,670,0.0,551.18,251.48,1394.87
805,683,1348.14,818.33,1431.06,1207.35
805,701,852.95,740.13,1069.7,1389.17
806,317,1982.43,862.91,2045.79,1013.28
806,477,149.49,575.0,583.62,1431.0
806,493,1189.39,764.03,1366.56,1320.43
806,625,1125.83,783.59,1241.98,1255.69
806,657,578.25,646.52,839.22,1429.61
806,667,1402.29,801.9,1490.9,1181.66
806,670,0.0,549.78,230.24,1379.39
806,683,1343.27,818.81,1427.93,1210.11
806,701,844.66,740.3,1062.6,1391.99
807,317,1982.11,863.53,2045.22,1013.32
807,477,125.65,573.04,562.46,1430.35
807,493,1182.89,761.67,1359.77,1316.81
807,625,1118.63,781.47,1234.86,1258.54
807,657,563.78,643.89,829.26,1430.07
807,667,1398.6,801.28,1488.0,1184.49
807,670,0.0,548.06,211.71,1386.18
807,683,1335.49,819.41,1422.53,1213.7
807,701,836.16,740.56,1055.6,1397.72
808,317,1981.52,863.38,2044.87,1013.74
808,477,97.06,572.35,537.05,1431.1
808,493,1175.4,763.35,1352.64,1317.28
808,625,1110.64,782.1,1226.41,1260.69
808,657,548.21,641.16,819.39,1431.94
808,667,1395.18,800.5,1484.95,1185.04
808,670,0.0,549.38,190.43,1382.28
808,683,1329.53,820.28,1418.5,1217.23
808,701,827.95,740.63,1048.68,1402.43
809,317,1980.8,864.23,2044.16,1013.85
809,477,69.24,571.05,513.38,1433.0
809,493,1169.36,764.47,1347.89,1318.66
809,625,1104.56,782.46,1219.95,1262.69
809,657,534.88,639.66,811.13,1432.82
809,667,1391.91,800.65,1482.69,1189.56
809,683,1322.55,819.49,1414.03,1220.12
809,701,818.99,743.06,1039.88,1407.4
810,317,1980.36,864.63,2043.58,1013.51
810,477,46.36,571.34,494.43,1433.83
810,493,1163.03,768.33,1343.15,1322.87
810,625,1098.79,783.94,1213.48,1264.69
810,657,523.49,638.92,804.71,1432.57
810,667,1389.21,800.56,1480.52,1190.57
810,683,1316.26,819.89,1410.11,1224.24
810,701,812.48,744.52,1033.77,1413.66
810,710,0.0,582.06,74.45,921.0
811,317,1980.38,864.7,2043.72,1013.24
811,477,21.13,572.11,471.94,1432.24
811,493,1157.93,771.37,1339.07,1324.65
811,625,1094.69,788.62,1208.0,1269.63
811,657,513.24,636.12,800.7,1432.53
811,667,1385.75,801.11,1477.87,1192.66
811,683,1311.49,820.31,1407.71,1229.31
811,701,805.4,746.37,1026.43,1417.86
812,317,1979.7,864.72,2043.61,1013.89
812,477,8.1,574.16,459.97,1431.15
812,493,1151.73,773.22,1334.63,1326.97
812,625,1090.11,788.62,1202.82,1274.65
812,657,497.94,635.76,792.3,1432.84
812,667,1381.41,802.45,1474.07,1193.64
812,683,1310.35,822.15,1406.84,1228.7
812,701,798.67,746.73,1020.27,1424.15
813,317,1979.05,864.4,2043.46,1014.23
813,477,0.0,575.61,449.42,1430.08
813,493,1145.72,774.53,1329.83,1327.57
813,625,1086.41,788.28,1199.26,1280.03
813,657,483.8,637.53,784.87,1433.18
813,667,1378.14,804.64,1471.66,1198.06
813,683,1308.48,823.37,1405.78,1230.91
813,701,790.73,746.41,1012.67,1428.88
814,317,1977.98,865.5,2042.55,1015.41
814,477,0.0,573.42,440.23,1430.52
814,493,1139.81,776.44,1325.89,1330.83
814,625,1082.47,787.23,1194.35,1279.64
814,657,472.76,638.33,779.71,1432.96
814,667,1376.22,805.59,1470.2,1200.96
814,683,1306.21,825.38,1404.1,1233.29
814,701,784.51,746.02,1005.77,1432.23
815,317,1977.8,865.86,2042.96,1016.73
815,477,0.0,572.05,430.59,1430.44
815,493,1134.72,777.31,1322.68,1333.58
815,625,1078.89,786.9,1190.86,1283.4
815,657,459.07,639.54,771.27,1431.35
815,667,1373.76,805.57,1468.32,1202.28
815,683,1303.1,825.98,1402.03,1237.21
815,701,779.61,747.12,999.27,1434.45
816,317,1978.17,866.16,2043.89,1017.63
816,477,0.0,568.63,421.74,1430.33
816,493,1131.2,777.74,1321.88,1337.12
816,625,1075.66,786.85,1188.22,1288.44
816,657,448.7,638.51,766.52,1430.58
816,667,1371.5,806.08,1466.32,1202.45
816,683,1300.5,825.94,1400.22,1237.66
816,701,775.97,747.44,993.92,1435.93
817,317,1978.67,866.25,2044.63,1017.77
817,477,0.0,565.54,411.76,1430.46
817,493,1126.91,777.47,1319.84,1338.91
817,625,1071.04,786.33,1183.71,1290.64
817,657,439.61,637.03,763.29,1430.26
817,667,1367.55,806.48,1463.22,1204.96
817,683,1296.62,825.62,1396.85,1238.57
817,701,770.74,748.0,986.47,1436.47
818,317,1979.03,866.18,2045.13,1017.61
818,477,0.0,560.48,400.48,1430.6
818,493,1122.24,774.73,1318.72,1343.19
818,625,1064.47,786.22,1177.11,1291.49
818,657,431.31,635.2,760.96,1430.33
818,667,1365.22,806.13,1461.79,1206.6
818,683,1293.87,823.69,1394.83,1239.81
818,701,763.59,745.19,978.37,1438.0
818,712,1438.85,1007.78,1519.55,1199.57
819,317,1979.39,865.92,2045.54,1017.41
819,477,0.0,555.31,389.5,1430.55
819,493,1118.97,771.29,1318.33,1344.72
819,625,1059.11,785.45,1172.52,1294.43
819,657,421.65,632.87,757.55,1431.63
819,667,1362.96,805.68,1459.68,1206.14
819,683,1289.59,823.76,1390.92,1238.91
819,701,756.11,741.6,970.36,1438.56
819,712,1436.93,1006.96,1518.0,1199.72
820,317,1980.35,865.88,2046.17,1016.79
820,477,0.0,548.9,379.44,1430.47
820,493,1116.33,769.04,1318.13,1346.21
820,625,1055.44,783.58,1169.23,1294.88
820,657,413.04,629.83,754.87,1432.41
820,667,1361.03,804.07,1458.59,1206.64
820,683,1287.08,823.15,1387.77,1234.07
820,701,749.73,738.59,962.96,1438.35
820,712,1434.88,1007.53,1515.84,1200.18
821,317,1981.03,865.11,2046.49,1015.49
821,477,0.0,543.68,368.69,1430.08
821,493,1113.49,767.15,1317.23,1346.83
821,625,1052.62,782.14,1166.43,1294.0
821,657,403.72,626.43,750.73,1432.36
821,667,1359.93,802.28,1457.96,1204.91
821,683,1285.88,821.26,1386.05,1227.77
821,701,742.01,736.19,954.45,1437.91
821,712,1432.9,1006.49,1514.02,1199.62
822,317,1981.54,865.61,2046.35,1014.99
822,477,0.0,535.06,358.43,1429.65
822,493,1111.4,765.81,1316.32,1347.04
822,625,1048.98,780.44,1162.7,1293.8
822,657,393.02,621.64,745.88,1432.68
822,667,1358.02,800.63,1456.75,1205.17
822,683,1282.82,819.29,1384.0,1229.62
822,701,735.77,733.21,948.27,1437.9
822,712,1430.49,1004.93,1512.53,1200.38
823,317,1982.72,866.71,2046.85,1014.51
823,477,0.0,525.43,349.18,1428.61
823,493,1107.03,762.8,1314.21,1350.0
823,625,1043.61,779.14,1158.06,1295.26
823,657,380.75,616.18,739.67,1433.11
823,667,1356.8,798.83,1455.94,1204.38
823,683,1281.55,817.85,1383.82,1233.36
823,701,727.47,730.73,939.44,1437.12
823,712,1428.04,1004.51,1510.23,1200.58
824,317,1983.93,867.76,2047.99,1014.93
824,477,0.0,516.03,339.42,1427.33
824,493,1103.29,760.51,1311.77,1351.79
824,625,1040.89,779.37,1155.52,1295.07
824,657,369.59,611.62,733.74,1433.73
824,667,1355.01,798.1,1454.87,1205.24
824,683,1277.03,815.47,1381.85,1241.23
824,701,720.71,728.66,932.37,1437.59
824,712,1427.29,1005.6,1507.09,1196.22
825,317,1984.25,867.96,2048.32,1015.05
825,477,0.0,511.4,329.71,1426.57
825,493,1100.02,758.78,1309.94,1355.26
825,625,1037.54,778.36,1153.61,1296.83
825,657,358.42,607.39,727.02,1434.7
825,667,1352.64,796.75,1453.53,1207.48
825,683,1275.38,813.66,1381.33,1244.25
825,701,713.42,726.9,925.07,1437.45
825,712,1425.61,1005.25,1507.87,1201.99
826,317,1985.8,869.3,2049.4,1015.36
826,477,0.0,507.2,317.69,1426.63
826,493,1096.4,756.85,1308.11,1360.07
826,625,1034.69,777.49,1152.78,1301.51
826,657,346.07,606.66,717.5,1434.9
826,667,1349.64,795.89,1451.41,1209.53
826,683,1273.72,814.07,1379.1,1243.38
826,701,705.89,726.52,917.33,1437.32
826,712,1425.6,1007.91,1501.43,1188.84
827,317,1986.76,869.56,2050.24,1015.14
827,477,0.0,506.03,307.03,1427.73
827,493,1092.52,755.48,1305.29,1364.52
827,625,1030.8,777.02,1150.25,1303.85
827,657,331.09,606.51,705.07,1434.19
827,667,1347.02,796.39,1449.85,1212.59
827,683,1272.34,815.07,1377.31,1245.65
827,701,695.89,727.08,906.85,1437.39
827,712,1420.32,1007.76,1501.47,1201.83
828,317,1987.23,869.01,2050.87,1014.9
828,477,0.0,504.83,298.55,1428.45
828,493,1089.66,754.95,1303.1,1370.63
828,625,1024.91,776.4,1146.08,1307.76
828,657,320.19,607.42,696.54,1433.65
828,667,1343.94,796.8,1447.15,1213.35
828,683,1270.88,815.22,1376.33,1250.78
828,701,686.76,728.11,897.24,1435.62
828,712,1418.57,1007.8,1501.11,1206.5
829,317,1987.41,869.56,2051.19,1015.62
829,477,0.0,504.23,291.44,1427.15
829,493,1087.64,755.34,1300.34,1374.52
829,625,1020.27,777.59,1142.63,1311.21
829,657,306.14,608.0,685.16,1432.59
829,667,1341.21,797.2,1445.51,1217.16
829,683,1268.4,816.36,1373.61,1255.15
829,701,678.94,729.43,889.39,1435.34
830,317,1988.86,869.58,2052.77,1015.47
830,477,0.0,501.4,283.78,1428.87
830,493,1084.65,755.29,1297.24,1379.1
830,625,1013.75,783.3,1136.05,1316.48
830,657,290.3,609.07,672.51,1431.43
830,667,1337.38,796.08,1443.5,1222.08
830,683,1267.26,817.37,1371.4,1255.02
830,701,669.16,730.27,880.02,1434.81
831,317,1989.37,870.02,2053.32,1015.95
831,477,0.0,496.97,274.68,1428.52
831,493,1083.37,755.04,1295.71,1382.93
831,625,1007.69,786.65,1130.75,1319.84
831,657,275.29,609.55,661.27,1431.52
831,667,1335.15,794.39,1442.34,1222.78
831,683,1266.08,816.5,1370.31,1259.23
831,701,659.31,730.64,871.13,1435.64
832,317,1989.85,870.21,2053.86,1016.17
832,477,0.0,491.87,265.85,1429.62
832,493,1082.51,756.52,1294.34,1385.33
832,625,1002.66,792.93,1126.09,1323.27
832,657,258.22,611.46,647.38,1431.57
832,667,1331.15,794.11,1439.23,1225.22
832,683,1263.18,815.94,1366.75,1260.43
832,701,651.57,730.79,864.43,1435.52
833,317,1989.64,869.69,2054.1,1016.82
833,477,0.0,484.94,257.58,1428.79
833,493,1080.36,756.84,1292.24,1387.38
833,625,999.87,796.57,1124.41,1325.98
833,657,242.68,611.34,635.64,1430.74
833,667,1327.96,794.02,1436.91,1225.71
833,683,1260.78,815.38,1363.67,1261.7
833,701,643.44,730.96,857.84,1435.62
834,317,1989.45,869.43,2054.06,1017.2
834,477,0.0,483.66,247.45,1428.24
834,493,1079.63,756.85,1291.0,1386.08
834,625,995.66,799.6,1121.62,1327.01
834,657,226.26,609.63,623.8,1430.69
834,667,1325.44,793.44,1435.37,1226.18
834,683,1259.8,814.94,1362.13,1262.83
834,701,637.46,731.49,854.47,1436.37
835,317,1989.27,868.94,2054.19,1017.77
835,477,0.0,477.07,235.54,1428.0
835,493,1077.65,755.26,1290.21,1387.63
835,625,987.71,789.38,1117.88,1328.74
835,657,213.18,609.05,614.57,1430.96
835,667,1323.79,794.45,1434.55,1228.86
835,683,1258.38,815.18,1359.9,1264.52
835,701,631.76,730.74,852.31,1435.74
836,317,1989.15,868.78,2054.23,1018.39
836,477,0.0,472.74,223.41,1430.01
836,493,1074.92,753.72,1288.65,1389.76
836,625,980.53,790.04,1112.77,1331.52
836,657,195.89,607.71,602.72,1433.46
836,667,1321.8,793.15,1433.44,1230.88
836,683,1251.22,816.52,1352.72,1265.82
836,701,627.84,730.07,853.2,1434.5
836,713,2424.37,896.05,2454.18,976.47
837,317,1989.09,868.84,2054.0,1018.61
837,477,0.0,467.22,209.95,1432.8
837,493,1071.25,752.83,1285.84,1390.71
837,625,974.79,797.27,1106.71,1332.2
837,657,178.36,606.51,588.3,1433.31
837,667,1317.92,790.51,1430.81,1232.2
837,683,1246.37,816.08,1347.96,1266.61
837,701,623.76,728.62,856.1,1434.43
837,713,2424.16,895.89,2454.13,976.7
838,317,1989.09,869.25,2053.38,1018.06
838,477,0.0,462.5,187.12,1396.0
838,493,1066.87,752.08,1282.2,1390.23
838,625,967.29,801.22,1099.88,1334.12
838,657,163.3,604.8,576.65,1433.72
838,667,1314.49,790.14,1428.13,1233.57
838,683,1242.61,815.91,1343.74,1266.11
838,701,619.79,726.07,860.63,1434.72
838,713,2424.16,895.98,2454.25,977.1
839,317,1988.76,869.22,2052.8,1017.82
839,477,0.0,462.78,168.04,1380.81
839,493,1062.07,750.2,1279.0,1392.35
839,625,958.21,795.41,1093.64,1336.92
839,657,147.04,600.58,563.7,1431.48
839,667,1309.15,787.8,1423.73,1232.36
839,683,1240.3,814.33,1341.05,1266.51
839,701,614.1,723.24,863.61,1434.0
839,713,2423.75,895.53,2454.09,977.4
840,317,1989.07,869.75,2052.59,1017.41
840,493,1056.17,747.67,1274.54,1393.18
840,625,950.85,793.74,1088.1,1337.6
840,657,131.79,596.87,551.77,1430.83
840,667,1303.13,786.87,1418.84,1232.84
840,683,1236.52,808.15,1338.64,1272.31
840,701,600.39,721.13,857.8,1435.18
840,713,2423.88,894.49,2454.5,977.31
841,317,1989.63,870.36,2053.46,1018.96
841,493,1048.47,745.99,1268.27,1395.95
841,625,943.01,796.65,1081.7,1341.33
841,657,109.11,594.16,530.94,1429.62
841,667,1296.75,786.05,1414.1,1235.27
841,683,1229.75,804.1,1331.01,1265.83
841,701,590.84,712.41,858.28,1434.78
841,713,2424.31,894.84,2454.63,977.0
842,317,1990.14,871.55,2053.52,1018.89
842,493,1043.03,742.88,1264.95,1400.91
842,625,932.0,799.82,1072.12,1346.68
842,657,90.8,592.17,515.42,1430.08
842,667,1292.87,787.75,1410.39,1234.7
842,683,1224.46,807.38,1326.07,1271.1
842,701,576.32,713.39,849.26,1434.62
842,713,2424.77,895.3,2454.85,976.9
842,718,522.81,890.6,563.07,1030.78
843,317,1990.43,872.39,2053.86,1019.55
843,493,1033.99,739.75,1257.38,1404.72
843,625,922.21,798.51,1065.04,1353.9
843,657,72.67,590.26,499.51,1431.74
843,667,1286.98,788.03,1405.34,1235.66
843,683,1211.23,808.74,1313.84,1269.29
843,701,562.22,711.19,841.38,1434.76
843,713,2424.98,895.62,2455.05,977.23
843,718,518.5,888.85,559.17,1030.02
844,317,1989.85,871.55,2053.72,1019.54
844,493,1026.41,740.61,1250.56,1410.77
844,625,912.99,800.58,1057.12,1358.03
844,657,50.41,590.33,478.8,1432.42
844,667,1279.87,789.22,1399.82,1239.07
844,683,1201.3,808.02,1305.95,1273.41
844,701,542.99,711.52,824.31,1435.15
844,713,2425.35,895.72,2455.46,977.42
844,718,512.36,892.31,552.27,1030.78
845,317,1987.7,872.15,2051.71,1019.91
845,493,1018.31,742.47,1242.79,1414.43
845,625,903.96,802.18,1048.55,1359.45
845,657,27.99,592.02,456.81,1432.68
845,667,1271.78,789.26,1394.1,1243.44
845,683,1188.61,807.36,1297.06,1280.34
845,701,520.7,709.3,802.39,1435.7
845,713,2425.21,896.25,2455.47,978.26
845,718,508.63,898.54,546.32,1029.41
846,317,1986.49,872.27,2050.73,1019.7
846,493,1007.3,744.64,1231.99,1420.71
846,625,894.78,801.57,1040.08,1360.55
846,657,8.18,592.89,437.26,1431.82
846,667,1264.24,787.61,1388.73,1247.33
846,683,1180.56,810.91,1290.85,1284.99
846,701,506.26,709.71,786.9,1436.26
846,718,503.72,893.85,542.46,1029.53
847,317,1985.41,871.79,2049.81,1019.52
847,493,997.51,745.65,1223.05,1426.91
847,625,885.84,802.64,1032.62,1364.97
847,657,0.0,593.15,423.41,1430.82
847,667,1260.48,788.91,1385.73,1248.96
847,683,1175.98,812.04,1288.46,1292.58
847,701,497.99,711.68,776.1,1433.86
848,317,1985.59,871.2,2050.24,1019.15
848,493,988.23,744.89,1214.22,1430.74
848,625,876.7,805.0,1025.51,1375.33
848,657,0.0,592.55,420.12,1430.88
848,667,1256.63,789.97,1382.37,1250.07
848,683,1166.22,812.57,1282.43,1300.05
848,701,490.15,710.6,768.62,1434.04
849,317,1985.97,870.67,2051.07,1019.49
849,493,979.45,743.94,1205.56,1433.59
849,625,865.59,806.78,1015.29,1379.04
849,657,0.0,591.22,404.6,1429.99
849,667,1251.72,790.47,1379.03,1254.63
849,683,1157.79,811.59,1276.95,1302.14
849,701,481.08,710.48,760.62,1433.04
850,317,1986.08,870.12,2051.7,1019.9
850,493,970.09,741.71,1196.66,1434.46
850,625,856.2,807.84,1006.74,1382.6
850,657,0.0,589.63,393.97,1430.76
850,667,1247.17,792.31,1375.17,1257.38
850,683,1146.88,812.4,1270.48,1312.34
850,701,472.26,708.83,754.52,1432.94
851,317,1986.01,869.55,2052.23,1020.52
851,493,960.99,740.59,1188.22,1437.36
851,625,850.84,799.3,1004.66,1384.24
851,657,0.0,588.21,381.93,1431.4
851,667,1242.56,792.33,1372.44,1261.62
851,683,1138.38,813.48,1265.18,1317.83
851,701,464.24,707.1,749.87,1433.48
852,317,1986.34,869.94,2052.55,1020.59
852,493,952.5,737.12,1180.0,1437.88
852,625,843.63,800.22,998.59,1386.48
852,657,0.0,587.03,368.51,1431.49
852,667,1238.24,791.44,1369.45,1263.5
852,683,1133.84,813.2,1260.93,1310.1
852,701,455.48,705.08,744.79,1433.74
853,317,1986.57,870.5,2052.87,1021.08
853,493,945.18,737.31,1171.99,1437.98
853,625,833.8,804.13,988.07,1388.04
853,657,0.0,584.31,357.13,1430.42
853,667,1234.71,790.04,1366.76,1264.67
853,683,1127.99,811.99,1257.64,1311.23
853,701,447.33,702.31,740.68,1433.48
854,317,1986.69,870.66,2053.14,1021.33
854,493,938.14,734.59,1166.39,1439.08
854,625,826.01,804.48,979.99,1388.37
854,657,0.0,583.43,345.91,1430.04
854,667,1231.44,790.15,1364.07,1264.98
854,683,1123.54,810.58,1255.63,1313.39
854,701,438.34,699.46,735.69,1432.69
855,317,1986.91,871.28,2053.02,1020.92
855,493,930.3,733.56,1159.45,1439.51
855,625,817.8,804.1,972.39,1390.28
855,657,0.0,578.44,333.39,1428.19
855,667,1227.42,789.67,1361.43,1266.32
855,683,1119.27,808.42,1253.52,1314.09
855,701,428.45,695.23,730.15,1431.73
856,317,1987.39,871.58,2053.38,1021.11
856,493,922.76,732.88,1152.08,1438.63
856,625,810.19,803.88,964.89,1390.56
856,657,0.0,573.38,319.81,1427.21
856,667,1222.36,788.12,1357.72,1267.08
856,683,1111.91,806.13,1249.17,1316.7
856,701,419.85,691.79,725.79,1432.0
857,317,1988.19,871.06,2054.21,1021.01
857,493,915.47,731.23,1145.08,1436.96
857,625,801.95,792.91,960.02,1394.64
857,657,0.0,567.88,306.65,1427.8
857,667,1218.6,787.24,1355.09,1267.49
857,683,1103.92,805.34,1244.61,1321.62
857,701,411.61,688.11,721.17,1431.5
858,317,1989.46,870.43,2055.6,1020.92
858,493,907.52,731.16,1137.43,1437.28
858,625,791.54,785.64,951.48,1396.37
858,657,0.0,562.25,293.32,1427.24
858,667,1214.45,785.2,1352.98,1270.64
858,683,1099.99,804.68,1242.21,1321.4
858,701,403.84,683.87,716.59,1431.61
859,317,1990.55,871.0,2056.42,1020.89
859,493,896.96,721.72,1129.92,1435.12
859,625,783.82,783.78,944.77,1401.02
859,657,0.0,555.31,279.0,1424.43
859,667,1209.16,783.2,1349.55,1271.37
859,683,1092.5,802.71,1237.56,1323.19
859,701,396.4,678.35,711.26,1430.5
860,317,1991.38,871.48,2057.04,1020.89
860,493,888.37,719.11,1123.31,1435.77
860,625,783.72,762.73,953.77,1405.9
860,657,0.0,548.69,264.96,1426.97
860,667,1205.55,782.31,1347.34,1272.04
860,683,1084.94,802.12,1232.91,1327.01
860,701,388.21,673.13,704.83,1430.73
861,317,1992.79,872.61,2058.06,1020.91
861,493,881.77,717.4,1118.81,1437.8
861,625,768.39,769.07,936.99,1411.36
861,657,0.0,541.94,251.22,1427.16
861,667,1201.38,781.45,1344.3,1273.38
861,683,1082.47,802.68,1231.46,1327.68
861,701,378.19,670.82,695.65,1431.42
862,317,1993.7,873.16,2058.82,1021.1
862,493,875.69,716.42,1114.38,1437.37
862,625,757.27,780.16,922.71,1413.56
862,657,0.0,536.01,235.66,1431.32
862,667,1196.43,780.18,1341.02,1275.67
862,683,1074.96,802.35,1226.72,1332.17
862,701,366.13,669.26,684.43,1431.98
863,317,1994.78,874.44,2059.45,1021.37
863,493,865.48,715.64,1106.53,1438.57
863,625,749.42,784.85,914.06,1417.04
863,657,0.0,532.41,217.89,1431.45
863,667,1191.95,780.06,1337.96,1278.63
863,683,1070.59,801.15,1223.86,1333.92
863,701,351.89,667.61,671.09,1431.32
863,724,2437.43,868.86,2489.61,979.97
864,317,1995.92,875.03,2060.37,1021.69
864,493,857.63,716.48,1100.05,1438.5
864,625,741.46,788.3,905.78,1420.36
864,657,0.0,534.64,200.41,1431.87
864,667,1187.98,780.88,1334.85,1281.26
864,683,1065.81,798.57,1222.68,1344.3
864,701,337.84,667.52,657.26,1431.39
864,724,2438.17,870.08,2489.72,979.75
865,317,1997.8,875.44,2062.42,1022.44
865,493,850.77,720.0,1094.22,1439.78
865,625,729.71,787.94,895.08,1428.24
865,657,0.0,538.82,182.25,1431.24
865,667,1184.87,780.4,1333.09,1282.25
865,683,1060.67,798.17,1219.45,1351.6
865,701,324.94,666.96,645.22,1431.09
865,724,2437.42,866.37,2490.76,979.88
866,317,1999.19,875.34,2063.89,1022.77
866,493,841.59,719.11,1087.0,1439.21
866,625,721.1,784.94,887.71,1432.98
866,657,0.0,541.03,168.11,1433.21
866,667,1179.75,780.64,1329.75,1285.92
866,683,1057.2,802.36,1215.3,1354.47
866,701,309.92,667.18,631.22,1431.38
866,724,2438.03,862.67,2494.11,981.91
867,317,2000.49,874.31,2065.23,1022.1
867,493,831.28,716.2,1079.25,1437.78
867,625,712.23,788.29,877.96,1435.47
867,657,0.0,543.59,154.04,1432.47
867,667,1173.81,780.41,1326.12,1290.91
867,683,1049.57,802.87,1209.35,1360.08
867,701,294.11,665.34,618.09,1432.57
867,724,2436.25,871.61,2487.58,981.17
868,317,2001.39,873.4,2066.5,1022.03
868,493,822.19,718.76,1071.59,1438.17
868,625,703.82,791.72,868.66,1437.2
868,667,1168.96,781.15,1322.54,1294.45
868,683,1044.66,804.21,1203.37,1356.71
868,701,275.55,664.43,600.93,1432.03
868,724,2435.57,875.48,2484.74,980.94
869,317,2002.09,872.85,2067.39,1021.74
869,493,811.92,716.87,1063.46,1437.91
869,625,694.12,794.43,856.81,1433.41
869,667,1163.42,784.19,1318.08,1297.59
869,683,1037.36,803.97,1198.44,1364.05
869,701,255.54,662.42,582.94,1431.37
869,724,2440.16,873.67,2491.07,982.62
870,317,2002.32,873.37,2067.61,1022.24
870,493,800.75,714.28,1055.61,1437.47
870,625,684.73,793.74,847.55,1435.37
870,667,1157.62,777.9,1314.83,1297.69
870,683,1032.47,802.72,1194.23,1364.47
870,701,234.67,660.24,564.24,1431.87
870,724,2435.91,881.46,2481.94,981.64
871,317,2002.7,872.2,2068.34,1021.6
871,493,791.95,711.12,1050.4,1436.02
871,625,674.8,790.12,837.89,1435.52
871,667,1152.15,776.19,1310.51,1297.88
871,683,1025.23,801.63,1188.16,1366.44
871,701,214.24,657.33,546.1,1431.25
871,724,2435.07,883.13,2479.45,981.1
872,317,2002.63,871.46,2068.47,1021.31
872,493,782.59,709.61,1044.58,1437.62
872,625,664.52,789.82,827.79,1436.8
872,667,1146.03,777.01,1305.7,1300.25
872,683,1019.83,799.44,1182.15,1362.55
872,701,193.75,654.52,527.86,1429.89
872,724,2437.1,878.17,2483.47,980.89
873,317,2002.53,871.13,2068.54,1021.31
873,493,770.6,705.69,1036.72,1438.47
873,625,655.64,787.82,820.13,1437.22
873,667,1138.4,776.04,1299.85,1301.82
873,683,1012.45,798.53,1174.96,1360.91
873,701,173.58,649.48,512.95,1432.73
873,724,2438.14,876.34,2485.21,980.79
874,317,2002.7,871.58,2068.25,1020.5
874,493,756.78,702.01,1027.31,1437.67
874,625,644.84,785.02,810.45,1435.64
874,667,1132.56,774.9,1295.45,1301.43
874,683,1003.23,795.6,1167.49,1361.89
874,701,149.48,643.41,492.64,1431.5
874,724,2439.22,874.71,2487.05,980.65
875,317,2002.4,871.19,2068.16,1020.24
875,493,747.92,697.87,1022.16,1436.75
875,625,630.91,785.04,795.93,1433.6
875,667,1125.31,773.07,1290.16,1301.49
875,683,994.22,789.56,1160.56,1362.59
875,701,127.18,638.69,474.58,1431.23
875,724,2439.65,873.89,2487.86,980.46
876,317,2002.18,870.72,2068.28,1020.28
876,493,731.04,695.04,1010.27,1435.35
876,625,617.63,784.1,783.57,1434.96
876,667,1117.0,771.2,1284.68,1304.62
876,683,984.01,789.12,1153.23,1370.69
876,701,102.75,634.31,454.55,1432.46
876,724,2438.18,879.01,2483.62,980.39
877,317,2002.05,870.91,2068.18,1020.29
877,493,714.88,695.52,997.75,1434.98
877,625,615.52,783.45,786.2,1435.77
877,667,1108.93,769.68,1279.16,1306.13
877,683,975.29,788.51,1144.74,1369.12
877,701,76.59,630.24,432.09,1433.09
877,724,2437.04,889.13,2477.13,980.01
878,317,2001.91,871.29,2068.11,1020.59
878,493,698.02,691.26,987.03,1437.56
878,625,593.65,782.18,764.22,1432.72
878,667,1100.24,768.07,1273.36,1309.45
878,683,963.65,787.93,1135.13,1373.46
878,701,48.91,626.57,407.65,1433.9
878,724,2436.78,893.13,2474.44,979.91
879,317,2001.69,871.59,2067.86,1020.93
879,493,683.04,686.98,976.75,1435.54
879,625,577.91,784.76,748.14,1432.61
879,667,1090.26,767.92,1266.35,1311.58
879,683,952.81,789.22,1125.67,1376.29
879,701,24.92,625.46,386.11,1433.49
879,724,2436.9,892.53,2474.5,980.27
879,736,464.64,891.92,506.17,1034.3
880,317,2002.1,871.98,2068.09,1020.84
880,493,668.8,688.47,966.22,1434.53
880,625,560.28,785.9,730.28,1434.66
880,667,1081.64,768.74,1260.43,1316.08
880,683,943.73,787.81,1117.86,1377.13
880,701,3.47,623.86,365.77,1433.13
880,724,2437.25,892.35,2474.65,980.51
880,736,463.06,894.21,504.49,1035.09
881,317,2002.53,873.78,2067.64,1020.76
881,493,649.87,689.83,950.55,1433.04
881,625,546.53,784.44,717.68,1435.65
881,667,1074.1,769.71,1254.2,1317.33
881,683,933.33,788.7,1108.73,1380.86
881,701,0.0,624.16,351.47,1433.55
881,724,2438.5,884.98,2479.21,981.18
881,736,459.6,894.01,502.07,1036.92
882,317,2001.94,874.71,2066.84,1021.57
882,493,622.3,690.31,924.76,1435.33
882,625,531.45,787.24,702.52,1436.51
882,667,1067.55,771.28,1248.74,1318.66
882,683,923.97,789.31,1101.32,1387.16
882,701,0.0,621.15,338.91,1432.32
882,724,2437.81,885.28,2478.12,981.45
882,736,459.98,893.9,502.38,1035.37
882,739,849.39,807.69,969.59,1418.65
883,317,2001.66,876.45,2065.84,1021.8
883,493,606.06,692.49,907.98,1435.1
883,625,518.04,787.54,688.81,1433.8
883,667,1058.71,772.28,1241.79,1323.25
883,683,913.3,791.21,1091.86,1391.69
883,701,0.0,620.11,323.08,1431.74
883,724,2438.52,885.12,2478.78,981.47
883,736,458.81,893.39,502.74,1038.83
883,739,843.81,836.49,959.0,1422.36
884,317,2001.42,878.0,2065.25,1022.82
884,493,587.75,689.98,892.35,1434.97
884,625,494.59,790.48,661.74,1433.55
884,667,1052.93,771.5,1237.89,1326.79
884,683,899.82,789.67,1082.41,1399.63
884,701,0.0,620.98,309.19,1431.75
884,724,2438.39,883.87,2479.24,982.62
884,736,455.08,890.91,500.28,1039.43
884,739,832.21,838.5,947.76,1426.41
885,317,2000.94,877.61,2064.99,1023.41
885,493,584.28,686.1,895.55,1433.9
885,625,483.11,789.62,651.82,1434.81
885,667,1046.57,772.4,1232.64,1329.58
885,683,888.9,788.34,1073.88,1402.26
885,701,0.0,618.38,294.47,1430.59
885,724,2438.4,888.43,2477.31,983.48
885,736,450.66,890.4,493.64,1031.4
885,739,821.12,842.34,937.58,1435.17
886,317,2000.3,878.4,2064.49,1024.36
886,493,556.53,685.28,868.61,1433.83
886,625,467.55,789.38,639.34,1435.37
886,667,1039.74,772.89,1226.41,1330.38
886,683,883.66,791.71,1068.59,1404.2
886,701,0.0,619.06,278.88,1430.4
886,724,2437.94,892.94,2474.58,983.82
886,739,803.48,802.7,927.35,1433.82
887,317,2000.13,878.64,2064.26,1024.08
887,493,538.56,687.74,851.19,1433.94
887,625,448.32,798.74,614.92,1435.09
887,667,1033.84,772.96,1221.59,1332.57
887,683,876.59,792.2,1061.52,1403.27
887,701,0.0,618.78,264.52,1430.59
887,724,2438.25,893.16,2474.68,984.02
887,739,791.87,781.99,918.87,1430.43
888,317,1999.68,878.45,2063.22,1021.96
888,493,531.78,684.08,846.86,1435.17
888,625,438.93,796.58,605.93,1436.41
888,667,1028.82,772.53,1217.92,1334.99
888,683,870.22,790.52,1055.82,1403.63
888,701,0.0,616.14,248.65,1431.46
888,724,2438.24,895.27,2473.65,984.17
888,739,783.88,776.97,911.15,1430.13
889,317,1999.43,878.56,2062.02,1019.02
889,493,508.63,680.18,826.38,1432.87
889,625,420.62,815.04,581.11,1437.0
889,667,1022.91,771.7,1213.03,1336.55
889,683,860.85,790.35,1048.33,1409.38
889,701,0.0,612.56,231.25,1430.32
889,724,2437.62,896.94,2471.98,984.33
889,739,777.22,790.86,902.12,1434.28
890,317,1999.12,878.18,2062.72,1020.46
890,493,493.02,671.32,814.26,1432.87
890,625,403.68,819.09,561.18,1437.86
890,667,1015.58,769.97,1208.79,1343.1
890,683,853.44,789.03,1042.29,1412.27
890,701,0.0,606.79,216.59,1430.21
890,724,2438.35,897.88,2471.96,984.01
890,739,769.63,812.72,890.34,1434.38
891,317,1999.03,877.91,2062.58,1019.4
891,493,476.58,670.4,798.7,1432.59
891,625,389.8,819.67,544.61,1437.3
891,667,1009.8,768.86,1204.39,1347.72
891,683,843.7,786.56,1034.16,1413.94
891,701,0.0,602.06,202.66,1432.4
891,739,758.93,813.9,879.14,1431.03
892,317,1998.33,877.11,2063.2,1021.15
892,493,457.68,667.57,781.69,1431.9
892,625,375.06,822.89,526.52,1436.94
892,667,1006.99,766.87,1200.71,1345.18
892,683,835.37,784.68,1027.48,1417.46
892,701,0.0,598.61,184.15,1431.9
892,739,724.78,763.59,857.95,1432.13
893,317,1998.08,876.66,2063.57,1021.82
893,493,436.24,662.22,763.24,1430.05
893,625,360.6,819.63,510.04,1435.8
893,667,1003.01,764.35,1196.45,1344.86
893,683,827.09,780.92,1020.24,1415.28
893,701,0.0,597.12,166.79,1435.13
893,739,701.69,745.36,842.73,1433.54
894,317,1997.88,875.8,2063.65,1021.49
894,493,418.98,658.0,750.42,1432.37
894,625,346.27,814.79,494.04,1436.81
894,667,997.49,760.74,1190.84,1345.38
894,683,819.2,776.14,1015.12,1418.89
894,739,681.69,738.31,829.51,1435.45
894,741,3.74,613.8,64.87,1379.6
895,317,1997.75,874.42,2063.97,1021.24
895,493,400.26,655.08,734.68,1431.73
895,625,330.45,807.79,477.4,1436.87
895,667,992.82,759.56,1185.73,1346.42
895,683,812.06,776.12,1008.84,1420.44
895,739,661.72,734.9,816.21,1436.93
896,317,1997.8,873.9,2064.14,1021.21
896,493,392.97,651.24,729.59,1433.14
896,625,315.16,799.81,461.57,1436.85
896,667,988.11,756.74,1181.39,1346.13
896,683,803.46,775.17,1002.13,1423.53
896,739,645.85,731.58,806.68,1435.38
897,317,1997.72,874.18,2063.13,1019.54
897,493,368.66,647.82,708.35,1430.21
897,625,299.94,804.48,443.33,1436.14
897,667,981.82,755.15,1175.76,1349.32
897,683,791.86,773.61,993.92,1430.25
897,739,630.29,727.49,797.64,1434.76
898,317,1997.18,875.64,2063.1,1022.19
898,493,359.09,647.36,700.62,1431.47
898,625,282.52,805.93,423.54,1437.42
898,667,974.43,753.93,1169.6,1353.56
898,683,781.31,773.25,985.08,1432.63
898,739,613.79,726.33,787.26,1433.93
899,317,1997.02,876.66,2062.22,1021.49
899,493,328.64,643.01,674.9,1427.55
899,625,266.08,805.31,404.17,1434.69
899,667,967.58,752.02,1163.98,1358.12
899,683,772.97,772.55,977.8,1434.26
899,739,597.57,729.65,776.77,1435.03
899,745,2445.48,864.21,2500.98,986.03
900,317,1997.31,876.88,2063.16,1023.29
900,493,307.37,641.03,659.14,1428.24
900,625,249.18,806.59,384.41,1433.05
900,667,960.78,751.67,1157.51,1361.23
900,683,765.4,770.3,971.21,1433.34
900,739,582.83,729.87,768.11,1435.5
900,745,2445.85,864.85,2500.92,985.9
901,317,1997.52,877.24,2063.63,1024.36
901,493,287.73,639.0,644.43,1429.73
901,625,232.24,806.52,365.28,1434.65
901,667,953.96,751.76,1152.92,1371.44
901,683,759.91,770.92,965.56,1432.34
901,739,567.43,728.02,759.24,1434.92
901,745,2447.91,870.54,2500.18,985.55
902,317,1997.35,877.53,2063.52,1024.98
902,493,259.07,637.81,622.22,1431.21
902,625,214.93,804.64,346.07,1435.87
902,667,947.12,750.66,1145.74,1372.31
902,683,751.11,770.04,958.17,1435.02
902,739,551.4,729.4,748.77,1434.69
902,745,2448.83,879.46,2497.1,985.87
903,317,1997.23,878.77,2063.01,1025.23
903,493,235.4,635.89,604.71,1431.48
903,625,196.45,802.49,325.96,1437.87
903,667,940.78,749.67,1139.68,1374.76
903,683,742.15,770.54,949.77,1436.34
903,739,536.5,731.13,739.12,1434.1
903,745,2447.78,884.93,2494.03,987.34
904,317,1996.82,879.43,2062.25,1025.25
904,493,215.44,633.99,588.93,1429.02
904,625,180.24,812.82,306.45,1437.25
904,667,932.09,749.49,1131.39,1378.08
904,683,733.18,769.91,942.22,1437.78
904,739,519.46,729.57,728.79,1434.11
904,745,2448.11,891.98,2490.62,986.6
905,317,1996.93,879.65,2061.92,1024.56
905,493,191.74,632.78,571.29,1430.5
905,667,924.79,749.57,1124.42,1381.4
905,683,724.08,771.27,933.27,1436.9
905,739,503.15,728.77,718.78,1435.37
905,745,2449.29,893.8,2490.73,986.36
906,317,1996.55,879.65,2061.16,1024.13
906,493,178.56,629.62,563.17,1431.14
906,667,918.88,748.53,1119.4,1383.51
906,683,712.61,768.24,922.83,1434.26
906,739,487.88,726.3,710.06,1436.14
906,745,2449.41,890.85,2491.91,986.35
907,317,1996.29,879.46,2060.56,1023.79
907,493,158.83,624.95,548.15,1430.59
907,667,909.3,747.41,1110.02,1386.08
907,683,702.6,763.09,915.21,1435.49
907,739,474.08,726.3,701.21,1436.29
907,745,2449.36,887.42,2493.24,986.55
907,625,134.3,744.86,277.31,1434.67
908,317,1995.8,879.04,2059.81,1023.35
908,493,133.14,619.77,530.73,1432.3
908,667,899.91,745.83,1101.01,1387.79
908,683,691.93,761.01,905.92,1436.66
908,739,459.07,725.09,691.31,1436.35
908,745,2449.4,885.46,2493.92,986.59
908,625,118.8,743.94,265.31,1432.42
909,317,1995.41,879.15,2059.11,1022.96
909,493,105.63,614.5,509.76,1430.71
909,667,891.75,743.63,1093.44,1390.37
909,683,681.1,758.81,897.1,1437.19
909,739,444.16,721.76,681.25,1435.69
909,745,2450.37,878.91,2498.31,987.65
909,625,96.33,762.04,243.36,1428.82
910,317,1993.99,878.27,2057.92,1023.29
910,493,74.6,608.67,486.2,1431.15
910,667,885.28,741.76,1087.98,1391.42
910,683,669.93,757.55,887.4,1437.31
910,739,428.03,719.35,669.46,1434.03
910,745,2450.73,875.75,2500.3,988.12
911,317,1993.41,877.24,2056.9,1021.66
911,493,47.28,602.21,466.64,1431.26
911,667,877.08,739.54,1081.8,1394.29
911,683,656.88,755.46,875.75,1435.37
911,739,412.42,717.2,658.09,1435.3
911,745,2450.77,872.85,2501.66,988.24
912,317,1992.35,875.82,2055.87,1021.1
912,493,22.21,598.43,447.36,1430.3
912,667,865.48,738.03,1070.31,1394.39
912,683,643.63,754.54,864.31,1436.39
912,739,393.88,713.51,644.34,1435.47
912,745,2450.95,871.82,2501.91,987.6
913,317,1991.0,875.42,2054.26,1021.02
913,493,6.7,591.32,437.02,1429.47
913,667,853.47,736.2,1059.77,1398.33
913,683,629.83,751.73,852.85,1437.33
913,739,375.91,708.1,631.14,1435.24
913,745,2451.4,874.86,2500.68,987.11
914,317,1988.53,873.97,2052.08,1020.92
914,493,0.0,587.79,425.02,1430.89
914,667,842.96,733.68,1050.28,1399.06
914,683,614.76,751.13,840.02,1438.15
914,739,357.88,707.8,616.42,1434.71
914,745,2451.3,872.55,2501.36,987.03
915,317,1986.37,872.65,2050.27,1021.71
915,493,0.0,583.03,413.49,1430.61
915,667,834.27,732.29,1042.89,1400.21
915,683,600.26,750.06,827.22,1437.99
915,739,339.37,706.77,602.21,1434.76
915,745,2450.68,869.57,2501.72,987.06
916,317,1985.29,873.24,2048.75,1022.82
916,493,0.0,578.93,396.3,1431.13
916,667,823.11,731.59,1033.53,1402.41
916,683,585.61,749.01,813.62,1435.48
916,739,313.25,705.15,579.82,1434.08
916,745,2451.13,881.64,2496.46,986.46
917,317,1983.02,874.27,2045.93,1023.45
917,493,0.0,575.75,381.36,1431.18
917,667,813.38,730.39,1026.45,1404.58
917,683,571.88,748.5,801.7,1435.54
917,739,286.81,703.86,559.89,1434.37
917,745,2451.41,878.45,2498.24,987.1
918,317,1982.69,874.67,2044.94,1023.21
918,493,0.0,574.17,366.45,1428.93
918,667,801.14,730.63,1016.36,1408.52
918,683,555.46,749.71,786.96,1436.32
918,739,270.28,702.83,548.22,1432.56
918,745,2451.57,877.49,2498.63,987.04
919,317,1981.47,874.74,2043.11,1023.31
919,493,0.0,572.94,350.46,1428.36
919,667,788.49,731.01,1004.87,1410.26
919,683,541.91,749.8,775.5,1436.66
919,739,253.41,704.79,535.72,1431.97
919,745,2451.31,888.56,2493.31,986.69
920,317,1980.75,874.64,2042.47,1023.87
920,493,0.0,571.17,334.17,1429.64
920,667,779.71,730.23,1000.13,1418.26
920,683,528.0,750.77,762.62,1434.86
920,739,235.84,706.61,523.16,1433.36
920,745,2451.09,895.46,2490.1,986.78
921,317,1980.6,875.43,2042.36,1025.19
921,493,0.0,569.95,318.72,1432.15
921,667,763.83,729.81,985.2,1422.84
921,683,514.98,751.67,751.0,1434.66
921,739,214.93,706.44,506.09,1433.51
921,745,2451.22,898.92,2488.76,986.88
921,749,145.29,673.79,365.85,1430.54
922,317,1978.44,875.75,2039.45,1025.43
922,493,0.0,568.01,294.2,1435.0
922,667,751.05,729.84,972.89,1423.99
922,683,502.35,751.9,740.4,1434.17
922,739,195.41,707.51,489.73,1432.08
922,745,2451.24,899.74,2488.31,986.81
922,749,111.49,674.85,332.06,1434.94
922,750,757.14,731.68,970.52,1081.55
923,317,1977.11,876.07,2037.92,1026.1
923,493,0.0,566.06,277.27,1436.89
923,667,742.91,735.08,962.0,1419.64
923,683,488.14,752.52,727.73,1434.04
923,739,168.19,705.89,469.82,1432.14
923,745,2451.92,899.14,2489.28,987.14
923,749,94.62,669.37,315.37,1432.48
923,750,747.91,731.68,959.72,1078.83
923,751,943.19,983.07,1019.24,1080.42
924,317,1976.37,876.65,2036.58,1026.18
924,493,0.0,561.6,254.42,1427.14
924,683,473.83,752.25,715.87,1434.87
924,739,148.34,695.64,461.34,1432.71
924,745,2452.92,899.19,2490.19,987.32
924,749,75.65,670.56,294.84,1433.3
924,750,739.51,731.4,951.34,1077.85
924,751,937.43,983.73,1013.73,1081.3
925,317,1975.67,877.28,2035.34,1026.13
925,493,0.0,558.24,223.54,1335.84
925,683,459.96,749.12,705.08,1435.54
925,739,130.37,697.37,444.0,1431.97
925,745,2454.03,899.16,2491.03,987.12
925,749,66.93,669.26,286.33,1434.01
925,750,725.85,730.68,940.54,1081.28
925,751,927.89,983.95,1007.04,1084.61
926,317,1974.62,878.11,2033.89,1026.12
926,493,0.0,552.81,208.41,1349.07
926,683,446.4,746.23,694.09,1435.02
926,739,97.45,676.5,422.89,1429.91
926,745,2454.64,899.15,2491.74,987.75
926,749,37.42,690.16,248.21,1434.59
926,750,716.32,730.1,932.38,1081.89
926,751,919.62,982.68,1001.64,1086.89
927,317,1974.07,878.24,2033.16,1026.11
927,683,432.69,744.35,683.01,1434.32
927,739,76.51,666.69,408.9,1429.09
927,745,2455.01,899.11,2492.09,988.05
927,749,14.46,735.49,209.2,1434.92
927,750,705.52,727.57,923.52,1081.83
927,751,911.49,981.49,994.83,1087.36
928,317,1971.96,878.03,2031.6,1026.23
928,683,417.47,741.48,670.75,1433.49
928,739,55.82,658.83,393.6,1429.82
928,745,2456.23,903.93,2491.25,987.79
928,749,0.0,760.43,179.41,1434.13
928,750,695.28,724.55,915.14,1080.27
928,751,891.06,981.88,976.5,1088.31
929,317,1970.97,877.04,2031.35,1025.84
929,683,401.83,736.95,658.98,1435.12
929,739,28.41,656.54,370.52,1429.02
929,749,0.0,764.66,156.12,1432.39
929,750,684.0,720.3,906.93,1079.74
929,751,885.27,981.74,969.68,1085.82
929,755,364.42,890.8,413.81,1040.51
930,317,1969.68,875.39,2031.27,1025.62
930,683,386.43,732.57,647.11,1434.48
930,739,9.12,650.75,356.17,1430.74
930,749,0.0,718.08,151.74,1426.23
930,750,673.45,715.66,899.41,1078.55
930,751,879.73,983.12,961.93,1083.62
931,317,1968.03,872.86,2031.3,1025.6
931,683,368.66,728.23,632.46,1433.4
931,739,0.0,653.06,342.55,1429.65
931,750,661.64,712.09,890.58,1077.89
931,751,870.28,978.96,954.87,1082.19
932,317,1966.2,872.63,2030.35,1025.45
932,683,350.89,725.27,618.27,1433.56
932,739,0.0,655.63,331.13,1430.96
932,750,649.71,709.2,880.48,1076.15
932,751,859.37,976.8,945.87,1081.94
933,317,1964.96,870.78,2030.35,1025.11
933,683,334.42,722.32,605.54,1435.68
933,739,0.0,653.86,320.2,1431.81
933,750,637.13,706.65,870.96,1076.89
933,751,849.38,975.97,937.2,1082.51
934,317,1964.63,872.45,2029.94,1024.64
934,683,316.3,720.05,590.6,1435.76
934,739,0.0,638.71,311.12,1431.32
934,750,623.48,704.95,861.08,1079.8
934,751,830.51,976.44,921.34,1084.99
935,317,1962.94,872.7,2028.99,1024.51
935,683,299.72,718.51,576.9,1435.32
935,739,0.0,630.95,298.79,1430.57
935,750,610.25,703.09,851.62,1082.8
935,751,812.38,976.15,906.39,1086.72
936,317,1961.18,871.93,2027.84,1023.9
936,683,281.94,717.16,562.26,1434.82
936,739,0.0,625.45,284.76,1431.33
936,750,597.36,702.07,842.39,1085.85
936,751,798.31,977.89,894.69,1090.62
937,317,1959.48,872.6,2026.88,1024.64
937,683,263.67,717.6,547.44,1436.24
937,739,0.0,627.48,269.49,1436.39
937,750,581.97,701.33,830.86,1090.96
937,751,786.03,982.98,882.44,1094.81
938,317,1957.16,871.97,2025.76,1025.47
938,683,244.97,716.64,531.97,1436.26
938,739,0.0,625.16,252.81,1432.87
938,750,568.03,701.04,820.02,1095.11
939,317,1955.33,871.87,2023.94,1024.54
939,683,226.14,717.77,515.58,1436.26
939,739,0.0,625.61,235.88,1432.5
939,750,554.19,700.83,809.11,1099.72
940,317,1953.3,872.1,2022.58,1025.46
940,683,207.43,718.32,499.3,1435.5
940,739,0.0,629.09,217.62,1432.53
940,750,542.85,700.88,800.29,1103.12
941,317,1951.52,872.66,2021.17,1026.0
941,683,190.39,716.14,485.79,1433.86
941,739,0.0,632.12,198.2,1430.83
941,750,528.76,700.01,789.99,1106.23
942,317,1949.97,872.66,2019.91,1025.99
942,683,170.32,714.58,469.81,1434.16
942,739,0.0,645.92,176.08,1430.56
942,750,516.01,698.46,780.99,1109.22
942,761,987.24,1078.0,1110.39,1175.61
943,317,1948.39,873.24,2017.89,1025.46
943,683,149.37,712.75,454.02,1436.21
943,739,0.0,661.78,154.06,1427.62
943,750,501.05,697.54,768.9,1111.83
943,761,972.63,1078.45,1110.03,1187.55
944,317,1945.67,873.3,2015.74,1025.65
944,683,128.78,710.27,437.74,1435.92
944,750,488.18,695.87,759.14,1113.54
944,761,964.9,1079.18,1104.38,1190.07
944,764,915.36,1087.5,973.88,1156.03
945,317,1942.29,874.48,2012.79,1025.83
945,683,108.21,706.81,421.13,1432.83
945,750,474.17,693.51,746.94,1112.84
945,761,962.31,1080.11,1103.99,1192.68
945,764,907.37,1087.34,968.2,1158.58
946,317,1939.64,874.38,2010.87,1025.34
946,683,83.67,703.01,402.53,1434.55
946,750,457.72,690.04,733.07,1112.69
946,761,955.74,1079.71,1099.58,1193.5
946,764,897.73,1087.79,960.26,1161.05
947,317,1936.83,873.36,2009.22,1025.33
947,683,58.84,698.16,382.61,1433.06
947,750,441.94,686.19,719.45,1111.11
947,761,928.84,1076.59,1102.36,1215.64
947,764,889.92,1087.32,950.9,1158.85
948,317,1935.83,873.22,2008.8,1025.28
948,683,35.67,693.03,365.8,1434.8
948,750,423.23,683.33,703.71,1112.07
948,761,918.62,1077.6,1087.15,1214.24
948,764,882.26,1087.07,944.68,1160.6
949,317,1934.32,873.5,2007.41,1024.68
949,683,15.86,687.73,350.6,1433.15
949,750,406.76,680.13,690.08,1112.27
949,761,905.28,1077.2,1076.37,1217.85
949,764,870.55,1086.6,935.98,1163.65
949,770,780.26,981.84,846.95,1128.93
949,771,319.55,888.2,380.62,1018.08
950,317,1932.84,871.57,2007.36,1024.88
950,683,4.31,684.59,335.9,1419.21
950,750,387.6,676.66,676.11,1115.53
950,761,893.55,1077.85,1067.19,1222.87
950,764,857.81,1086.18,926.76,1167.26
950,770,765.48,982.35,834.51,1133.97
950,771,318.36,888.58,379.76,1019.35
951,317,1932.08,871.0,2007.07,1024.42
951,683,0.0,682.75,318.68,1395.7
951,750,368.74,673.59,661.41,1118.29
951,761,885.17,1078.8,1056.3,1223.85
951,764,847.24,1087.15,918.85,1171.49
951,770,747.25,983.73,818.03,1137.26
951,771,314.89,889.25,376.65,1021.28
952,317,1930.93,871.98,2005.92,1024.3
952,683,0.0,681.98,310.25,1408.04
952,750,345.86,672.36,641.05,1121.25
952,761,877.83,1081.7,1045.16,1225.48
952,764,833.68,1089.66,909.3,1178.49
952,770,722.18,984.87,814.01,1183.15
952,771,307.41,889.67,375.1,1035.96
952,773,2445.87,869.63,2497.23,988.74
953,317,1929.41,872.36,2004.96,1024.51
953,683,0.0,680.68,292.49,1394.01
953,750,323.79,672.14,622.06,1126.03
953,761,868.72,1083.57,1035.76,1228.88
953,764,823.7,1092.07,900.01,1181.21
953,770,709.1,986.32,798.06,1174.16
953,773,2445.64,870.51,2496.78,989.0
954,317,1928.96,872.78,2005.07,1024.92
954,683,5.28,681.01,240.98,1196.98
954,750,303.44,672.37,604.92,1132.34
954,761,860.67,1087.14,1027.11,1233.75
954,764,812.43,1094.79,891.52,1186.44
954,770,690.01,986.77,784.29,1181.33
954,773,2445.66,870.83,2496.67,988.79
955,317,1928.74,873.55,2005.44,1025.64
955,683,10.85,682.65,217.31,1126.95
955,750,283.91,672.43,588.94,1140.32
955,761,849.61,1087.79,1020.08,1240.03
955,764,801.18,1096.01,884.8,1192.08
955,770,673.53,988.51,771.46,1184.15
955,773,2445.61,870.91,2496.64,988.73
956,317,1928.31,874.79,2005.53,1026.74
956,683,2.89,679.62,204.33,1112.09
956,750,265.72,671.31,574.53,1147.61
956,761,840.17,1089.56,1012.96,1245.94
956,764,791.88,1098.84,879.56,1198.9
956,770,657.99,990.35,760.41,1187.61
956,773,2444.04,880.2,2490.89,988.57
957,317,1927.2,876.04,2004.33,1026.9
957,683,0.0,679.72,188.62,1092.12
957,750,246.22,669.54,558.73,1154.25
957,761,826.53,1090.05,1005.55,1254.18
957,764,781.89,1100.27,870.38,1199.7
957,770,638.42,992.0,749.58,1198.9
957,773,2444.03,884.11,2488.98,988.34
958,317,1926.01,876.58,2003.31,1026.93
958,683,0.0,680.58,178.7,1099.84
958,750,229.19,668.86,544.96,1160.95
958,761,818.74,1092.72,999.63,1260.56
958,764,770.24,1101.95,865.85,1208.91
958,770,618.51,992.83,739.63,1210.4
958,773,2445.31,885.38,2489.42,987.83
959,317,1925.29,876.83,2002.96,1027.26
959,683,0.0,679.2,173.89,1136.19
959,750,211.98,667.8,530.94,1167.14
959,761,791.39,1094.39,1023.58,1315.39
959,764,762.64,1103.36,859.34,1210.66
959,770,570.05,994.98,763.12,1347.27
959,773,2446.25,885.4,2490.14,987.78
960,317,1924.82,877.0,2002.9,1027.7
960,683,0.0,679.28,157.34,1123.02
960,750,195.86,666.94,518.59,1173.71
960,761,786.63,1096.37,1020.92,1322.84
960,764,754.11,1103.92,852.72,1212.17
960,770,545.52,996.87,763.93,1400.73
960,773,2445.88,869.93,2496.5,989.14
960,775,570.69,996.81,752.02,1209.22
961,317,1924.64,876.75,2003.23,1028.09
961,683,0.0,678.12,143.4,1121.81
961,750,180.24,665.17,506.37,1179.61
961,761,780.44,1095.21,1023.47,1334.93
961,764,748.0,1104.83,846.44,1211.79
961,770,531.45,996.51,759.88,1423.79
961,773,2446.83,863.45,2500.1,989.55
961,775,564.07,996.26,745.82,1208.99
962,317,1925.06,876.26,2003.95,1028.18
962,750,162.51,662.85,492.33,1184.96
962,761,753.31,1097.62,1007.16,1354.79
962,764,737.65,1105.42,842.71,1219.56
962,770,522.49,996.24,753.41,1433.6
962,773,2447.31,863.33,2500.59,989.87
963,317,1925.73,876.56,2004.48,1028.13
963,750,143.37,658.36,477.63,1189.25
963,761,741.93,1098.36,996.78,1362.25
963,764,731.4,1105.07,836.98,1219.38
963,770,512.25,995.14,743.86,1439.43
963,773,2447.51,874.03,2495.89,989.83
963,777,716.28,1104.16,839.64,1375.46
964,317,1925.52,874.96,2004.96,1027.59
964,750,124.66,652.13,463.32,1190.94
964,761,724.19,1097.8,979.14,1366.32
964,764,723.13,1104.31,827.83,1216.29
964,770,506.78,995.3,734.77,1436.92
964,773,2448.91,881.65,2493.57,989.08
964,777,706.93,1102.06,832.13,1377.2
965,317,1925.15,874.05,2005.0,1027.21
965,750,104.94,646.95,446.74,1191.0
965,761,721.8,1098.52,969.41,1364.06
965,764,712.92,1103.48,823.04,1220.93
965,770,498.23,993.38,726.51,1439.64
965,777,697.83,1100.28,823.15,1375.04
966,317,1925.15,873.2,2005.14,1026.33
966,750,85.38,640.6,430.64,1190.34
966,761,732.3,1097.4,959.15,1345.36
966,764,705.6,1103.58,814.63,1218.65
966,770,491.41,991.7,715.72,1433.67
966,777,690.11,1100.9,815.27,1374.51
967,317,1926.0,870.87,2006.67,1025.15
967,750,64.59,633.91,414.7,1191.62
967,761,732.47,1096.32,950.37,1339.16
967,764,697.64,1102.57,809.63,1220.29
967,770,477.78,988.41,704.86,1437.04
967,777,684.21,1100.12,810.67,1375.53
