frame,track_id,x1,y1,x2,y2
1,1,1695.07,389.01,1857.13,729.46
1,2,0.11,349.04,111.73,903.01
1,3,249.04,456.05,354.03,705.51
1,4,1283.78,463.22,1363.37,661.0
1,5,1252.88,537.56,1310.27,661.97
1,6,116.82,504.52,192.67,745.46
1,7,1883.8,392.09,1919.39,574.96
2,1,0.14,338.65,116.22,902.74
2,2,1688.91,389.11,1866.24,729.72
2,3,258.71,457.58,355.72,707.58
2,4,1289.58,461.08,1354.76,656.22
2,5,111.75,496.09,196.83,745.87
2,6,1256.11,538.48,1315.22,659.63
2,7,1880.3,391.49,1919.42,575.77
3,1,0.18,300.54,125.89,903.17
3,2,270.16,458.47,352.29,700.54
3,3,1689.51,390.8,1866.94,729.92
3,4,1287.02,464.11,1362.62,660.59
3,5,1879.53,390.16,1919.44,577.56
3,6,114.9,498.63,194.02,745.61
3,7,1257.64,536.52,1314.75,660.3
3,8,1688.66,389.69,1815.12,727.04
3,9,1269.08,461.82,1352.05,659.69
4,1,0.16,281.48,130.08,903.21
4,2,259.38,456.85,358.84,710.34
4,3,1689.09,386.28,1815.43,729.67
4,4,1296.49,464.28,1356.75,657.13
4,5,108.42,498.2,198.11,744.91
4,6,1878.23,385.32,1919.5,570.31
4,7,1685.48,390.35,1869.11,732.64
4,8,1338.75,497.25,1378.2,629.14
5,1,0.16,250.32,139.05,904.04
5,2,1686.94,387.37,1854.26,732.43
5,3,255.43,455.36,359.84,712.57
5,4,1297.89,464.51,1361.83,656.9
5,5,1878.39,374.85,1919.46,579.38
5,6,1338.96,484.72,1380.82,639.54
5,7,117.14,505.59,193.58,745.67
6,1,0.2,246.28,147.64,903.56
6,2,1686.78,388.86,1855.98,734.47
6,3,260.0,454.32,361.56,708.24
6,4,1877.73,366.41,1919.47,580.64
6,5,1289.51,460.58,1352.7,659.07
6,6,1338.04,484.76,1381.96,641.78
6,7,1297.48,463.88,1366.48,656.3
6,8,114.52,507.46,195.35,745.66
6,9,1327.15,465.72,1379.66,648.27
6,10,1271.4,543.89,1314.75,657.47
7,1,0.16,234.97,149.37,903.35
7,2,1685.94,389.14,1848.57,738.27
7,3,269.09,453.16,361.54,707.73
7,4,1875.13,366.56,1919.49,583.35
7,5,1328.1,467.48,1384.13,651.63
7,6,1306.44,461.94,1379.61,660.11
7,7,106.95,505.99,197.24,745.66
7,8,1274.94,543.2,1314.53,660.91
8,1,0.26,231.89,157.89,904.46
8,2,1692.22,387.35,1841.18,739.0
8,3,273.27,452.89,362.51,706.22
8,4,1330.51,467.96,1386.01,654.96
8,5,1874.32,368.95,1919.49,583.89
8,6,1306.74,460.38,1385.17,663.0
8,7,1296.53,462.52,1362.27,667.85
8,8,102.93,501.51,199.27,746.23
8,9,1277.72,491.53,1319.49,663.66
8,10,1290.15,465.17,1346.52,663.31
9,1,0.29,229.29,169.31,903.36
9,2,1690.52,392.75,1849.97,739.75
9,3,288.3,454.23,361.96,702.89
9,4,1324.03,465.54,1387.33,654.38
9,5,1871.25,366.2,1919.49,588.72
9,6,1303.57,462.72,1381.44,665.16
9,7,103.05,499.62,193.06,746.71
9,8,1279.91,501.05,1321.0,661.22
9,9,1341.77,482.99,1386.68,637.12
10,1,0.22,232.1,172.74,904.11
10,2,1687.61,392.78,1846.81,740.41
10,3,1323.34,466.42,1389.06,657.08
10,4,294.93,454.02,362.12,700.98
10,5,1868.83,366.41,1919.51,593.93
10,6,1884.08,373.19,1919.31,591.79
10,7,1343.29,488.72,1388.23,647.95
10,8,111.85,477.28,192.23,747.71
10,9,1303.48,463.25,1363.32,665.34
10,10,1284.19,497.62,1324.53,662.41
11,1,0.22,234.0,177.81,904.37
11,2,1687.06,391.78,1839.1,739.97
11,3,1338.21,473.14,1390.01,659.52
11,4,1863.76,363.03,1919.44,600.26
11,5,1320.18,465.0,1392.14,660.27
11,6,295.92,454.72,359.48,698.48
11,7,1883.33,370.14,1919.27,603.94
11,8,1286.12,463.66,1333.68,663.29
11,9,1294.91,462.9,1367.96,663.5
11,10,1347.57,491.52,1389.25,640.77
11,11,1287.48,467.19,1351.72,665.86
11,12,102.93,499.73,187.19,747.15
11,13,296.97,458.78,353.44,575.7
12,1,0.22,233.91,183.29,904.63
12,2,1685.66,390.82,1831.25,742.19
12,3,1862.73,362.1,1919.43,613.74
12,4,1331.84,466.46,1391.1,661.69
12,5,1311.23,463.53,1395.18,663.1
12,6,297.29,453.19,365.86,700.7
12,7,1286.71,463.44,1334.71,664.15
12,8,1300.46,461.78,1365.63,666.93
12,9,1884.65,367.69,1919.27,608.75
12,10,1347.19,490.8,1390.54,624.28
12,11,545.43,396.87,620.27,561.86
12,12,105.7,489.84,187.76,747.01
13,1,0.15,235.55,188.13,914.01
13,2,1683.72,386.35,1832.38,741.92
13,3,1861.46,360.36,1919.43,632.54
13,4,1317.68,463.06,1395.98,664.69
13,5,296.56,452.33,365.97,701.63
13,6,1290.65,462.06,1380.07,664.12
13,7,1337.72,466.71,1392.28,663.1
13,8,100.78,490.98,190.29,746.79
13,9,1289.14,467.55,1335.88,663.21
13,10,1350.52,490.93,1392.44,632.21
13,11,1879.54,362.73,1919.21,620.35
14,1,0.16,235.42,189.77,922.87
14,2,1682.04,384.74,1834.67,741.97
14,3,1861.58,359.17,1919.48,642.6
14,4,1324.67,464.89,1397.09,664.64
14,5,1349.52,490.3,1393.64,655.77
14,6,305.12,456.69,372.16,701.19
14,7,1293.02,463.99,1352.39,662.01
14,8,1289.9,543.02,1332.69,659.96
14,9,114.83,492.2,191.71,744.83
14,10,1310.45,463.54,1371.4,663.66
14,11,1803.48,439.77,1859.87,616.75
15,1,0.08,234.37,195.47,922.42
15,2,1680.31,383.77,1834.51,739.94
15,3,1860.87,359.46,1919.48,667.78
15,4,1321.28,462.48,1399.37,665.49
15,5,1343.59,478.02,1397.66,662.67
15,6,1290.22,542.65,1332.92,660.41
15,7,306.65,457.88,378.0,702.25
15,8,1809.28,440.4,1863.45,619.95
15,9,1319.77,463.99,1366.49,665.36
15,10,111.15,485.99,192.78,745.54
15,11,1878.87,357.03,1919.41,672.77
16,1,0.06,235.64,198.44,918.06
16,2,1680.18,381.62,1825.65,739.82
16,3,1858.92,358.1,1919.45,670.77
16,4,1811.57,440.84,1864.8,620.84
16,5,1322.28,468.73,1398.94,665.04
16,6,1319.1,464.76,1374.09,664.96
16,7,307.39,456.4,382.21,702.11
16,8,1352.06,481.44,1399.2,652.8
16,9,1297.03,463.8,1367.3,662.75
16,10,1878.55,358.82,1919.42,670.13
16,11,1290.81,540.9,1332.22,662.47
16,12,109.78,522.23,191.43,745.21
17,1,0.12,236.53,205.5,915.66
17,2,1675.19,379.25,1817.58,741.9
17,3,1857.14,350.65,1919.47,675.76
17,4,1319.68,464.29,1372.76,663.83
17,5,1318.81,461.24,1400.55,664.6
17,6,308.08,455.64,387.85,701.65
17,7,1813.07,444.05,1864.41,620.37
17,8,1351.71,475.2,1400.39,653.2
17,9,1292.72,542.9,1334.81,660.48
17,10,1299.18,464.8,1356.89,661.38
18,1,0.1,235.35,214.23,907.39
18,2,1668.21,376.63,1814.78,744.13
18,3,1858.56,339.72,1919.49,719.57
18,4,1323.91,460.26,1401.87,664.76
18,5,1293.44,539.22,1336.34,661.65
18,6,1811.74,445.24,1868.45,620.68
18,7,301.33,452.49,400.59,704.57
18,8,1347.12,475.95,1404.25,650.71
18,9,1324.84,464.41,1375.8,665.71
19,1,0.13,233.67,223.52,905.97
19,2,1664.35,377.18,1808.12,746.65
19,3,1858.66,340.87,1919.49,740.39
19,4,1810.79,443.8,1868.12,620.54
19,5,307.91,454.1,403.1,705.01
19,6,1293.9,538.63,1340.73,662.61
19,7,1324.96,461.12,1403.42,663.15
19,8,1357.36,483.13,1406.33,651.43
19,9,1324.83,464.45,1378.73,664.92
20,1,0.13,236.11,233.25,905.8
20,2,1655.29,375.56,1806.93,749.4
20,3,1860.18,345.17,1919.59,736.18
20,4,1806.99,443.63,1867.16,620.48
20,5,303.19,449.81,405.06,704.64
20,6,1326.89,462.93,1406.63,664.14
20,7,1295.69,541.16,1346.61,663.22
20,8,1319.07,464.88,1380.22,665.84
20,9,1292.31,489.07,1347.68,664.98
21,1,0.08,235.99,241.4,906.27
21,2,1656.55,377.26,1806.56,750.63
21,3,1859.81,345.39,1919.6,744.41
21,4,1327.81,463.28,1406.3,664.17
21,5,306.5,454.16,406.38,704.75
21,6,1808.51,445.64,1867.0,620.4
21,7,1296.93,543.6,1346.0,662.96
21,8,1293.14,468.32,1353.76,664.58
22,1,0.0,237.2,250.13,907.29
22,2,1649.95,379.39,1802.81,751.37
22,3,1857.14,339.81,1919.6,751.79
22,4,307.55,449.54,405.45,705.03
22,5,1331.42,462.61,1405.78,664.39
22,6,1297.66,541.03,1346.37,663.79
22,7,1808.31,444.14,1869.01,620.43
23,1,0.0,239.7,274.73,904.85
23,2,1852.21,353.14,1919.73,755.51
23,3,1645.58,383.02,1801.56,755.66
23,4,310.23,449.57,406.56,705.0
23,5,1332.73,462.58,1402.86,663.5
23,6,1301.0,541.93,1345.92,664.95
23,7,1807.88,447.41,1869.14,618.96
24,1,0.0,238.47,290.21,904.72
24,2,1842.48,333.83,1919.66,756.57
24,3,1642.05,384.93,1789.72,757.5
24,4,310.58,452.38,406.48,704.82
24,5,1332.75,462.67,1407.41,665.43
24,6,1807.01,450.03,1866.56,619.43
24,7,1301.72,542.22,1346.04,664.64
24,8,1702.38,388.2,1802.36,757.13
25,1,0.0,237.26,322.13,904.01
25,2,1829.85,337.06,1919.38,764.01
25,3,307.7,457.6,409.33,705.04
25,4,1637.35,386.19,1776.51,763.96
25,5,1333.51,462.5,1408.34,666.5
25,6,1304.86,540.29,1349.31,667.91
26,1,0.14,237.12,330.98,902.95
26,2,1635.94,386.34,1770.05,763.13
26,3,1829.29,339.86,1919.36,765.06
26,4,312.96,455.42,412.38,704.99
26,5,1333.11,462.12,1406.46,666.93
26,6,1305.97,540.48,1348.79,667.15
27,1,0.28,236.09,338.59,901.18
27,2,1831.09,328.41,1919.36,765.75
27,3,1630.61,386.27,1780.65,763.67
27,4,309.61,453.5,412.07,704.25
27,5,1332.8,462.76,1408.19,666.43
27,6,1307.65,544.18,1347.34,665.4
28,1,0.56,236.67,356.89,901.18
28,2,1830.88,320.03,1919.56,768.15
28,3,1631.16,380.36,1766.13,760.65
28,4,319.68,473.47,415.34,706.74
28,5,1332.9,461.8,1406.1,667.0
28,6,1307.68,540.24,1352.26,667.59
29,1,0.98,235.05,371.43,901.7
29,2,1828.0,320.13,1919.55,768.2
29,3,321.38,490.89,414.8,703.41
29,4,1628.71,374.45,1774.82,761.03
29,5,1333.88,461.76,1406.59,665.86
29,6,1307.39,539.55,1351.45,666.94
29,7,1366.99,489.82,1413.27,642.56
29,8,347.37,499.3,415.71,707.34
30,1,1.31,235.3,386.14,900.4
30,2,1822.65,309.51,1919.62,767.94
30,3,1630.56,372.28,1792.69,763.04
30,4,322.66,486.27,418.37,703.7
30,5,1345.43,470.84,1414.1,658.74
30,6,1333.96,462.18,1405.53,667.11
30,7,1308.72,539.97,1352.84,667.85
30,8,1364.32,488.25,1413.91,644.39
30,9,355.39,491.85,417.13,703.48
31,1,0.97,234.17,417.39,902.02
31,2,1819.73,308.43,1919.65,768.63
31,3,1629.32,372.56,1782.72,760.85
31,4,1347.65,471.54,1414.2,659.34
31,5,1334.18,462.24,1405.83,665.39
31,6,1310.08,539.43,1352.61,667.67
31,7,1365.84,488.21,1414.19,645.7
31,8,331.56,499.94,421.81,704.36
32,1,1.2,233.33,415.5,903.54
32,2,1816.08,312.03,1919.19,772.27
32,3,1628.73,371.83,1774.76,761.06
32,4,1330.98,467.13,1408.2,665.33
32,5,1349.6,473.89,1414.33,659.43
32,6,1309.85,539.59,1353.51,668.01
32,7,1366.58,487.81,1414.75,646.09
32,8,345.29,504.97,419.91,704.14
32,9,1377.94,484.68,1422.25,642.47
33,1,1.13,238.91,429.12,901.09
33,2,1810.79,312.86,1919.01,772.59
33,3,1626.87,371.33,1771.06,761.43
33,4,1349.68,473.6,1416.25,662.85
33,5,1311.37,539.34,1354.41,666.3
33,6,1330.51,469.11,1408.18,665.37
33,7,1365.83,485.99,1416.26,655.54
34,1,0.97,238.91,425.96,895.52
34,2,1804.5,311.52,1919.15,772.69
34,3,1626.42,371.39,1779.14,763.72
34,4,1333.64,465.46,1408.75,665.6
34,5,1348.63,471.86,1416.3,662.15
34,6,1312.61,539.01,1355.67,666.64
34,7,1367.9,485.2,1416.27,655.61
35,1,1.89,238.17,456.71,900.05
35,2,1800.39,309.21,1919.3,772.91
35,3,1626.43,371.25,1780.24,767.05
35,4,1312.65,540.31,1357.81,664.66
35,5,1345.45,472.51,1416.69,664.71
35,6,409.1,526.67,459.18,666.47
35,7,1364.1,485.64,1417.13,657.73
35,8,1337.72,467.85,1392.35,665.81
36,1,0.69,253.77,470.68,901.58
36,2,1792.26,306.49,1919.26,773.5
36,3,1625.78,372.95,1789.5,768.2
36,4,1313.01,539.5,1360.28,665.48
36,5,1333.88,463.59,1415.17,660.36
36,6,409.59,529.22,460.66,667.98
36,7,1363.36,485.14,1418.88,656.71
36,8,1338.2,466.7,1395.61,665.32
37,1,0.0,249.71,474.73,903.96
37,2,1790.34,305.9,1919.23,774.36
37,3,1625.84,372.36,1792.35,769.69
37,4,1313.87,539.07,1361.66,665.05
37,5,1334.84,465.21,1409.44,663.44
37,6,409.08,532.62,465.76,668.47
37,7,1366.81,483.3,1420.97,657.35
37,8,1349.98,471.59,1418.11,660.5
37,9,90.28,482.73,195.47,839.73
38,1,5.92,253.11,475.5,899.14
38,2,1789.36,304.53,1919.23,775.64
38,3,1626.51,372.63,1791.07,772.87
38,4,1313.85,539.87,1362.28,665.17
38,5,1370.96,485.17,1422.02,658.0
38,6,1335.98,465.35,1403.25,662.99
38,7,111.84,509.44,192.78,738.93
38,8,94.98,489.3,193.11,770.44
38,9,545.05,395.52,620.52,559.87
38,10,1346.81,474.04,1415.55,660.36
39,1,40.36,259.14,482.54,900.68
39,2,1787.94,303.35,1919.23,777.95
39,3,1625.17,372.49,1770.53,775.63
39,4,1336.28,466.27,1408.46,662.15
39,5,1315.47,538.77,1362.59,666.53
39,6,1371.94,481.88,1420.86,658.05
39,7,86.85,482.25,197.78,841.31
39,8,1663.19,379.01,1790.83,774.39
39,9,544.65,394.11,619.77,557.31
40,1,1785.76,304.78,1919.22,781.08
40,2,80.08,260.83,482.46,898.33
40,3,1624.35,371.05,1755.21,777.37
40,4,1316.09,539.72,1364.81,665.25
40,5,1336.34,466.72,1407.62,661.92
40,6,1374.02,480.78,1422.2,657.98
40,7,544.99,393.75,620.01,560.65
40,8,1360.32,467.58,1426.41,660.24
40,9,90.01,355.12,214.53,758.84
41,1,1785.54,305.53,1919.25,782.46
41,2,118.85,264.31,483.48,897.37
41,3,1625.5,373.06,1759.21,778.69
41,4,1316.75,540.07,1366.46,665.72
41,5,1337.05,466.58,1407.61,662.41
41,6,50.57,348.84,197.22,762.64
41,7,1376.69,484.64,1422.51,656.7
41,8,545.05,395.26,619.63,559.45
41,9,90.45,349.8,195.28,754.5
42,1,1785.81,306.56,1919.23,784.89
42,2,125.58,263.97,497.84,897.12
42,3,1623.01,372.91,1757.44,779.52
42,4,1337.1,466.76,1407.51,663.15
42,5,1317.76,538.4,1367.24,666.54
42,6,1377.03,484.43,1422.99,656.55
42,7,545.25,395.6,619.72,558.63
42,8,106.41,460.55,192.42,759.26
43,1,1784.87,307.97,1919.22,789.07
43,2,180.13,263.48,498.71,891.69
43,3,1616.04,371.27,1756.01,781.52
43,4,1337.66,467.09,1410.78,662.08
43,5,545.43,395.24,619.91,559.81
43,6,1318.14,537.59,1368.89,668.17
43,7,1377.83,481.46,1422.82,656.05
43,8,111.74,470.13,191.55,742.03
44,1,238.09,265.95,514.04,886.01
44,2,1783.51,308.01,1919.64,791.02
44,3,1612.14,368.11,1778.69,780.93
44,4,1338.5,466.07,1409.79,663.09
44,5,103.23,486.15,190.76,747.29
44,6,1318.0,537.78,1369.33,666.99
44,7,1379.34,484.2,1422.68,656.68
44,8,545.89,395.87,618.85,556.43
44,9,546.27,395.71,619.86,485.18
45,1,1782.02,305.53,1919.63,796.42
45,2,298.64,260.02,522.96,878.53
45,3,1611.48,362.61,1771.55,783.38
45,4,116.88,495.68,191.21,743.76
45,5,1339.42,469.7,1403.49,664.13
45,6,1380.12,484.23,1423.28,656.26
45,7,1318.14,537.38,1369.4,667.85
45,8,545.49,396.63,619.67,557.37
45,9,242.2,458.1,339.61,678.38
46,1,1783.17,303.71,1919.24,797.03
46,2,310.47,254.2,523.15,868.87
46,3,1606.17,363.83,1775.17,783.27
46,4,1340.15,466.37,1408.61,662.53
46,5,1317.92,540.48,1369.16,667.09
46,6,108.39,494.93,192.42,829.25
46,7,117.03,496.45,190.9,741.41
46,8,1380.33,484.82,1423.68,655.79
46,9,545.08,397.9,618.47,553.81
47,1,1783.14,300.91,1919.26,796.89
47,2,318.19,256.09,536.54,873.68
47,3,1596.57,362.56,1764.77,779.56
47,4,117.41,495.35,191.7,745.5
47,5,1340.38,466.21,1412.44,663.29
47,6,1318.3,540.71,1370.25,666.23
47,7,1380.57,485.74,1424.1,656.35
47,8,544.58,397.34,619.1,549.75
47,9,546.73,396.09,619.47,491.12
48,1,1782.04,298.06,1919.25,794.86
48,2,357.24,258.47,559.9,868.33
48,3,1587.14,364.65,1753.01,780.32
48,4,112.39,492.84,194.61,746.41
48,5,1341.91,468.01,1410.37,666.46
48,6,1381.34,490.0,1426.15,656.73
48,7,1318.82,538.24,1369.87,667.23
48,8,244.92,460.0,305.94,573.17
48,9,1367.77,466.62,1427.42,656.17
49,1,1782.01,295.85,1919.26,791.52
49,2,371.19,262.16,594.07,864.6
49,3,1584.29,359.81,1745.96,779.15
49,4,1342.09,467.9,1411.1,666.01
49,5,115.35,490.27,194.8,744.85
49,6,1381.48,489.51,1426.55,656.44
49,7,244.16,460.79,307.79,574.19
49,8,1318.38,538.12,1370.38,667.38
49,9,1364.76,465.79,1427.87,655.77
50,1,1781.47,292.29,1919.27,790.74
50,2,381.41,265.03,653.31,861.63
50,3,1575.84,359.9,1741.55,780.51
50,4,1318.29,540.17,1370.5,666.81
50,5,1340.73,466.22,1406.56,662.71
50,6,343.3,441.19,424.34,697.71
50,7,115.04,489.72,192.83,744.71
50,8,1381.13,489.82,1427.02,656.78
50,9,244.75,459.34,304.52,574.29
50,10,1365.68,467.72,1429.14,659.96
51,1,381.1,272.83,685.25,860.56
51,2,1781.75,287.87,1919.28,792.82
51,3,1570.72,362.24,1752.81,787.84
51,4,352.28,440.67,437.64,695.65
51,5,109.51,492.66,192.05,745.94
51,6,1341.34,465.67,1411.87,662.58
51,7,1380.87,488.4,1427.02,656.86
51,8,243.74,460.07,302.24,576.66
51,9,1318.45,538.58,1370.47,667.17
51,10,1365.52,466.43,1428.15,656.79
52,1,380.72,272.28,704.35,860.05
52,2,1781.01,287.47,1919.25,795.4
52,3,1567.1,360.79,1740.91,785.74
52,4,364.43,445.25,454.88,697.48
52,5,1340.7,466.06,1412.91,662.39
52,6,117.42,489.68,193.12,746.44
52,7,1318.9,541.29,1369.81,665.73
52,8,1380.96,483.99,1426.36,656.74
52,9,243.87,460.79,300.2,577.09
53,1,384.4,276.59,720.35,856.25
53,2,1779.49,284.42,1919.62,795.2
53,3,1568.11,362.34,1748.75,788.53
53,4,374.14,440.07,474.85,696.38
53,5,1341.91,468.89,1406.35,665.72
53,6,117.39,492.87,192.96,746.22
53,7,1379.81,484.58,1427.13,657.54
53,8,1318.81,541.26,1369.95,665.88
53,9,244.51,462.18,299.74,577.63
53,10,1367.11,466.44,1428.14,656.31
54,1,386.73,278.73,725.83,854.35
54,2,1777.47,283.7,1919.64,798.35
54,3,1571.44,364.76,1739.4,789.67
54,4,1341.27,469.7,1404.49,666.71
54,5,402.65,435.45,498.4,678.99
54,6,1379.61,485.24,1427.15,658.04
54,7,115.43,493.32,193.99,746.72
54,8,244.35,461.12,298.93,578.46
54,9,1318.74,542.05,1370.02,666.27
54,10,1363.79,467.26,1429.18,660.48
54,11,362.18,447.03,424.75,699.16
55,1,395.82,283.65,725.8,853.55
55,2,1769.68,282.32,1919.2,799.93
55,3,1573.07,361.62,1740.21,790.6
55,4,118.11,493.03,198.15,745.96
55,5,1341.85,469.18,1403.99,666.84
55,6,1379.96,485.41,1427.17,658.71
55,7,1318.97,541.37,1369.09,666.21
55,8,244.6,460.45,298.97,577.87
55,9,368.46,452.32,463.78,705.87
55,10,1366.48,467.63,1427.96,657.51
55,11,27.47,499.25,113.13,753.09
56,1,418.22,281.75,726.87,854.79
56,2,1766.27,283.93,1919.8,801.57
56,3,1572.2,363.42,1740.91,792.43
56,4,362.69,445.74,478.53,704.76
56,5,1341.7,469.35,1403.1,666.14
56,6,1379.97,483.67,1426.72,658.35
56,7,115.61,491.18,200.12,746.06
56,8,1318.64,540.67,1369.02,665.61
56,9,245.39,457.84,299.51,573.85
56,10,1366.7,467.56,1428.01,656.84
57,1,1764.13,283.49,1919.86,803.72
57,2,442.89,277.76,726.69,850.74
57,3,365.03,449.88,479.58,705.18
57,4,1566.76,361.89,1740.06,794.21
57,5,1341.72,468.61,1402.81,665.93
57,6,1380.3,486.22,1427.12,657.86
57,7,115.78,489.93,205.23,745.82
57,8,1318.77,538.84,1368.23,666.07
57,9,244.05,457.51,298.01,574.49
57,10,1367.3,467.57,1427.95,656.52
58,1,1763.09,285.97,1919.86,806.72
58,2,485.73,272.56,725.43,842.69
58,3,364.49,441.3,482.72,707.0
58,4,1552.23,357.88,1737.88,797.36
58,5,1341.74,469.31,1404.3,665.78
58,6,114.02,487.37,207.69,746.19
58,7,1380.42,485.6,1427.17,657.26
58,8,1318.7,538.24,1367.67,666.21
58,9,243.82,458.35,296.76,575.01
58,10,1366.1,466.93,1427.82,656.44
59,1,1756.16,284.33,1919.0,802.72
59,2,517.97,270.42,737.72,840.99
59,3,369.49,445.39,483.26,707.94
59,4,1552.45,357.11,1734.52,798.23
59,5,1341.94,470.11,1403.51,666.26
59,6,1381.22,489.02,1427.83,657.76
59,7,115.08,489.9,205.72,746.02
59,8,1318.67,540.81,1366.39,665.33
59,9,24.43,496.71,112.18,747.51
59,10,1363.82,469.22,1428.8,659.86
60,1,1753.91,284.36,1918.92,808.53
60,2,368.74,448.16,483.73,708.32
60,3,580.6,261.42,781.35,844.84
60,4,1540.35,353.27,1731.67,801.22
60,5,1342.02,469.71,1405.86,666.3
60,6,1318.9,538.43,1366.39,666.62
60,7,1380.71,485.26,1426.4,657.81
60,8,114.59,486.65,203.46,745.56
61,1,1748.34,283.56,1918.89,811.76
61,2,370.82,441.93,483.49,708.17
61,3,596.98,262.33,816.62,840.62
61,4,1535.38,348.77,1731.54,801.6
61,5,1341.89,469.56,1405.26,666.56
61,6,1318.45,539.92,1367.0,666.1
61,7,115.22,486.92,204.03,746.38
61,8,1380.62,484.94,1426.77,658.62
61,9,24.18,497.19,112.68,748.47
62,1,1745.77,281.07,1918.88,812.06
62,2,603.5,265.72,830.42,843.0
62,3,1524.84,347.8,1727.89,800.98
62,4,377.66,439.69,484.69,707.55
62,5,1341.9,469.94,1404.62,665.42
62,6,1318.54,538.39,1367.8,666.39
62,7,114.52,484.06,203.63,746.69
62,8,1380.47,486.75,1427.33,658.2
62,9,23.3,496.74,112.6,748.19
63,1,614.5,268.34,866.7,842.21
63,2,1738.75,279.66,1918.87,815.04
63,3,1517.99,346.85,1717.04,800.21
63,4,386.09,442.04,489.79,706.71
63,5,1342.04,469.32,1404.89,665.59
63,6,1318.43,538.25,1367.46,666.45
63,7,1381.35,487.8,1426.88,658.06
63,8,114.21,491.36,202.32,746.05
64,1,1736.15,278.73,1918.84,817.79
64,2,625.25,248.09,874.83,841.23
64,3,1515.84,346.62,1702.39,799.74
64,4,395.32,441.94,491.85,706.96
64,5,1342.47,469.86,1405.28,665.88
64,6,1318.34,538.38,1367.14,666.15
64,7,116.84,488.92,204.8,745.2
64,8,1381.58,489.1,1427.0,657.44
65,1,1729.63,276.3,1918.9,818.49
65,2,622.22,279.67,894.98,844.54
65,3,1515.25,347.22,1699.22,802.18
65,4,400.2,441.32,496.71,705.62
65,5,1342.58,469.8,1405.25,665.79
65,6,1317.55,538.24,1366.99,666.34
65,7,116.41,485.69,204.79,744.9
65,8,1381.83,489.24,1426.65,656.72
66,1,1727.22,274.73,1918.94,819.37
66,2,631.12,285.65,906.02,843.19
66,3,1520.2,348.42,1694.07,803.91
66,4,401.99,442.64,498.03,703.44
66,5,1317.3,538.26,1366.81,666.12
66,6,1343.3,469.12,1405.59,665.4
66,7,115.0,487.89,204.51,745.46
66,8,1382.12,489.68,1426.09,657.64
66,9,28.83,499.26,114.34,750.56
67,1,1726.75,272.97,1918.99,821.46
67,2,635.75,288.14,913.23,840.02
67,3,1520.83,347.5,1691.14,806.92
67,4,407.79,441.72,499.53,700.66
67,5,1342.81,468.66,1405.82,665.74
67,6,1317.43,538.15,1366.76,666.24
67,7,110.91,480.01,205.3,746.24
67,8,244.08,474.48,323.71,711.91
67,9,1381.86,488.67,1426.48,657.24
68,1,644.11,289.53,926.15,840.19
68,2,1716.91,272.01,1918.89,819.37
68,3,1523.53,346.38,1698.9,815.24
68,4,412.69,441.32,503.62,703.18
68,5,243.75,476.17,333.2,711.02
68,6,1317.31,538.54,1367.11,665.91
68,7,1342.84,469.08,1402.5,665.09
68,8,111.92,482.91,204.75,746.41
68,9,1381.58,488.94,1426.73,657.04
69,1,1713.91,271.51,1918.55,819.12
69,2,658.74,290.51,928.52,836.86
69,3,1520.41,345.97,1705.03,820.61
69,4,414.14,440.4,514.17,703.8
69,5,243.01,473.35,334.29,709.91
69,6,1342.95,469.06,1403.08,665.34
69,7,1317.09,540.03,1367.18,665.36
69,8,1381.52,489.82,1427.07,657.35
69,9,113.02,485.43,205.27,745.17
70,1,1708.27,269.48,1916.78,824.84
70,2,690.94,288.18,934.22,834.78
70,3,417.32,438.51,518.9,705.45
70,4,1519.83,346.61,1699.63,821.93
70,5,243.56,471.34,336.25,710.82
70,6,1316.63,539.55,1367.28,664.98
70,7,1343.04,468.56,1403.08,665.69
70,8,112.9,481.63,206.45,745.3
70,9,1381.68,489.53,1426.81,657.79
70,10,545.32,396.18,620.69,558.13
70,11,1360.48,467.45,1427.65,660.47
71,1,1701.52,270.1,1914.87,821.5
71,2,707.67,290.74,935.54,825.1
71,3,416.03,434.3,518.87,708.99
71,4,1516.61,347.27,1677.89,819.11
71,5,244.04,470.99,337.15,711.41
71,6,1343.25,469.02,1402.59,665.41
71,7,1316.48,540.08,1366.42,665.67
71,8,112.99,481.73,205.34,746.3
71,9,1382.21,491.83,1426.35,656.85
71,10,545.07,395.51,620.37,558.47
71,11,32.27,497.15,113.99,750.51
72,1,1699.41,269.75,1910.79,824.55
72,2,416.53,436.47,525.75,706.82
72,3,739.02,287.24,937.53,816.37
72,4,1512.45,350.01,1669.81,822.6
72,5,245.97,468.26,339.46,712.39
72,6,1343.08,469.24,1400.79,665.46
72,7,1317.4,538.06,1366.93,666.56
72,8,114.9,476.11,201.53,746.42
72,9,1382.26,493.16,1426.43,656.88
72,10,545.34,395.87,620.7,558.32
72,11,31.5,496.9,113.62,750.67
73,1,1698.04,269.37,1903.89,830.87
73,2,416.38,438.76,526.15,706.74
73,3,740.51,284.07,935.5,809.75
73,4,1509.58,346.66,1693.22,829.34
73,5,248.13,469.56,339.37,712.02
73,6,1343.3,469.87,1401.77,665.27
73,7,112.34,476.99,208.77,746.42
73,8,1317.02,538.17,1367.04,666.58
73,9,545.04,395.25,620.58,558.03
73,10,1381.59,490.41,1426.1,656.56
73,11,33.19,496.31,115.52,750.5
74,1,1696.19,269.12,1901.41,835.0
74,2,415.52,436.44,531.67,708.82
74,3,1511.12,344.38,1694.5,829.59
74,4,765.65,284.34,943.2,810.87
74,5,252.18,468.78,338.22,711.95
74,6,1316.96,538.07,1365.99,667.7
74,7,1343.4,468.8,1403.09,665.82
74,8,113.65,483.06,206.0,746.02
74,9,1381.41,488.76,1426.33,657.41
74,10,545.36,395.74,620.04,558.14
74,11,32.42,497.66,115.38,750.55
75,1,1693.25,270.32,1895.21,835.73
75,2,416.85,438.09,531.96,708.4
75,3,1503.41,338.64,1695.55,831.09
75,4,766.64,287.75,959.92,807.87
75,5,251.99,465.61,340.32,708.12
75,6,1343.05,468.5,1400.67,665.36
75,7,1317.03,537.83,1365.27,666.48
75,8,113.06,479.41,206.05,745.27
75,9,1380.99,486.56,1425.2,657.04
75,10,545.39,395.96,620.06,558.45
75,11,31.03,498.72,114.76,750.1
75,12,1362.0,465.7,1427.56,660.07
76,1,1689.06,269.83,1889.33,837.37
76,2,1500.25,333.48,1695.75,830.97
76,3,416.54,436.25,527.46,708.87
76,4,776.91,287.87,988.55,806.7
76,5,255.85,465.81,343.12,708.36
76,6,1317.1,538.27,1365.14,666.37
76,7,1342.93,468.82,1399.2,665.48
76,8,113.97,474.28,201.15,745.61
76,9,1381.38,489.06,1425.01,657.28
76,10,544.98,396.57,620.3,557.73
76,11,31.36,501.36,114.83,749.87
77,1,1688.33,270.63,1891.13,838.66
77,2,1494.14,332.28,1690.33,829.74
77,3,417.91,433.77,528.69,709.37
77,4,794.29,288.48,1023.21,806.64
77,5,255.09,464.94,347.35,707.39
77,6,1342.57,468.5,1400.05,665.96
77,7,545.11,394.03,620.68,559.05
77,8,110.79,476.51,206.59,745.29
77,9,1380.45,489.02,1425.2,656.89
77,10,1317.32,537.81,1364.27,665.94
77,11,32.25,501.18,116.07,750.19
78,1,1686.72,272.69,1890.08,845.79
78,2,801.35,290.64,1062.64,805.81
78,3,417.97,432.5,530.17,709.13
78,4,1488.48,330.4,1683.97,829.12
78,5,266.91,464.68,356.85,706.76
78,6,114.51,479.31,202.14,746.38
78,7,1342.54,468.86,1399.2,665.61
78,8,1317.43,538.38,1364.74,665.81
78,9,1380.8,491.73,1425.43,656.65
78,10,544.55,394.37,620.37,557.67
79,1,1684.7,269.2,1886.42,842.85
79,2,810.22,299.2,1075.86,803.73
79,3,419.38,431.45,526.86,709.67
79,4,1488.64,329.89,1677.78,828.26
79,5,276.46,463.01,368.8,707.74
79,6,116.29,480.63,203.13,745.46
79,7,1342.24,468.44,1399.81,665.83
79,8,1317.49,538.16,1364.97,666.72
79,9,1380.87,488.78,1425.97,657.63
79,10,545.28,397.49,620.13,555.77
79,11,31.79,495.77,113.64,751.23
80,1,1679.89,268.98,1885.58,845.95
80,2,821.7,299.11,1081.66,800.93
80,3,427.68,431.0,525.94,709.83
80,4,280.33,464.63,380.62,707.94
80,5,1476.48,327.84,1680.54,828.87
80,6,117.1,487.94,205.71,744.05
80,7,1343.52,469.18,1404.57,664.36
80,8,1316.82,538.31,1364.6,666.39
80,9,1380.77,487.08,1425.93,657.8
80,10,545.18,396.42,619.75,558.54
80,11,34.61,526.31,114.74,750.09
80,12,1581.58,355.22,1693.59,831.84
81,1,1678.0,266.24,1887.08,851.0
81,2,828.14,301.06,1085.45,800.83
81,3,432.2,430.74,528.19,708.8
81,4,1471.34,327.66,1674.0,829.01
81,5,286.68,463.48,383.18,706.56
81,6,118.09,490.69,205.62,745.09
81,7,1317.23,538.43,1364.6,665.6
81,8,1343.45,469.29,1404.84,663.83
81,9,1381.34,489.27,1425.83,657.29
81,10,544.71,396.05,619.62,557.25
81,11,1.5,521.21,58.21,672.19
82,1,1678.57,262.7,1887.17,854.47
82,2,835.01,304.91,1086.61,799.49
82,3,435.13,430.23,530.62,706.49
82,4,1460.33,327.51,1668.78,829.9
82,5,288.67,459.22,388.7,706.92
82,6,118.51,495.05,202.38,745.5
82,7,1342.04,468.29,1399.2,665.79
82,8,1317.22,538.05,1364.23,665.15
82,9,1380.94,492.2,1424.91,656.1
82,10,30.0,495.87,114.21,749.57
82,11,3.8,523.12,59.5,671.79
83,1,1677.1,256.18,1889.29,854.29
83,2,856.89,307.34,1086.07,797.86
83,3,1460.73,324.85,1676.7,832.07
83,4,440.92,431.18,532.13,706.04
83,5,293.16,452.69,389.46,708.35
83,6,1316.85,538.88,1364.17,665.72
83,7,1342.52,468.61,1405.29,664.4
83,8,117.86,499.07,197.82,745.23
83,9,1379.79,478.09,1427.18,659.41
83,10,19.18,496.25,116.93,749.94
83,11,544.66,397.28,619.67,557.37
84,1,1677.09,252.44,1887.36,854.83
84,2,877.46,307.62,1084.93,786.26
84,3,1458.73,325.6,1674.18,833.68
84,4,443.8,430.91,532.77,707.06
84,5,290.98,453.58,392.82,708.65
84,6,1317.25,539.16,1365.0,665.93
84,7,1341.77,468.85,1404.16,663.69
84,8,117.54,494.03,201.42,745.2
84,9,1379.4,479.63,1426.33,659.57
84,10,544.71,397.1,619.9,557.83
85,1,1674.57,245.51,1884.92,856.05
85,2,1456.38,326.79,1661.77,837.74
85,3,920.13,299.15,1085.12,781.97
85,4,446.07,430.84,537.39,709.59
85,5,295.1,461.81,393.47,709.83
85,6,1340.44,470.58,1398.65,661.8
85,7,1317.49,538.91,1364.55,665.37
85,8,545.09,395.66,619.66,560.64
85,9,114.83,493.33,201.0,746.23
85,10,1378.76,481.58,1425.0,658.7
86,1,1673.4,247.27,1887.54,854.31
86,2,446.94,429.92,543.72,708.9
86,3,1446.98,326.75,1665.96,840.54
86,4,934.94,296.74,1102.48,779.74
86,5,296.8,463.51,392.63,711.0
86,6,1339.87,470.77,1397.6,662.27
86,7,545.15,396.31,619.86,561.14
86,8,1317.1,539.04,1364.84,665.53
86,9,116.57,490.42,203.38,746.15
86,10,1380.49,491.08,1424.23,654.63
86,11,38.55,518.29,115.95,751.33
87,1,1672.25,243.76,1888.0,856.24
87,2,926.48,296.33,1122.49,780.91
87,3,447.39,429.47,550.3,707.78
87,4,1441.59,330.28,1657.47,844.51
87,5,302.57,460.77,394.8,708.92
87,6,1317.19,539.41,1364.55,665.33
87,7,1340.58,471.22,1397.56,662.02
87,8,544.83,395.82,619.71,561.68
87,9,116.09,492.53,202.29,746.41
87,10,1381.22,493.24,1424.62,653.94
88,1,1670.65,239.12,1886.22,858.86
88,2,448.2,429.41,559.77,706.98
88,3,1434.87,329.09,1653.09,851.11
88,4,949.79,300.41,1147.48,781.16
88,5,310.81,455.54,396.37,709.17
88,6,1340.16,471.32,1396.55,661.81
88,7,544.57,396.82,619.53,558.7
88,8,1317.2,538.95,1363.44,665.26
88,9,114.05,491.87,201.26,746.45
88,10,1381.93,500.37,1428.94,654.61
88,11,18.05,453.88,115.12,749.45
88,12,0.0,521.25,46.99,672.57
89,1,1428.81,329.2,1644.07,854.88
89,2,1669.53,238.03,1883.54,858.15
89,3,450.63,428.96,568.28,708.68
89,4,946.02,304.79,1159.78,780.25
89,5,311.25,454.94,396.65,707.47
89,6,1316.81,539.27,1364.24,665.62
89,7,1381.33,495.3,1428.81,657.78
89,8,1337.4,466.32,1395.77,661.82
89,9,115.13,487.01,203.0,746.32
89,10,544.52,396.53,619.49,558.78
89,11,9.58,454.44,112.45,738.51
90,1,1415.16,327.99,1640.75,855.01
90,2,1667.59,236.02,1878.43,860.02
90,3,454.2,428.19,570.44,709.27
90,4,964.59,311.67,1175.1,777.84
90,5,313.94,452.92,408.45,708.02
90,6,1340.19,470.63,1395.14,660.4
90,7,1316.9,539.2,1364.36,665.42
90,8,116.42,489.31,203.55,745.83
90,9,1381.76,489.74,1430.62,657.69
90,10,545.21,397.44,619.68,558.96
91,1,1665.54,235.53,1877.52,865.16
91,2,1412.49,327.68,1633.75,855.22
91,3,456.9,428.6,567.01,710.91
91,4,959.59,316.37,1186.59,775.04
91,5,314.69,457.22,410.78,706.6
91,6,1316.49,539.29,1364.5,665.94
91,7,116.38,488.06,204.52,746.03
91,8,1340.55,468.96,1395.12,659.48
91,9,1378.22,482.38,1427.51,658.83
91,10,545.81,396.84,619.76,557.46
91,11,1.27,456.23,114.23,744.59
92,1,1655.01,236.8,1874.15,867.61
92,2,964.07,321.28,1196.84,775.84
92,3,1402.8,327.73,1629.89,855.5
92,4,462.55,429.38,565.91,712.79
92,5,316.21,459.24,412.02,706.05
92,6,1316.71,539.17,1365.77,664.98
92,7,1338.33,465.7,1398.26,656.55
92,8,116.58,491.1,203.78,746.26
92,9,1374.75,463.27,1431.09,657.98
92,10,546.6,396.65,619.52,556.88
93,1,1640.32,236.52,1871.31,869.91
93,2,986.74,323.82,1204.76,770.74
93,3,1393.61,322.6,1621.05,854.71
93,4,467.79,430.69,564.44,715.69
93,5,317.6,459.59,413.45,708.88
93,6,1316.23,539.36,1364.87,664.72
93,7,1338.41,465.94,1405.28,657.06
93,8,114.38,491.04,201.34,746.09
93,9,1372.05,466.64,1425.06,659.98
93,10,546.02,396.27,619.19,556.11
94,1,1635.43,237.82,1868.49,872.42
94,2,988.44,326.08,1217.3,774.3
94,3,1382.64,322.42,1619.44,854.77
94,4,467.93,430.27,565.34,715.45
94,5,315.2,458.05,416.13,709.06
94,6,1316.35,539.44,1365.96,664.74
94,7,1339.94,467.6,1394.85,663.3
94,8,116.43,491.88,202.65,745.36
94,9,546.03,396.77,619.42,554.21
95,1,1632.85,242.13,1867.78,876.51
95,2,1002.08,326.38,1219.63,772.94
95,3,469.3,430.23,566.44,715.16
95,4,1387.94,322.91,1617.13,855.48
95,5,319.2,453.91,412.36,709.02
95,6,1316.46,538.73,1364.94,665.27
95,7,1339.49,467.66,1393.11,662.93
95,8,116.49,488.98,200.99,745.63
95,9,547.08,395.93,619.58,555.66
96,1,1633.35,241.44,1861.42,881.15
96,2,1019.33,324.39,1223.05,771.57
96,3,470.09,427.71,568.74,714.81
96,4,1390.75,317.93,1594.7,857.63
96,5,326.13,450.81,417.45,712.57
96,6,1340.19,467.15,1396.09,663.97
96,7,1316.27,539.1,1364.36,664.57
96,8,116.8,489.55,205.63,745.82
96,9,548.0,396.99,619.57,554.01
97,1,1626.72,240.58,1851.16,882.51
97,2,469.99,426.18,570.49,715.31
97,3,1034.58,323.25,1225.02,764.69
97,4,1387.79,315.99,1584.68,859.28
97,5,327.38,458.95,412.4,711.76
97,6,1340.48,467.53,1399.01,665.51
97,7,1316.35,539.5,1364.69,665.16
97,8,117.12,492.81,204.39,745.14
97,9,547.45,397.39,620.48,551.38
98,1,1618.32,233.28,1844.57,884.14
98,2,469.33,423.84,573.61,712.16
98,3,1046.32,321.81,1224.8,755.67
98,4,1381.18,314.43,1582.87,870.16
98,5,325.35,457.51,416.18,714.06
98,6,1336.89,467.24,1395.69,662.24
98,7,1316.74,538.68,1362.35,664.21
98,8,116.01,491.31,205.44,745.52
98,9,546.66,395.97,620.15,550.31
99,1,1615.19,231.34,1840.55,886.28
99,2,467.29,422.48,574.08,713.27
99,3,1376.24,311.13,1584.06,876.78
99,4,1058.19,318.6,1222.71,757.04
99,5,326.66,451.25,419.93,714.74
99,6,116.19,491.86,204.25,745.19
99,7,1316.33,538.86,1362.22,664.86
99,8,1339.96,469.76,1395.18,667.21
100,1,1610.85,226.72,1839.82,884.59
100,2,466.24,421.15,573.96,713.73
100,3,1377.84,309.71,1582.44,883.07
100,4,1068.1,318.06,1221.63,755.66
100,5,327.11,450.44,419.57,715.07
100,6,115.15,490.98,205.58,745.67
100,7,1316.01,539.12,1363.28,664.41
100,8,1340.35,469.46,1394.82,668.07
100,9,545.7,395.03,620.45,547.17
101,1,1603.92,223.9,1836.9,885.69
101,2,465.95,420.65,576.49,712.49
101,3,1374.16,310.89,1580.22,882.16
101,4,1074.24,319.08,1229.62,751.56
101,5,326.53,448.74,421.27,713.51
101,6,113.68,490.93,204.48,745.93
101,7,1315.91,539.56,1361.09,664.5
101,8,1340.33,471.16,1394.78,668.41
102,1,1598.38,221.02,1829.08,886.03
102,2,465.08,419.79,578.88,713.19
102,3,1370.52,313.08,1574.88,885.56
102,4,1086.61,320.97,1254.24,751.16
102,5,328.67,446.08,423.48,712.66
102,6,113.33,486.2,205.95,746.29
102,7,1340.26,470.41,1390.68,667.86
102,8,1315.75,538.86,1360.42,664.55
102,9,546.77,394.5,621.11,545.7
103,1,1590.92,220.49,1821.52,886.07
103,2,1099.04,322.93,1288.95,747.98
103,3,465.06,420.33,580.92,712.96
103,4,1355.91,315.45,1585.19,889.56
103,5,329.47,451.14,424.3,710.37
103,6,114.79,487.69,205.71,745.36
103,7,1315.44,537.88,1360.38,665.19
104,1,1583.41,218.87,1811.45,887.47
104,2,1105.29,325.89,1299.59,747.24
104,3,464.92,420.0,581.26,713.39
104,4,1352.13,317.3,1563.83,893.91
104,5,335.79,451.51,425.95,710.55
104,6,114.65,485.62,205.99,745.78
104,7,1314.98,537.02,1360.37,664.9
105,1,1578.77,215.07,1804.66,888.46
105,2,1109.72,333.07,1306.02,750.14
105,3,464.88,420.94,581.89,715.74
105,4,1346.4,312.69,1548.09,894.94
105,5,342.69,454.34,431.69,712.25
105,6,113.95,486.62,205.38,746.1
105,7,1314.95,536.9,1359.72,665.68
106,1,1573.01,213.82,1797.14,895.53
106,2,1112.25,338.49,1308.59,747.56
106,3,465.12,421.52,581.26,715.23
106,4,1335.12,309.0,1544.42,894.74
106,5,348.24,458.8,432.27,713.2
106,6,113.39,486.74,206.44,745.87
107,1,1569.6,213.09,1793.83,904.82
107,2,1121.03,337.25,1309.71,745.28
107,3,466.16,421.99,580.53,715.2
107,4,1316.41,305.05,1536.84,893.94
107,5,346.23,455.97,433.01,710.99
107,6,112.32,487.1,206.19,746.48
108,1,467.46,422.84,578.21,716.94
108,2,1563.2,215.53,1785.92,915.87
108,3,1302.67,301.02,1531.78,892.72
108,4,1133.46,333.37,1309.82,745.19
108,5,348.48,458.65,433.45,710.72
108,6,113.08,487.77,207.66,746.95
109,1,468.65,423.29,577.38,718.02
109,2,1558.17,213.84,1780.57,919.63
109,3,1293.93,300.95,1532.45,895.47
109,4,1148.09,327.87,1312.32,738.89
109,5,348.88,459.46,434.2,711.92
109,6,111.74,489.91,206.13,745.35
110,1,469.36,423.57,577.15,717.68
110,2,1552.31,214.51,1776.42,921.33
110,3,1283.23,294.76,1536.98,893.57
110,4,1164.83,331.56,1313.4,734.82
110,5,349.21,458.88,434.13,716.15
110,6,111.64,490.64,206.72,745.57
111,1,1546.78,215.33,1773.14,917.02
111,2,470.13,421.67,574.31,718.16
111,3,1287.33,294.43,1532.65,893.87
111,4,1182.63,330.3,1318.47,734.05
111,5,350.36,456.18,434.04,717.05
111,6,114.65,488.88,205.96,745.6
112,1,469.98,420.69,573.81,718.69
112,2,1543.25,215.27,1767.53,919.03
112,3,1287.07,293.54,1531.5,895.2
112,4,1179.53,329.8,1316.83,731.44
112,5,348.68,451.03,435.39,717.15
112,6,116.95,488.91,205.92,746.14
113,1,468.29,417.98,573.22,718.31
113,2,1537.63,214.24,1765.57,925.44
113,3,1277.04,293.57,1521.42,904.12
113,4,349.72,447.45,438.11,718.81
113,5,1184.76,329.48,1319.95,733.92
113,6,112.25,491.58,206.81,744.8
114,1,1530.21,214.99,1764.67,937.12
114,2,467.29,416.42,572.13,716.77
114,3,1274.63,294.64,1510.24,904.53
114,4,350.78,447.37,439.52,717.21
114,5,1186.02,332.81,1319.91,733.23
114,6,110.79,491.32,205.12,745.09
115,1,1527.24,214.3,1759.29,939.71
115,2,465.98,416.76,571.69,716.71
115,3,1260.91,295.06,1501.23,907.6
115,4,351.9,446.12,439.68,718.12
115,5,1186.2,335.19,1313.99,733.27
115,6,114.87,491.22,205.58,746.29
116,1,1522.57,208.22,1752.0,944.49
116,2,465.69,413.49,568.32,716.35
116,3,1248.51,296.27,1506.59,916.13
116,4,351.78,446.2,439.8,719.09
116,5,1188.58,344.89,1309.97,730.13
116,6,114.6,492.42,204.95,745.6
117,1,1518.17,204.03,1743.2,944.59
117,2,464.58,412.04,565.09,716.81
117,3,1247.61,298.61,1497.17,920.58
117,4,353.06,446.41,438.21,720.52
117,5,115.0,492.17,205.62,746.21
117,6,1186.33,348.83,1307.4,724.34
118,1,1505.74,199.94,1738.63,941.59
118,2,460.66,409.63,564.4,718.82
118,3,1242.41,299.44,1493.39,929.4
118,4,351.4,446.77,438.74,722.09
118,5,115.95,494.68,203.99,747.05
118,6,19.91,496.91,117.48,754.03
118,7,546.33,396.87,619.25,551.42
118,8,1235.57,302.31,1420.25,927.66
119,1,1500.54,196.15,1736.91,943.58
119,2,1212.43,302.07,1474.05,937.91
119,3,458.65,410.1,563.42,719.99
119,4,353.25,446.12,439.04,723.26
119,5,116.97,493.86,205.48,747.04
119,6,23.84,496.69,115.69,749.29
119,7,545.89,396.22,619.04,554.95
120,1,1498.41,191.01,1736.25,945.22
120,2,1210.15,297.51,1470.96,939.63
120,3,457.24,410.05,562.46,721.82
120,4,352.92,451.93,438.95,722.48
120,5,118.13,492.24,207.59,746.73
120,6,24.22,496.93,113.92,749.09
120,7,546.77,397.43,618.41,554.51
121,1,1492.81,187.14,1734.49,948.37
121,2,1198.48,291.25,1469.18,939.74
121,3,452.95,409.78,562.48,721.63
121,4,355.46,453.08,438.28,725.84
121,5,111.78,489.95,209.28,745.52
121,6,547.02,396.93,618.99,554.04
122,1,1174.1,288.05,1462.75,939.47
122,2,1486.97,179.8,1729.69,946.9
122,3,452.39,410.2,562.5,724.4
122,4,353.71,452.55,440.96,727.4
122,5,116.34,491.03,200.49,746.94
122,6,546.49,397.12,618.62,555.23
123,1,1478.58,169.78,1725.29,946.2
123,2,1156.87,282.15,1454.05,939.53
123,3,452.81,411.25,562.12,722.8
123,4,350.95,445.2,436.85,728.22
123,5,119.48,500.06,191.92,745.57
124,1,1475.14,166.1,1722.52,945.22
124,2,1141.14,277.65,1446.8,940.47
124,3,452.64,412.21,561.74,724.63
124,4,341.08,443.41,435.79,728.31
124,5,121.38,501.58,192.48,744.66
124,6,545.05,396.97,619.19,554.99
125,1,1473.29,159.2,1723.6,944.98
125,2,1131.53,277.35,1433.99,939.93
125,3,451.51,413.07,560.7,725.71
125,4,346.66,443.59,433.36,728.98
125,5,118.71,491.28,192.15,746.43
125,6,32.86,495.94,116.83,750.4
126,1,1464.37,165.51,1714.54,947.39
126,2,1119.28,276.61,1413.85,941.88
126,3,449.46,412.29,560.89,724.86
126,4,343.48,439.12,433.17,728.35
126,5,120.37,492.82,193.0,746.35
126,6,546.48,397.45,618.63,555.0
127,1,1444.55,168.84,1714.51,952.9
127,2,1119.45,273.08,1416.94,944.77
127,3,449.86,409.4,561.29,724.63
127,4,343.56,435.78,438.66,728.49
127,5,120.17,493.19,191.48,746.9
127,6,546.59,396.76,618.51,553.8
128,1,1417.4,165.93,1709.97,961.61
128,2,1129.53,272.19,1418.29,959.39
128,3,448.83,406.99,558.63,728.89
128,4,342.8,433.94,439.81,729.19
128,5,118.52,493.25,190.81,747.74
128,6,27.21,495.43,114.04,752.45
128,7,546.27,396.88,618.55,553.92
129,1,1395.73,169.47,1706.49,963.92
129,2,1136.01,271.97,1397.6,968.11
129,3,450.49,405.4,558.89,729.66
129,4,337.36,433.72,437.97,730.24
129,5,114.81,492.79,190.7,748.28
129,6,28.86,495.04,114.91,752.43
129,7,547.31,397.52,619.03,555.35
129,8,119.8,486.66,209.73,708.29
130,1,1384.72,170.55,1695.74,963.94
130,2,1137.76,271.8,1381.83,971.44
130,3,332.3,433.0,438.74,730.4
130,4,450.52,402.78,557.57,730.8
130,5,117.96,513.48,190.39,746.99
130,6,547.56,397.1,619.09,556.11
130,7,30.24,493.2,117.29,747.02
131,1,1376.76,173.9,1682.24,977.21
131,2,1130.17,271.58,1384.25,971.64
131,3,332.15,434.12,437.69,733.44
131,4,448.54,402.62,557.72,730.32
131,5,1350.11,362.87,1447.55,695.33
131,6,119.25,512.58,190.73,746.46
131,7,36.66,494.5,115.63,749.12
131,8,547.55,397.31,618.5,549.83
132,1,1378.17,173.48,1671.0,981.61
132,2,1123.87,271.79,1374.12,977.72
132,3,331.86,434.17,440.04,733.25
132,4,447.77,401.2,557.99,728.42
132,5,1352.27,361.72,1450.84,695.61
132,6,119.55,515.05,190.43,747.88
132,7,547.26,396.36,618.56,550.4
133,1,1377.22,171.55,1664.36,988.1
133,2,1115.27,273.12,1377.39,993.83
133,3,330.9,433.59,439.33,734.48
133,4,446.38,400.39,557.67,728.05
133,5,111.37,499.99,193.78,746.76
133,6,548.21,397.52,619.22,555.56
133,7,1693.82,469.73,1744.91,583.87
134,1,1373.56,167.46,1656.08,990.26
134,2,1109.23,272.55,1367.82,1002.42
134,3,445.12,398.96,557.56,728.52
134,4,331.0,435.06,437.95,735.15
134,5,121.17,510.86,191.04,747.13
134,6,549.43,397.72,618.93,551.54
135,1,1100.39,272.75,1364.17,1004.03
135,2,1373.28,157.33,1644.38,995.96
135,3,445.18,398.9,557.86,729.19
135,4,331.07,432.81,440.4,738.85
135,5,120.45,510.67,192.86,746.16
135,6,0.25,416.83,107.31,933.68
135,7,548.09,396.98,619.11,554.52
136,1,1361.92,151.96,1641.22,994.51
136,2,1085.57,260.93,1349.03,1005.3
136,3,444.65,398.19,558.41,730.88
136,4,330.63,432.06,441.67,738.84
136,5,0.18,414.72,130.45,931.51
136,6,119.31,501.86,202.3,744.76
136,7,546.87,397.06,619.24,556.57
137,1,1350.14,150.11,1639.62,995.52
137,2,1074.51,257.83,1350.26,1007.09
137,3,443.74,397.52,558.13,731.26
137,4,328.79,428.27,441.32,738.56
137,5,0.0,410.04,166.38,922.28
137,6,116.0,495.81,198.75,747.24
137,7,547.86,396.16,618.97,550.0
138,1,1340.26,142.38,1629.97,997.08
138,2,0.06,286.25,195.39,919.19
138,3,1062.97,256.34,1344.11,1005.15
138,4,443.62,398.11,558.45,732.34
138,5,325.68,425.85,440.78,738.11
138,6,548.06,397.28,618.68,551.19
139,1,1321.6,135.46,1623.6,999.05
139,2,0.36,284.13,203.08,921.56
139,3,1042.65,252.2,1343.7,1006.96
139,4,323.19,422.76,441.37,738.45
139,5,443.01,397.25,559.57,732.5
139,6,549.02,395.33,619.26,553.14
140,1,1316.95,137.08,1613.97,998.11
140,2,1020.34,244.38,1350.3,1011.72
140,3,320.54,420.55,441.69,739.15
140,4,0.41,272.02,204.5,921.22
140,5,443.14,398.06,559.36,732.76
140,6,0.13,271.01,86.43,758.57
140,7,547.53,395.75,619.83,557.33
140,8,0.0,269.13,139.17,805.68
141,1,1311.54,130.63,1599.29,1001.91
141,2,993.94,236.95,1327.59,1011.57
141,3,0.23,271.68,203.53,920.74
141,4,318.38,417.88,440.93,741.79
141,5,443.4,398.06,560.06,734.23
141,6,549.83,397.7,619.5,553.7
141,7,0.35,270.23,124.93,853.72
142,1,1297.56,131.0,1592.48,1002.27
142,2,973.85,236.16,1313.95,1008.24
142,3,0.26,268.96,207.5,920.9
142,4,319.0,418.33,438.73,743.34
142,5,443.76,398.84,560.14,740.83
142,6,548.94,396.65,619.49,556.55
143,1,0.0,277.82,213.53,920.3
143,2,1288.83,131.21,1581.34,1017.97
143,3,968.09,233.02,1304.43,1019.03
143,4,316.07,417.47,437.77,742.42
143,5,443.38,399.42,560.96,744.05
143,6,549.34,397.68,618.93,553.09
143,7,1693.83,469.33,1743.16,583.32
144,1,0.0,275.35,219.59,935.91
144,2,1280.12,130.1,1580.98,1029.73
144,3,955.33,232.19,1306.07,1024.46
144,4,315.92,419.0,437.85,743.36
144,5,443.49,399.43,560.37,745.08
145,1,1274.15,126.36,1575.84,1038.32
145,2,1.06,273.74,225.9,927.85
145,3,953.83,234.74,1292.87,1026.5
145,4,314.0,420.88,438.24,745.46
145,5,443.03,398.51,560.91,745.54
145,6,0.44,381.15,49.6,798.55
145,7,548.64,394.93,619.71,554.64
146,1,1261.28,126.19,1567.59,1052.83
146,2,309.68,421.35,436.85,754.51
146,3,925.23,235.5,1291.03,1023.71
146,4,37.94,279.84,239.87,923.91
146,5,442.3,398.56,563.35,745.49
146,6,0.31,390.09,103.95,816.15
146,7,0.25,385.13,68.06,813.9
146,8,549.11,394.67,620.44,552.09
147,1,1245.48,126.08,1562.19,1049.34
147,2,928.4,232.97,1282.46,1040.23
147,3,51.58,268.92,252.63,923.84
147,4,443.2,396.8,565.0,745.35
147,5,308.99,419.44,432.46,755.21
147,6,0.29,388.76,95.76,843.36
147,7,549.17,396.23,619.78,549.6
148,1,1238.75,125.56,1551.44,1054.84
148,2,79.71,280.04,320.36,921.57
148,3,932.68,234.95,1271.59,1048.65
148,4,442.14,395.48,570.2,745.73
148,5,307.89,420.57,431.39,754.19
148,6,0.01,391.8,113.5,824.03
148,7,549.17,397.98,620.14,551.53
149,1,1237.74,121.6,1546.54,1068.72
149,2,926.29,236.36,1263.32,1070.22
149,3,93.2,273.92,368.31,919.85
149,4,306.74,419.24,431.62,754.31
149,5,442.72,393.8,569.63,743.53
149,6,0.13,391.6,137.52,851.48
149,7,548.81,396.93,619.66,546.77
150,1,1233.13,119.9,1543.34,1076.35
150,2,916.92,233.5,1259.13,1073.53
150,3,91.18,288.44,412.49,914.18
150,4,443.3,389.93,570.16,744.14
150,5,309.05,419.21,432.05,749.81
150,6,0.0,391.59,148.09,899.46
150,7,548.92,397.94,619.25,543.72
150,8,0.0,390.54,228.56,910.61
150,9,257.89,434.09,309.66,649.82
151,1,891.62,235.8,1238.28,1075.2
151,2,1226.39,116.6,1538.35,1073.57
151,3,444.99,389.24,570.1,744.42
151,4,89.26,292.25,442.12,903.6
151,5,306.16,414.46,431.71,748.71
151,6,1.37,379.45,228.77,910.13
151,7,549.32,397.42,619.25,542.93
151,8,1491.41,502.31,1549.27,680.57
152,1,1215.78,112.74,1524.38,1072.03
152,2,878.47,229.56,1230.72,1070.69
152,3,446.26,387.87,571.25,744.67
152,4,81.63,298.8,454.64,902.0
152,5,308.27,413.88,437.4,744.03
152,6,12.64,388.84,195.58,890.6
152,7,1492.34,450.25,1561.45,680.49
152,8,16.45,382.86,261.22,903.06
152,9,549.88,399.24,618.9,544.53
152,10,1494.42,521.55,1561.0,680.99
152,11,74.5,392.87,184.73,769.83
153,1,1203.45,105.73,1513.49,1072.13
153,2,851.8,220.52,1220.11,1072.47
153,3,447.74,386.96,573.85,745.3
153,4,85.72,304.07,460.96,906.07
153,5,325.49,413.04,438.59,721.76
153,6,75.46,353.85,261.65,915.1
153,7,1490.45,443.82,1573.63,678.13
153,8,550.07,396.8,619.13,546.33
154,1,1195.33,98.61,1512.01,1073.37
154,2,829.77,218.63,1205.71,1073.7
154,3,448.62,387.12,576.11,746.34
154,4,111.62,300.66,464.25,906.64
154,5,342.62,411.63,435.73,715.7
154,6,1489.32,415.15,1586.6,675.52
154,7,103.55,387.44,248.37,910.0
154,8,547.79,395.29,620.08,546.6
155,1,1184.93,92.83,1509.73,1074.62
155,2,805.14,217.66,1192.41,1075.84
155,3,450.35,387.91,576.0,747.84
155,4,125.05,297.4,464.82,904.66
155,5,1477.82,379.51,1588.15,676.2
155,6,112.23,379.15,262.95,893.33
155,7,356.17,410.02,434.58,682.18
155,8,547.56,394.06,619.55,544.82
156,1,1167.24,82.39,1505.36,1075.36
156,2,779.67,212.99,1178.43,1073.89
156,3,451.77,388.92,578.4,749.42
156,4,1462.58,382.13,1587.33,681.69
156,5,201.96,295.81,465.35,893.88
156,6,135.19,389.03,312.35,900.89
156,7,545.24,394.72,619.93,545.88
157,1,1159.52,78.9,1499.92,1074.5
157,2,761.66,211.91,1159.38,1073.02
157,3,456.62,392.47,584.14,750.78
157,4,1458.38,376.78,1590.44,680.81
157,5,178.36,295.02,466.35,890.4
157,6,137.84,385.34,319.22,891.91
157,7,232.19,288.35,421.17,884.04
157,8,544.36,393.65,619.58,546.51
157,9,9.06,404.61,112.12,689.89
158,1,1151.81,67.93,1493.41,1072.68
158,2,743.81,208.84,1135.62,1075.39
158,3,1465.09,377.22,1592.71,681.41
158,4,463.13,389.87,586.03,752.01
158,5,139.4,392.44,354.18,887.27
158,6,258.19,290.58,466.09,892.23
158,7,551.65,395.35,620.68,536.58
159,1,1143.58,63.61,1490.23,1072.39
159,2,741.28,199.64,1135.1,1076.06
159,3,463.07,393.38,587.18,750.44
159,4,1474.96,374.24,1596.58,679.46
159,5,292.21,293.61,466.25,892.53
159,6,139.03,393.72,361.96,886.18
159,7,117.9,517.43,197.51,742.14
159,8,20.77,496.64,112.87,755.45
159,9,555.38,395.36,620.89,533.01
160,1,1132.17,59.53,1485.27,1072.42
160,2,749.1,199.58,1125.53,1075.35
160,3,463.41,395.85,588.75,751.34
160,4,1482.25,372.15,1600.1,676.95
160,5,311.36,296.47,503.11,899.21
160,6,143.25,392.25,385.54,887.81
160,7,559.54,397.25,620.38,529.27
160,8,565.06,396.96,619.46,495.33
161,1,1118.84,54.16,1481.34,1074.35
161,2,783.47,197.22,1098.96,1073.08
161,3,341.36,297.53,536.47,886.64
161,4,478.56,392.98,590.7,754.19
161,5,155.48,393.17,388.0,885.27
161,6,1498.0,371.39,1610.2,673.73
161,7,561.56,396.18,620.36,508.71
161,8,97.21,469.66,198.52,814.91
161,9,560.13,397.72,619.75,475.44
161,10,1480.98,462.44,1555.33,661.07
162,1,1110.92,49.85,1474.33,1072.45
162,2,779.34,198.27,1100.01,1074.52
162,3,173.64,388.87,436.01,889.23
162,4,350.91,294.55,565.86,879.82
162,5,1500.54,370.67,1617.46,673.56
162,6,484.57,394.87,592.94,753.18
162,7,105.68,469.55,193.98,782.69
162,8,564.94,397.32,620.41,542.25
162,9,568.65,397.31,619.65,489.77
163,1,1097.03,44.74,1466.73,1073.65
163,2,767.72,198.95,1093.37,1074.11
163,3,1500.18,370.71,1625.43,675.08
163,4,359.98,307.9,602.32,882.85
163,5,213.56,395.49,454.76,888.31
163,6,499.37,394.25,608.12,757.62
163,7,105.61,442.87,191.27,774.22
164,1,1086.41,39.86,1459.08,1073.72
164,2,756.82,197.72,1089.6,1073.92
164,3,362.22,311.4,626.52,883.22
164,4,244.2,392.5,430.77,868.42
164,5,1508.48,375.01,1623.24,675.21
164,6,507.46,398.34,632.48,742.19
164,7,116.84,493.51,192.04,778.41
165,1,1074.34,38.82,1452.49,1073.48
165,2,361.88,305.53,642.17,883.23
165,3,746.45,196.71,1079.32,1071.46
165,4,277.69,387.11,429.02,853.41
165,5,1514.53,378.16,1628.6,674.4
165,6,528.53,392.96,648.05,731.67
165,7,122.24,519.33,190.3,743.26
166,1,1055.78,42.34,1435.87,1074.24
166,2,732.33,196.4,1063.3,1072.71
166,3,369.18,315.52,671.71,888.13
166,4,1510.97,383.45,1636.94,673.53
166,5,324.92,383.66,449.81,871.48
166,6,125.61,523.67,191.73,743.09
166,7,1417.0,500.77,1462.96,675.8
167,1,1045.33,41.55,1431.82,1074.02
167,2,387.56,314.91,677.87,883.24
167,3,713.89,193.01,1047.24,1071.74
167,4,1518.5,383.03,1639.19,672.66
167,5,333.12,386.14,471.57,877.46
167,6,124.46,499.2,193.64,743.34
168,1,1027.56,36.53,1413.54,1073.9
168,2,404.11,314.16,680.58,880.58
168,3,692.36,179.62,1032.59,1073.09
168,4,339.52,385.45,488.31,869.27
168,5,1517.97,387.08,1643.41,675.3
168,6,1400.85,462.29,1467.02,670.46
168,7,1388.25,451.48,1458.81,673.46
168,8,121.57,514.76,193.04,744.58
168,9,1389.42,452.51,1437.95,667.28
168,10,1415.73,490.38,1466.43,661.91
169,1,1013.73,30.48,1406.67,1073.17
169,2,655.05,170.98,1016.91,1076.04
169,3,433.43,317.32,664.26,868.03
169,4,333.67,386.24,502.96,861.25
169,5,1507.39,387.25,1646.31,676.77
169,6,1405.69,460.16,1465.69,676.45
169,7,1383.13,445.82,1455.36,674.11
169,8,1378.2,449.16,1437.67,666.21
169,9,125.01,522.44,193.16,743.19
170,1,1002.0,20.7,1403.15,1074.17
170,2,617.08,161.39,1000.62,1074.08
170,3,482.73,315.7,661.88,855.91
170,4,1508.87,387.86,1646.04,671.86
170,5,340.17,389.58,531.9,864.56
170,6,1378.52,450.8,1464.13,677.14
170,7,126.56,517.3,195.62,744.65
171,1,987.54,11.29,1397.43,1073.5
171,2,562.58,155.6,976.68,1071.29
171,3,1519.63,385.4,1646.01,666.13
171,4,364.66,394.86,600.13,862.18
171,5,1368.86,435.92,1463.29,676.29
171,6,518.32,311.87,653.19,836.4
172,1,977.15,5.43,1392.2,1073.0
172,2,559.55,150.41,958.97,1071.23
172,3,1525.45,382.18,1647.39,667.56
172,4,365.11,390.73,649.84,858.08
172,5,1363.97,434.2,1465.63,676.48
172,6,526.17,311.56,650.88,768.8
172,7,126.77,508.04,198.2,743.49
172,8,1334.36,548.84,1384.66,681.42
173,1,961.06,3.42,1381.43,1073.37
173,2,561.45,144.01,936.61,1070.53
173,3,1532.43,378.92,1649.43,667.29
173,4,376.72,397.37,607.91,853.63
173,5,1366.7,435.8,1469.7,676.0
173,6,545.65,308.06,655.81,837.93
173,7,350.96,411.26,471.61,785.92
173,8,129.21,514.04,198.41,743.57
173,9,1335.73,554.75,1387.08,682.72
174,1,951.18,3.98,1372.61,1074.3
174,2,552.19,139.84,929.8,1068.85
174,3,1535.76,379.86,1649.04,666.14
174,4,397.14,388.89,598.72,849.75
174,5,353.88,410.22,475.52,770.2
174,6,1372.19,442.89,1466.18,678.01
174,7,1334.15,549.98,1390.05,682.51
174,8,129.17,518.89,199.04,743.02
175,1,945.09,3.48,1358.09,1073.82
175,2,537.56,134.99,919.23,1071.07
175,3,355.24,407.52,487.15,779.0
175,4,1545.11,382.47,1647.89,667.42
175,5,429.27,389.82,587.86,850.91
175,6,1378.21,455.83,1460.24,679.26
175,7,1336.79,548.0,1392.44,682.03
175,8,129.23,515.89,199.58,742.39
175,9,1385.02,472.04,1450.66,659.97
175,10,1543.25,443.82,1618.08,665.23
176,1,935.14,2.07,1335.07,1072.2
176,2,514.76,133.97,899.57,1070.24
176,3,1545.19,383.41,1656.21,664.79
176,4,366.38,414.06,502.95,798.4
176,5,1381.29,452.67,1460.8,681.02
176,6,1338.32,548.66,1391.92,683.04
176,7,127.57,510.34,200.39,742.76
176,8,1424.33,475.48,1478.16,667.48
176,9,1416.03,431.51,1480.94,678.26
176,10,469.83,396.08,592.14,831.6
177,1,925.99,1.06,1315.37,1072.95
177,2,513.33,133.68,882.28,1071.77
177,3,372.02,408.82,504.63,799.12
177,4,1546.27,386.73,1667.54,662.74
177,5,1340.35,549.24,1394.32,683.33
177,6,1386.54,458.23,1459.6,681.67
177,7,127.97,506.71,205.58,745.07
177,8,1424.8,469.03,1481.83,668.57
177,9,1411.12,436.71,1481.4,678.03
178,1,918.39,1.54,1291.74,1072.74
178,2,482.19,136.94,880.65,1074.99
178,3,376.81,404.38,503.47,801.87
178,4,1550.53,389.24,1673.93,662.09
178,5,1342.18,548.61,1397.87,683.25
178,6,1388.47,460.65,1458.92,680.93
178,7,1426.78,467.3,1482.85,668.1
178,8,127.94,503.43,205.8,744.76
178,9,0.14,519.73,96.93,659.77
179,1,904.75,3.3,1272.34,1068.51
179,2,436.93,140.9,864.8,1072.38
179,3,384.26,391.87,511.25,802.29
179,4,1555.18,390.96,1677.94,661.49
179,5,1344.44,548.26,1397.82,683.02
179,6,1389.76,459.67,1458.14,681.61
179,7,1428.5,449.54,1485.04,668.39
179,8,1414.31,436.75,1482.32,677.3
179,9,128.5,509.62,200.86,743.0
179,10,0.14,495.36,77.64,1003.51
180,1,899.7,1.87,1267.24,1071.93
180,2,426.62,139.69,862.91,1073.03
180,3,1561.21,391.36,1678.6,661.85
180,4,384.92,388.56,500.97,803.14
180,5,1345.29,548.12,1398.99,682.61
180,6,1391.59,457.95,1462.39,678.48
180,7,1429.23,461.21,1484.4,669.36
180,8,0.21,435.73,64.69,931.21
180,9,128.44,508.93,204.18,744.41
180,10,0.05,431.79,95.23,987.9
180,11,1411.16,455.78,1481.52,677.53
181,1,880.82,2.81,1254.76,1069.79
181,2,403.29,144.97,856.32,1073.62
181,3,1568.01,389.29,1682.67,659.68
181,4,713.88,315.74,879.28,820.66
181,5,0.34,173.63,126.07,1014.29
181,6,1347.09,548.13,1402.75,683.02
181,7,1417.92,456.43,1486.85,670.91
181,8,1392.94,456.91,1464.43,676.7
181,9,0.0,296.24,104.58,1001.67
181,10,720.53,319.57,836.23,812.58
181,11,129.52,528.8,200.6,743.95
181,12,1688.6,471.78,1737.31,583.06
182,1,868.91,3.02,1248.71,1071.34
182,2,392.47,140.91,847.73,1074.46
182,3,0.3,172.84,135.34,1010.58
182,4,1570.18,388.69,1686.9,657.94
182,5,716.96,322.17,865.15,825.96
182,6,1420.08,459.51,1487.65,669.84
182,7,1350.56,547.5,1400.66,684.95
182,8,1396.84,459.0,1465.07,675.79
182,9,128.05,506.74,204.2,742.51
182,10,1690.76,470.5,1736.02,583.37
183,1,859.95,4.05,1240.56,1069.23
183,2,368.86,137.91,849.16,1074.66
183,3,0.07,171.33,189.14,1007.83
183,4,707.45,320.23,861.33,832.25
183,5,1571.51,388.67,1686.73,659.48
183,6,1424.17,462.2,1488.52,668.63
183,7,1351.64,545.46,1401.73,683.97
183,8,1398.27,456.86,1467.35,675.72
183,9,129.51,513.35,206.48,746.02
183,10,1689.12,471.77,1735.28,583.87
184,1,0.4,187.8,287.31,996.67
184,2,846.42,4.75,1225.12,1069.68
184,3,697.9,320.87,867.62,824.74
184,4,337.98,119.34,832.57,1073.71
184,5,1577.05,388.21,1689.59,658.33
184,6,1416.95,460.58,1489.87,675.89
184,7,1353.23,544.67,1403.36,686.64
184,8,1438.4,477.99,1490.46,658.69
184,9,1398.54,455.52,1472.11,676.85
185,1,829.54,4.05,1217.0,1068.98
185,2,0.36,188.67,319.86,989.83
185,3,315.66,115.01,803.0,1072.2
185,4,1579.56,386.95,1693.45,657.86
185,5,721.2,319.42,871.13,830.19
185,6,1416.83,460.3,1490.25,674.09
185,7,1354.2,544.21,1402.53,685.54
185,8,1402.13,455.15,1475.66,678.14
185,9,1440.63,487.91,1490.91,647.99
185,10,1456.75,429.59,1542.17,635.88
186,1,820.89,3.53,1205.41,1070.44
186,2,0.33,200.85,305.95,988.53
186,3,279.99,102.98,751.87,1072.0
186,4,760.56,320.07,870.15,824.88
186,5,1583.85,386.11,1699.76,657.08
186,6,607.64,397.61,764.09,818.09
186,7,1354.9,544.1,1406.89,686.88
186,8,1456.43,425.7,1541.05,651.87
186,9,1403.15,451.94,1474.49,676.24
186,10,1414.07,457.8,1490.86,671.96
186,11,1441.77,464.35,1492.32,654.19
187,1,805.91,2.84,1196.78,1068.97
187,2,257.06,101.98,711.72,1070.03
187,3,1585.11,388.27,1701.4,655.72
187,4,13.87,211.3,301.23,981.72
187,5,623.41,384.46,778.96,822.96
187,6,773.72,333.55,873.24,824.39
187,7,1356.49,546.29,1408.37,686.58
187,8,1404.08,450.4,1476.79,676.4
187,9,0.09,214.25,150.46,986.81
187,10,1458.61,426.86,1543.29,653.3
187,11,579.67,377.95,667.39,766.23
187,12,1440.52,443.92,1494.69,643.08
187,13,1423.67,462.68,1488.08,663.83
188,1,794.56,1.91,1181.42,1068.5
188,2,222.67,94.72,637.2,1067.74
188,3,1587.85,388.27,1705.44,655.85
188,4,559.63,376.9,670.93,781.35
188,5,653.57,397.78,783.6,812.89
188,6,0.99,212.42,285.18,981.06
188,7,0.16,243.27,56.41,808.81
188,8,1464.23,428.99,1544.38,654.08
188,9,1411.1,444.63,1488.18,678.75
188,10,1360.09,544.83,1414.17,686.17
188,11,777.68,344.36,908.9,826.04
188,12,0.02,222.98,153.36,988.2
188,13,1432.59,441.37,1496.46,653.77
189,1,769.72,3.9,1166.39,1069.35
189,2,181.62,75.73,575.76,1069.34
189,3,1590.27,388.48,1709.6,655.96
189,4,537.67,374.9,682.19,787.0
189,5,686.81,396.45,791.53,814.22
189,6,5.39,221.8,241.08,995.4
189,7,0.0,232.87,111.44,999.63
189,8,1468.98,429.45,1543.8,653.28
189,9,1425.4,450.43,1495.0,677.53
189,10,1405.56,451.12,1482.32,680.45
189,11,1363.99,544.12,1420.36,686.93
189,12,82.58,213.7,240.37,913.42
190,1,755.41,5.63,1156.12,1070.88
190,2,1590.5,391.75,1711.72,657.11
190,3,692.62,398.25,804.93,817.67
190,4,534.9,375.8,703.83,790.7
190,5,165.3,73.68,535.31,1066.5
190,6,1365.54,541.67,1424.07,686.32
190,7,0.05,234.48,122.41,986.17
190,8,1425.48,449.55,1498.57,680.09
190,9,106.82,218.53,257.61,650.86
190,10,1477.73,429.0,1544.01,653.9
190,11,1405.01,452.24,1480.81,681.19
190,12,511.31,392.68,598.91,802.7
190,13,0.3,233.78,221.65,1005.59
191,1,741.07,5.75,1136.58,1068.16
191,2,10.85,78.31,511.57,1073.3
191,3,566.2,378.3,704.67,782.47
191,4,1594.43,393.9,1717.81,655.89
191,5,1368.86,541.25,1426.41,689.35
191,6,699.25,393.97,824.0,819.89
191,7,473.63,394.05,597.01,802.49
191,8,698.78,395.57,787.2,812.82
191,9,0.11,239.37,137.47,683.92
191,10,1440.78,451.19,1501.39,652.52
191,11,1414.49,451.76,1485.99,677.43
191,12,0.0,239.62,139.77,975.98
191,13,1482.28,430.5,1547.96,654.84
192,1,717.33,6.59,1132.89,1070.58
192,2,10.26,81.36,490.76,1063.95
192,3,573.95,377.41,711.59,784.77
192,4,1595.73,394.62,1724.87,656.24
192,5,478.26,388.69,602.36,804.09
192,6,0.0,249.66,161.01,972.31
192,7,1428.33,450.46,1501.75,678.81
192,8,1371.58,543.48,1425.03,690.8
192,9,1414.36,452.89,1489.82,676.59
192,10,1446.82,466.06,1503.03,659.09
192,11,1478.96,437.23,1550.99,647.17
192,12,704.75,398.45,784.3,817.89
193,1,709.63,4.77,1107.93,1070.68
193,2,577.2,377.37,728.75,787.26
193,3,7.23,79.44,470.62,1066.41
193,4,489.65,388.95,614.58,801.45
193,5,1600.85,398.02,1731.24,654.46
193,6,1438.8,457.1,1503.86,663.91
193,7,0.02,254.6,169.09,954.88
193,8,1414.47,456.27,1482.82,676.44
193,9,1374.7,539.91,1427.11,689.99
193,10,1482.75,437.5,1552.06,648.93
193,11,6.56,252.37,154.2,581.36
194,1,677.64,3.26,1083.34,1062.32
194,2,0.11,74.31,434.03,1066.24
194,3,1611.78,398.83,1730.17,656.34
194,4,586.99,379.88,708.56,787.66
194,5,507.87,387.96,633.72,810.26
194,6,1438.38,454.16,1505.35,668.94
194,7,1486.07,432.95,1554.04,650.43
194,8,1415.07,455.49,1476.91,675.74
194,9,1379.41,529.18,1430.57,690.31
195,1,662.23,0.0,1073.43,1066.9
195,2,590.12,379.42,692.91,739.03
195,3,0.74,75.51,435.97,1066.81
195,4,1620.84,399.46,1729.67,654.94
195,5,510.79,391.82,628.87,808.03
195,6,1444.07,456.84,1504.45,666.96
195,7,1489.18,431.92,1558.51,650.42
195,8,1378.29,535.83,1436.88,692.14
195,9,1424.93,451.82,1501.36,676.86
195,10,1415.98,457.4,1473.4,678.23
195,11,374.55,437.94,461.24,678.1
196,1,608.52,3.04,1064.6,1071.71
196,2,282.93,218.07,508.56,945.43
196,3,1620.61,399.54,1726.99,650.8
196,4,518.5,393.21,635.52,803.81
196,5,0.37,75.9,355.25,1057.94
196,6,1422.58,451.32,1507.47,685.02
196,7,1497.89,429.02,1559.24,649.01
196,8,909.89,371.84,1075.14,804.68
196,9,1379.83,536.67,1448.65,691.02
196,10,604.03,379.58,672.58,692.01
196,11,1444.84,457.06,1506.2,675.13
196,12,1414.88,456.02,1480.39,685.97
196,13,900.95,173.87,1076.28,806.41
196,14,598.66,382.02,664.69,791.73
197,1,574.69,4.83,1061.98,1071.02
197,2,268.56,224.07,541.85,957.11
197,3,1626.0,398.56,1726.79,650.23
197,4,0.56,73.12,333.57,1064.59
197,5,517.07,387.72,641.95,802.11
197,6,1498.43,429.52,1564.78,648.91
197,7,907.5,371.97,1072.09,803.91
197,8,1420.01,450.51,1508.22,685.54
197,9,1379.88,535.84,1451.29,690.3
197,10,1442.38,453.94,1504.99,682.33
197,11,1414.82,454.43,1474.8,685.33
198,1,261.79,226.36,572.34,964.09
198,2,544.68,3.68,1048.49,1070.43
198,3,1626.3,396.78,1725.92,647.63
198,4,515.47,388.71,631.15,802.18
198,5,1497.05,428.27,1566.83,648.09
198,6,0.64,65.94,337.01,1060.4
198,7,1417.34,446.6,1510.01,686.95
198,8,1450.15,454.11,1509.22,681.6
198,9,910.04,365.23,1067.41,805.79
198,10,1380.51,479.31,1456.91,691.45
198,11,1413.61,452.8,1471.27,688.07
198,12,1390.01,460.72,1482.63,688.35
198,13,1453.25,473.26,1508.84,624.04
199,1,511.99,5.03,1033.77,1071.99
199,2,259.03,231.17,588.66,966.0
199,3,1623.93,395.35,1726.23,646.51
199,4,1409.75,447.43,1512.16,688.46
199,5,0.5,46.8,242.61,1053.03
199,6,1500.2,426.18,1583.0,646.57
199,7,171.1,264.66,335.28,868.08
199,8,939.24,515.35,1067.57,802.93
199,9,1387.17,535.41,1451.94,692.11
199,10,1452.3,457.63,1509.88,684.54
200,1,481.91,0.36,1031.42,1070.75
200,2,260.79,233.9,569.49,960.99
200,3,1628.49,396.9,1727.12,645.26
200,4,1409.99,446.67,1512.34,687.76
200,5,0.56,52.62,224.65,1054.96
200,6,146.43,270.6,366.81,935.87
200,7,1502.51,426.61,1584.35,649.26
200,8,946.72,497.75,1098.46,802.73
200,9,944.69,365.83,1098.16,802.32
200,10,1393.74,539.08,1453.89,691.7
200,11,1455.53,456.54,1511.15,684.7
201,1,439.75,5.05,958.08,1074.21
201,2,1631.99,397.18,1732.41,645.65
201,3,261.55,244.18,549.23,954.47
201,4,184.09,263.47,380.78,946.39
201,5,0.4,92.74,187.57,1053.12
201,6,950.93,331.45,1141.52,800.45
201,7,1417.33,448.71,1517.34,687.49
201,8,1444.74,443.2,1515.42,682.3
201,9,1400.75,524.97,1459.39,691.79
201,10,1515.85,422.15,1585.35,648.02
201,11,848.81,315.35,1043.89,791.79
202,1,957.84,332.83,1163.84,798.18
202,2,397.02,0.0,963.79,1072.47
202,3,1636.62,400.21,1740.13,646.04
202,4,209.41,258.14,406.07,957.87
202,5,292.55,251.26,535.55,949.64
202,6,1403.89,505.42,1464.0,690.63
202,7,0.34,175.58,153.7,1061.97
202,8,1523.59,426.73,1587.73,647.28
202,9,1447.42,443.8,1518.87,684.04
202,10,1416.53,446.4,1520.1,688.07
202,11,832.5,265.46,1023.52,789.41
203,1,377.12,3.88,947.89,1071.2
203,2,225.7,257.46,417.21,893.98
203,3,948.87,334.9,1169.98,797.42
203,4,1638.37,400.03,1749.59,646.18
203,5,0.5,247.57,127.36,908.41
203,6,297.48,262.32,520.61,955.2
203,7,1403.83,494.72,1466.87,690.11
203,8,1522.6,427.69,1590.38,652.83
203,9,807.45,291.51,1002.44,789.96
203,10,1465.68,446.86,1522.57,685.11
203,11,1416.14,444.27,1516.33,689.86
203,12,1412.4,444.0,1481.51,690.2
203,13,764.44,81.01,1006.62,792.71
203,14,1469.24,477.82,1523.39,629.77
204,1,340.62,5.59,882.12,1071.79
204,2,238.91,262.78,441.88,920.11
204,3,960.96,341.67,1175.45,796.86
204,4,1642.05,402.08,1751.26,643.99
204,5,0.52,324.34,92.17,862.46
204,6,1469.7,443.38,1525.71,685.46
204,7,1535.41,424.51,1597.35,649.97
204,8,1407.26,507.48,1470.91,692.36
204,9,1421.15,443.02,1522.8,690.07
204,10,856.42,443.07,987.88,793.21
204,11,856.81,322.78,999.53,794.75
204,12,1436.26,445.93,1497.25,683.46
205,1,301.87,4.73,865.96,1070.23
205,2,958.97,341.05,1176.47,799.92
205,3,241.45,265.48,425.37,905.71
205,4,1646.82,403.4,1754.25,643.74
205,5,856.24,429.09,990.53,788.73
205,6,1461.57,444.31,1527.4,685.41
205,7,1423.44,444.51,1526.6,691.11
205,8,1530.76,425.93,1618.28,650.86
205,9,1408.96,483.54,1472.77,693.4
205,10,0.14,479.32,59.23,815.36
205,11,0.31,438.5,79.56,819.78
205,12,1437.83,447.63,1497.95,680.36
206,1,264.16,6.61,845.98,1069.45
206,2,853.88,415.52,1017.77,793.83
206,3,979.68,331.21,1175.49,791.32
206,4,1647.44,402.49,1758.23,644.45
206,5,234.86,272.07,389.7,897.93
206,6,0.08,426.01,63.03,1038.06
206,7,1549.29,429.23,1631.01,642.87
206,8,1425.8,443.9,1527.87,686.91
206,9,1413.74,482.75,1473.25,694.53
206,10,1420.72,441.71,1488.03,693.58
206,11,267.64,294.09,377.18,901.73
206,12,1458.52,442.87,1533.0,691.03
206,13,1435.54,445.59,1501.79,672.23
207,1,858.78,416.77,1037.45,793.08
207,2,235.46,6.28,820.2,1069.57
207,3,1651.28,404.81,1758.27,645.18
207,4,0.25,254.67,113.07,1027.53
207,5,1007.38,325.43,1175.22,784.95
207,6,1550.04,429.7,1635.32,644.32
207,7,1425.96,444.62,1533.55,688.28
207,8,1412.53,458.27,1473.37,695.87
207,9,1460.27,462.05,1536.28,681.32
207,10,653.74,357.78,836.45,781.67
207,11,1433.66,445.11,1508.72,687.82
208,1,209.88,7.22,790.87,1069.49
208,2,864.96,414.52,1042.64,785.18
208,3,0.39,254.5,180.93,1016.16
208,4,1655.72,404.93,1758.84,645.33
208,5,1017.34,334.51,1177.6,788.25
208,6,664.58,540.08,839.0,804.68
208,7,1425.85,440.85,1538.12,688.38
208,8,1545.97,426.99,1641.93,646.58
208,9,1414.87,534.65,1477.89,696.07
208,10,1415.3,451.44,1485.95,692.71
209,1,0.16,258.64,199.59,1014.94
209,2,171.43,7.18,724.11,1068.56
209,3,1027.49,335.62,1189.59,783.82
209,4,887.3,406.2,1029.89,778.19
209,5,1660.53,401.32,1761.97,643.06
209,6,1426.62,441.03,1541.67,688.83
209,7,666.16,373.28,820.57,800.43
209,8,544.17,341.58,713.06,901.08
209,9,1555.92,431.25,1647.06,649.8
209,10,1418.86,537.07,1480.25,695.81
210,1,134.64,0.05,665.7,1072.35
210,2,0.25,265.33,175.44,1005.44
210,3,1052.85,332.99,1210.73,783.72
210,4,907.37,408.8,1042.49,776.75
210,5,1662.95,399.81,1764.48,645.29
210,6,506.64,338.68,727.15,903.22
210,7,1425.22,442.89,1541.76,689.66
210,8,669.68,373.51,855.71,794.72
210,9,1536.36,432.55,1654.45,652.86
210,10,1569.4,434.05,1642.31,646.46
210,11,1465.68,449.99,1544.37,686.97
210,12,1420.57,534.36,1483.82,696.4
211,1,81.13,6.58,597.01,1068.76
211,2,1062.61,333.79,1246.85,781.46
211,3,0.21,270.54,138.44,950.24
211,4,499.44,251.17,782.03,906.5
211,5,926.33,404.67,1050.77,774.74
211,6,685.05,371.81,878.72,791.26
211,7,1666.98,399.16,1772.71,644.17
211,8,1425.46,444.17,1543.85,693.0
211,9,1572.18,432.43,1648.86,648.89
211,10,1418.12,453.78,1486.44,699.04
211,11,1478.33,451.2,1546.54,687.0
211,12,461.06,342.77,625.96,837.28
212,1,1071.1,332.21,1264.03,784.1
212,2,47.88,7.78,597.08,1068.03
212,3,515.87,251.96,812.73,906.07
212,4,942.1,404.95,1059.19,771.66
212,5,688.37,371.7,877.68,792.09
212,6,1667.25,398.27,1776.06,644.02
212,7,1428.93,443.71,1545.65,693.56
212,8,1564.69,431.53,1651.94,649.81
212,9,425.11,318.3,606.9,890.19
212,10,0.11,285.13,74.41,848.36
212,11,1423.94,464.83,1486.08,697.07
213,1,1077.63,335.7,1272.68,780.96
213,2,12.27,6.31,553.95,1068.01
213,3,518.41,254.39,823.05,904.66
213,4,947.72,406.53,1067.53,771.37
213,5,705.6,373.32,884.21,788.78
213,6,1668.95,399.19,1776.04,644.33
213,7,1429.63,442.89,1547.57,694.71
213,8,1571.6,429.23,1654.44,648.19
213,9,356.87,334.81,602.19,899.66
213,10,0.36,347.38,43.51,779.11
214,1,0.73,7.32,546.33,1066.85
214,2,1096.71,339.66,1290.27,779.63
214,3,517.21,265.09,829.2,903.67
214,4,965.6,404.73,1083.93,772.23
214,5,716.49,375.81,887.54,793.29
214,6,1674.19,400.79,1785.65,643.38
214,7,1424.98,442.55,1549.95,697.77
214,8,1579.43,428.72,1657.54,645.76
214,9,370.94,304.61,582.23,885.25
215,1,1.11,7.25,541.25,1066.57
215,2,1101.34,344.95,1299.57,782.33
215,3,969.12,408.1,1088.7,774.11
215,4,517.48,260.03,831.07,896.31
215,5,1676.57,401.84,1787.99,641.54
215,6,732.62,371.55,887.01,792.43
215,7,1420.18,441.63,1551.62,697.02
215,8,406.8,286.23,614.07,900.39
215,9,1582.05,428.85,1662.08,648.68
216,1,0.82,3.69,506.81,1067.76
216,2,531.59,258.17,833.41,895.17
216,3,1111.9,347.37,1303.9,779.71
216,4,983.94,412.36,1104.45,771.02
216,5,461.3,285.71,597.42,872.71
216,6,750.87,370.63,892.85,790.19
216,7,1677.98,401.5,1790.36,638.4
216,8,1592.11,430.91,1670.96,648.86
216,9,1421.65,444.84,1557.33,698.24
216,10,1436.03,537.33,1494.4,698.43
217,1,1113.15,349.39,1306.71,779.18
217,2,1.15,6.48,497.04,1065.89
217,3,563.17,251.12,834.31,893.07
217,4,988.64,414.16,1114.63,771.35
217,5,475.52,295.99,615.0,874.1
217,6,1680.23,404.47,1793.01,639.85
217,7,762.16,367.36,890.38,790.89
217,8,1595.21,423.11,1684.12,648.4
217,9,184.0,564.82,348.78,1007.98
217,10,1429.67,444.59,1560.93,699.77
217,11,756.93,369.67,853.05,793.81
217,12,1621.37,428.94,1686.97,644.68
217,13,1438.42,538.29,1496.48,700.06
218,1,1122.45,349.2,1311.16,779.14
218,2,0.81,4.58,481.81,1064.6
218,3,594.77,256.74,834.26,884.6
218,4,991.12,415.33,1125.48,768.37
218,5,490.5,285.11,621.76,863.51
218,6,1682.83,405.54,1792.17,639.68
218,7,164.21,537.64,367.01,1001.27
218,8,772.06,369.9,877.97,787.08
218,9,1599.77,423.03,1691.47,648.91
218,10,1448.63,442.7,1563.38,699.03
218,11,1626.68,426.85,1690.22,644.97
218,12,1484.81,447.71,1563.53,699.17
219,1,1130.81,350.24,1317.44,777.39
219,2,633.14,254.94,837.14,873.88
219,3,998.98,415.1,1140.96,764.51
219,4,500.81,283.02,647.04,863.4
219,5,143.8,501.17,449.56,1006.28
219,6,0.57,1.72,235.5,1063.63
219,7,1684.27,407.71,1796.63,641.0
219,8,786.78,370.67,887.97,782.73
219,9,1607.49,426.15,1693.54,647.22
219,10,1446.79,446.61,1559.46,698.24
219,11,0.67,5.67,445.85,1062.97
220,1,1144.66,349.23,1325.42,769.1
220,2,1009.65,415.9,1138.68,758.62
220,3,512.6,293.37,677.46,865.62
220,4,668.25,261.27,858.43,872.71
220,5,137.09,482.17,505.53,1004.85
220,6,1691.84,407.23,1797.36,640.98
220,7,1614.62,425.43,1709.57,650.07
220,8,0.7,6.17,434.62,1066.64
220,9,782.93,372.36,895.89,785.53
220,10,1454.02,444.27,1563.74,698.82
220,11,0.39,14.46,281.83,1065.29
221,1,1151.82,347.26,1322.27,769.47
221,2,137.59,279.93,550.83,991.44
221,3,695.73,266.11,898.86,871.16
221,4,527.18,291.02,746.98,861.55
221,5,1029.38,414.93,1148.14,757.88
221,6,1617.26,423.84,1715.3,648.36
221,7,1693.65,404.79,1796.79,640.53
221,8,1469.45,438.8,1568.27,698.68
221,9,804.22,347.8,922.98,786.41
221,10,0.14,9.61,395.62,1053.47
222,1,1158.41,349.16,1320.94,765.99
222,2,1039.94,415.53,1154.46,755.77
222,3,531.94,296.68,757.27,859.56
222,4,708.5,260.98,920.7,875.62
222,5,147.6,288.26,569.69,987.82
222,6,1696.04,403.92,1797.49,638.21
222,7,1617.95,423.67,1707.12,648.11
222,8,812.89,359.1,952.05,787.95
222,9,1471.46,438.04,1561.62,699.27
222,10,133.89,523.01,249.06,943.82
222,11,0.41,50.76,307.04,709.99
222,12,135.18,273.51,279.6,953.28
223,1,1161.79,349.23,1319.79,762.56
223,2,529.86,300.71,754.6,862.87
223,3,1046.96,414.19,1156.84,754.48
223,4,719.44,264.45,929.67,873.67
223,5,170.71,290.14,573.13,992.18
223,6,1696.42,401.91,1798.21,639.07
223,7,1469.7,437.07,1560.57,700.39
223,8,1624.9,425.36,1710.32,647.28
223,9,141.26,305.5,296.04,964.76
223,10,831.26,376.01,975.78,780.41
223,11,216.81,311.75,298.22,496.54
224,1,532.08,309.29,758.44,860.4
224,2,194.65,290.8,581.48,984.66
224,3,1170.53,347.12,1313.96,761.66
224,4,734.74,283.47,976.72,871.46
224,5,1053.73,413.47,1176.14,754.0
224,6,138.04,313.17,329.83,950.99
224,7,1700.63,396.06,1800.31,638.65
224,8,1466.81,435.75,1554.5,701.12
224,9,1622.77,435.29,1718.65,645.68
224,10,857.96,428.9,1001.54,775.29
225,1,535.47,307.85,761.76,858.88
225,2,212.03,289.76,579.94,982.59
225,3,749.58,284.57,998.28,871.38
225,4,1173.28,346.93,1333.24,760.64
225,5,1062.67,412.75,1180.01,753.98
225,6,139.17,318.13,345.55,939.71
225,7,1704.38,397.41,1803.06,638.67
225,8,1478.7,433.86,1548.95,698.89
225,9,1629.84,423.71,1736.86,648.69
225,10,1519.21,461.9,1589.37,669.97
225,11,864.56,498.9,1011.72,776.0
225,12,1498.14,435.28,1586.75,687.64
225,13,1434.58,434.84,1547.32,701.3
225,14,1530.95,468.14,1590.36,641.64
226,1,752.91,280.31,1010.2,868.6
226,2,1184.91,354.51,1355.51,759.92
226,3,554.88,302.22,763.59,855.83
226,4,253.75,294.17,574.91,958.89
226,5,1069.59,417.12,1197.6,753.0
226,6,147.23,311.45,379.27,938.66
226,7,1714.89,405.23,1805.6,635.19
226,8,1513.53,438.72,1589.73,694.49
226,9,1472.43,553.05,1533.53,703.27
226,10,1648.02,427.89,1737.64,637.28
226,11,1488.33,434.97,1560.37,694.01
226,12,1532.66,463.45,1591.93,673.88
226,13,1471.12,443.2,1533.16,702.84
227,1,750.0,277.39,1010.59,864.0
227,2,292.51,291.01,575.5,955.66
227,3,572.27,316.16,760.88,849.41
227,4,1196.82,353.12,1359.27,761.0
227,5,1076.88,418.94,1197.51,754.14
227,6,151.69,315.62,391.5,942.3
227,7,1656.45,425.42,1748.52,641.38
227,8,1720.03,403.46,1807.69,631.79
227,9,1519.23,437.61,1591.66,686.88
227,10,1536.21,459.14,1593.56,677.73
227,11,1473.74,546.26,1538.15,703.74
227,12,1191.0,358.37,1300.41,762.42
227,13,1491.79,435.11,1565.24,692.79
227,14,1474.94,450.98,1537.79,703.29
227,15,897.78,476.96,1015.04,773.18
227,16,1720.9,409.19,1784.27,634.89
228,1,751.36,277.81,1018.72,864.36
228,2,344.03,289.74,585.43,956.22
228,3,597.01,288.71,769.3,846.67
228,4,1199.72,355.56,1360.72,760.62
228,5,1082.43,421.02,1204.58,754.11
228,6,176.48,310.63,420.3,931.88
228,7,1670.42,422.72,1751.32,640.16
228,8,1515.14,437.67,1594.1,694.55
228,9,1536.24,456.85,1594.46,687.68
228,10,1723.01,405.84,1813.0,628.62
228,11,1475.5,546.08,1542.13,704.26
228,12,1476.69,437.74,1541.77,703.88
228,13,1721.2,412.28,1776.42,635.11
228,14,905.81,480.34,1025.62,775.58
228,15,1489.34,434.29,1560.35,696.42
228,16,1753.21,405.07,1813.98,626.63
229,1,764.91,287.77,1036.47,865.14
229,2,630.46,300.9,781.0,836.74
229,3,396.29,289.96,624.03,953.64
229,4,1085.71,427.88,1214.9,752.43
229,5,1206.47,361.71,1359.67,759.35
229,6,215.37,316.5,444.42,909.76
229,7,1676.39,420.2,1755.72,642.67
229,8,1503.78,436.99,1605.44,698.17
229,9,1482.84,540.62,1545.47,704.12
229,10,1738.23,404.25,1815.62,629.68
229,11,1524.24,454.73,1597.8,692.26
229,12,108.71,476.95,205.57,744.22
229,13,1728.97,410.3,1790.42,621.69
230,1,774.94,281.86,1036.57,869.32
230,2,1212.64,359.44,1360.76,758.54
230,3,412.09,292.94,647.22,955.46
230,4,251.06,303.02,473.84,912.24
230,5,647.13,295.38,793.41,833.32
230,6,1086.43,427.05,1220.89,751.16
230,7,1682.69,417.02,1761.38,643.89
230,8,1509.7,440.64,1612.61,698.33
230,9,1743.15,406.73,1816.93,632.32
230,10,1488.13,541.53,1546.57,704.86
230,11,1490.25,452.17,1546.95,703.54
230,12,111.13,476.68,202.05,743.67
231,1,437.94,293.87,671.28,959.81
231,2,810.8,282.36,1034.13,857.03
231,3,1225.42,354.61,1360.88,757.26
231,4,662.49,297.95,817.53,827.16
231,5,1100.74,426.62,1236.01,748.53
231,6,308.66,305.67,478.8,904.26
231,7,1514.22,436.32,1619.25,700.81
231,8,1688.52,419.38,1761.39,641.9
231,9,1492.01,542.41,1550.44,703.41
231,10,1746.92,409.28,1818.33,620.94
231,11,1494.03,448.37,1550.17,703.41
231,12,115.43,512.3,199.62,743.65
232,1,833.7,278.34,1034.33,848.03
232,2,453.59,299.98,691.2,953.29
232,3,1225.04,356.82,1358.45,755.79
232,4,352.04,313.57,492.45,892.58
232,5,671.76,292.37,829.71,832.25
232,6,1108.72,418.87,1232.58,745.58
232,7,1520.49,438.99,1618.02,701.85
232,8,1691.19,420.88,1764.34,643.15
232,9,1751.27,411.62,1824.29,630.04
232,10,1497.08,536.92,1553.77,703.37
232,11,113.7,511.01,199.69,741.97
232,12,1495.46,446.84,1554.31,704.58
233,1,863.08,277.97,1031.83,838.93
233,2,465.86,302.49,710.94,953.14
233,3,1234.18,353.47,1360.48,749.35
233,4,675.91,295.03,854.38,830.93
233,5,377.11,306.61,507.17,907.67
233,6,1119.31,423.91,1238.29,742.27
233,7,1754.0,411.0,1828.1,629.32
233,8,1692.07,417.77,1769.41,645.29
233,9,1515.27,437.84,1618.61,703.7
233,10,1539.87,433.92,1609.92,697.27
233,11,117.39,525.19,199.59,742.75
233,12,1500.99,533.72,1564.26,706.16
233,13,1501.14,446.47,1562.38,706.79
233,14,23.77,496.21,113.01,750.21
234,1,467.91,311.59,725.55,949.01
234,2,1244.43,352.61,1376.92,746.18
234,3,877.79,279.65,1031.34,838.8
234,4,685.34,306.15,902.48,826.23
234,5,390.79,314.26,522.27,906.43
234,6,1701.72,416.43,1783.8,643.44
234,7,1141.42,424.76,1241.87,742.77
234,8,1760.79,409.41,1833.02,626.4
234,9,1507.66,433.82,1610.45,704.58
234,10,1540.87,437.69,1616.39,701.44
234,11,116.21,515.28,200.4,745.93
234,12,21.77,495.37,113.48,753.77
235,1,474.67,311.62,740.89,945.35
235,2,885.26,284.57,1038.14,840.51
235,3,1251.64,354.26,1386.51,746.99
235,4,702.03,306.95,894.89,829.68
235,5,408.66,315.64,540.69,906.93
235,6,1154.5,425.0,1253.74,741.16
235,7,1763.59,407.66,1833.79,630.35
235,8,1706.1,417.01,1788.97,643.87
235,9,1504.41,429.18,1588.08,706.22
235,10,1514.92,430.44,1617.35,706.29
235,11,1505.72,533.1,1583.83,706.63
235,12,1144.42,414.48,1204.39,739.37
235,13,117.44,507.55,200.82,754.04
235,14,1546.69,441.15,1618.17,699.76
235,15,28.27,497.28,116.46,753.02
236,1,489.92,314.5,758.68,944.42
236,2,708.7,303.6,919.54,823.14
236,3,892.67,278.48,1082.13,838.38
236,4,405.73,317.65,575.33,915.26
236,5,1256.68,357.92,1411.62,746.36
236,6,1166.04,427.11,1265.52,739.67
236,7,1508.42,535.58,1610.97,707.01
236,8,1769.14,407.5,1840.74,628.47
236,9,1710.59,425.53,1798.52,644.56
236,10,97.18,446.31,199.81,772.96
236,11,1521.42,431.27,1620.5,704.54
236,12,1151.88,416.55,1228.56,740.99
236,13,1547.16,434.88,1622.98,692.23
237,1,507.62,313.34,769.36,941.01
237,2,710.84,315.14,923.18,826.9
237,3,905.65,279.97,1113.6,837.78
237,4,389.36,323.88,597.9,905.09
237,5,1261.18,356.73,1417.99,744.71
237,6,1170.1,427.41,1270.37,738.1
237,7,1508.84,537.85,1602.12,707.75
237,8,1774.1,406.05,1845.45,626.96
237,9,1709.72,429.9,1803.02,642.82
237,10,98.66,455.19,200.11,762.52
237,11,1566.28,457.83,1622.92,698.1
237,12,28.14,498.35,113.68,752.7
237,13,1527.9,428.27,1615.02,689.63
238,1,915.58,284.77,1139.78,838.59
238,2,713.03,318.3,923.25,825.78
238,3,1264.46,356.0,1422.5,745.19
238,4,540.06,315.67,783.45,934.38
238,5,403.44,323.32,626.98,898.11
238,6,1172.91,426.39,1266.92,738.56
238,7,1508.27,537.98,1614.24,708.18
238,8,103.74,448.18,197.31,753.73
238,9,1714.55,420.65,1812.05,643.61
238,10,1778.27,405.38,1846.94,630.68
238,11,1567.99,460.99,1626.26,691.97
238,12,27.05,498.26,112.84,753.9
238,13,1719.08,405.22,1839.31,641.1
238,14,1534.22,430.27,1626.44,676.48
239,1,589.47,314.78,797.63,907.47
239,2,1278.15,360.57,1438.01,746.84
239,3,925.86,287.18,1162.35,838.53
239,4,714.47,314.08,934.13,823.42
239,5,1180.33,433.8,1278.61,738.14
239,6,416.35,332.93,641.84,897.22
239,7,1516.02,536.47,1616.46,706.56
239,8,1729.86,422.64,1810.38,641.45
239,9,106.11,458.2,198.35,763.04
239,10,1777.39,407.3,1852.55,633.07
239,11,1572.75,454.88,1631.22,635.74
239,12,1750.23,411.75,1826.48,640.06
240,1,1286.62,364.16,1434.12,743.95
240,2,725.39,310.74,935.62,828.14
240,3,932.6,295.77,1167.54,837.16
240,4,1183.48,430.65,1284.04,737.33
240,5,606.16,311.76,810.41,883.63
240,6,433.98,338.01,682.84,901.22
240,7,1520.3,537.35,1616.58,706.88
240,8,1738.12,415.07,1814.25,638.35
240,9,899.3,375.65,966.72,755.05
240,10,27.95,499.12,109.99,750.6
240,11,107.53,463.13,198.44,751.91
241,1,1291.72,364.04,1452.77,736.61
241,2,928.2,295.6,1166.58,835.38
241,3,625.12,317.09,821.44,907.49
241,4,755.48,309.24,937.04,815.08
241,5,1186.64,430.52,1293.5,733.27
241,6,472.14,343.06,660.1,890.32
241,7,1531.28,420.8,1626.0,706.53
241,8,1742.28,415.01,1829.14,635.57
241,9,912.73,380.61,980.56,778.59
241,10,108.73,466.51,199.98,747.55
241,11,1788.54,407.75,1866.68,601.35
241,12,1576.04,456.58,1635.98,638.35
242,1,628.75,317.97,840.87,897.34
242,2,1297.46,370.42,1450.91,738.76
242,3,501.86,344.43,666.66,879.24
242,4,932.2,294.28,1168.87,826.43
242,5,1190.81,426.33,1299.42,733.33
242,6,799.79,309.57,942.65,808.54
242,7,1747.47,413.7,1829.51,636.14
242,8,1538.32,426.57,1626.83,706.14
242,9,914.6,380.36,995.49,810.06
242,10,114.17,528.34,199.8,763.5
243,1,628.17,321.45,861.92,897.96
243,2,1297.58,369.89,1459.73,739.45
243,3,939.53,294.2,1169.68,827.11
243,4,812.61,312.14,947.2,807.0
243,5,1196.78,401.57,1301.21,732.32
243,6,536.17,333.48,674.36,874.95
243,7,920.42,384.75,1008.12,737.19
243,8,1753.27,417.07,1828.91,641.64
243,9,1557.99,530.89,1631.38,707.11
243,10,28.44,499.77,114.38,752.92
244,1,634.36,319.38,923.05,897.07
244,2,962.65,293.25,1169.18,827.33
244,3,1298.44,371.8,1460.68,739.05
244,4,821.86,302.32,952.72,810.02
244,5,1202.17,418.61,1306.17,729.5
244,6,571.25,329.69,693.88,866.57
244,7,925.79,388.09,1020.15,757.21
244,8,1761.51,411.88,1846.75,642.2
244,9,1566.57,534.04,1635.01,707.51
244,10,1538.9,421.58,1638.34,706.14
244,11,114.4,485.2,199.07,762.4
245,1,638.66,324.66,948.31,894.65
245,2,978.35,292.89,1170.98,825.97
245,3,1304.2,371.39,1451.44,735.41
245,4,1206.45,418.4,1308.09,727.31
245,5,581.3,329.96,699.97,854.98
245,6,840.76,307.11,955.89,783.32
245,7,927.5,383.06,1033.12,747.17
245,8,1766.49,409.0,1866.07,640.87
245,9,1539.4,421.87,1640.26,708.43
245,10,1567.2,536.16,1638.81,708.3
246,1,645.06,327.38,956.36,892.55
246,2,1008.18,293.92,1179.93,817.75
246,3,1290.08,371.86,1452.78,730.61
246,4,602.84,331.69,714.55,865.29
246,5,1209.25,419.72,1314.04,727.86
246,6,848.75,307.68,969.49,778.85
246,7,1767.21,415.83,1867.99,642.47
246,8,1538.14,421.53,1656.52,705.65
246,9,935.56,378.49,1057.44,757.11
246,10,1572.54,547.65,1658.86,708.28
247,1,652.28,326.78,957.8,894.52
247,2,1026.78,295.73,1198.65,821.72
247,3,1315.43,370.94,1450.97,729.38
247,4,615.72,334.43,728.32,864.72
247,5,1211.78,411.86,1320.46,728.44
247,6,869.24,309.1,982.44,783.87
247,7,954.94,381.45,1065.0,742.54
247,8,1538.24,421.97,1664.95,710.46
247,9,1771.88,411.14,1871.78,640.08
247,10,1770.5,410.49,1842.35,640.51
247,11,1538.76,426.48,1613.27,705.24
248,1,671.13,325.41,958.01,893.14
248,2,1040.13,295.51,1218.6,813.27
248,3,1320.77,365.01,1445.13,725.81
248,4,1199.23,415.78,1327.51,727.36
248,5,626.1,334.26,745.66,864.97
248,6,966.2,381.62,1068.23,737.11
248,7,879.1,308.12,1004.23,794.06
248,8,1774.74,419.76,1861.61,640.29
248,9,1539.47,422.21,1659.94,710.71
248,10,1792.44,414.18,1876.2,631.48
248,11,1539.35,427.74,1610.15,699.86
248,12,27.2,498.33,112.38,751.52
249,1,1046.06,296.13,1245.98,816.92
249,2,696.43,329.97,957.73,882.32
249,3,1330.75,364.17,1443.52,726.33
249,4,1223.82,412.56,1339.44,724.94
249,5,625.01,348.55,796.7,861.51
249,6,973.36,381.52,1081.93,746.6
249,7,1779.28,416.54,1870.46,640.98
249,8,893.87,315.42,1034.31,786.02
249,9,1540.38,422.82,1626.6,703.23
249,10,654.05,335.72,825.68,868.66
249,11,1286.49,405.17,1343.81,724.28
249,12,1589.11,538.65,1662.67,710.92
250,1,1054.61,297.18,1264.07,817.16
250,2,722.98,328.72,963.61,877.86
250,3,1334.06,366.0,1448.7,727.79
250,4,621.89,342.13,809.12,866.58
250,5,1232.02,400.79,1349.61,724.92
250,6,1779.53,411.63,1883.77,637.91
250,7,981.99,379.19,1082.93,756.88
250,8,1540.0,430.06,1617.34,693.72
250,9,894.82,316.54,1043.91,779.09
250,10,1599.9,545.45,1663.72,711.15
250,11,1267.99,397.78,1350.33,723.0
251,1,1066.34,303.0,1276.98,815.01
251,2,771.55,323.82,973.93,875.59
251,3,1341.06,371.32,1471.67,726.92
251,4,1783.79,409.44,1882.1,637.83
251,5,626.74,345.7,831.71,861.38
251,6,1241.58,385.47,1351.71,725.03
251,7,1613.43,545.7,1670.4,711.11
251,8,916.31,325.55,1024.24,767.54
251,9,1539.13,431.91,1611.13,693.09
251,10,997.86,379.06,1071.46,759.5
251,11,924.36,348.44,1060.27,786.52
252,1,1071.28,303.62,1286.45,816.43
252,2,807.37,324.89,987.06,876.03
252,3,1343.92,371.63,1477.4,721.65
252,4,634.04,337.38,849.06,853.28
252,5,1785.84,413.31,1881.02,638.76
252,6,1245.43,386.88,1361.76,725.61
252,7,1620.89,542.27,1676.25,711.55
252,8,926.4,329.61,1032.39,769.96
252,9,1540.85,424.03,1625.19,700.39
252,10,1005.67,377.44,1081.7,756.88
252,11,1588.36,451.24,1631.3,686.08
253,1,642.89,342.24,873.39,860.66
253,2,1347.41,372.19,1481.92,720.3
253,3,1083.35,310.74,1295.83,815.73
253,4,823.35,322.14,999.17,873.0
253,5,1787.5,413.68,1884.58,637.68
253,6,1251.53,381.19,1380.14,723.22
253,7,1622.48,538.14,1680.42,711.16
253,8,1538.09,432.19,1607.25,693.68
253,9,927.95,327.0,1030.51,732.7
253,10,1009.25,378.77,1083.19,755.0
253,11,1538.81,424.08,1630.11,702.81
253,12,1587.43,449.35,1632.2,686.61
254,1,1352.43,374.59,1483.48,722.21
254,2,1090.27,308.94,1263.76,813.62
254,3,669.22,337.97,871.53,854.33
254,4,845.04,324.75,1021.24,871.98
254,5,1624.15,523.67,1700.97,715.57
254,6,1793.23,415.6,1887.38,634.62
254,7,1017.81,382.43,1092.74,749.19
254,8,1254.06,403.65,1360.68,723.48
254,9,1541.35,429.29,1618.01,700.23
254,10,1228.22,425.32,1303.51,687.18
254,11,114.27,489.89,204.39,744.67
255,1,857.84,326.68,1034.73,867.64
255,2,688.86,337.01,871.15,842.94
255,3,1095.59,307.21,1262.62,810.86
255,4,1352.51,373.96,1481.23,723.12
255,5,1625.34,523.96,1712.25,713.62
255,6,1799.2,415.82,1891.96,633.94
255,7,1005.44,385.41,1101.46,760.17
255,8,1541.06,429.37,1620.25,700.1
255,9,1257.11,395.55,1369.93,721.23
255,10,1226.98,424.51,1306.22,686.88
255,11,1030.45,409.36,1102.97,749.39
255,12,113.01,487.88,208.03,744.41
256,1,872.1,330.18,1064.06,871.07
256,2,1358.13,374.16,1481.92,723.32
256,3,724.11,340.45,875.06,837.3
256,4,1104.1,305.9,1306.36,806.8
256,5,1631.67,525.23,1725.04,713.51
256,6,1806.6,413.06,1896.39,633.16
256,7,1028.78,387.25,1112.51,745.06
256,8,1537.39,436.33,1608.26,694.14
256,9,1275.0,388.55,1375.73,717.87
256,10,1539.26,424.29,1632.28,701.28
256,11,1223.79,416.0,1311.2,668.57
256,12,969.44,328.55,1052.49,686.58
256,13,112.72,488.66,203.52,744.76
257,1,873.83,328.76,1082.61,870.04
257,2,1112.32,305.47,1310.46,808.65
257,3,1366.26,375.12,1481.62,721.03
257,4,751.36,339.08,890.16,834.45
257,5,1637.13,526.08,1729.9,715.23
257,6,1811.83,411.8,1900.57,633.58
257,7,1285.55,387.98,1377.57,716.95
257,8,1041.51,389.75,1124.13,745.9
257,9,1537.61,436.23,1607.59,694.71
257,10,1539.88,423.75,1634.35,701.54
257,11,114.04,495.43,202.03,744.46
257,12,1229.96,407.3,1313.45,673.68
258,1,878.56,324.13,1092.91,874.71
258,2,1118.67,303.27,1316.28,804.39
258,3,1372.16,375.74,1485.41,718.26
258,4,758.44,337.18,901.47,836.13
258,5,1639.74,529.15,1732.06,715.47
258,6,1817.17,411.36,1903.8,634.52
258,7,1286.2,417.09,1377.77,712.52
258,8,1537.67,437.41,1608.29,695.21
258,9,1043.28,391.25,1126.97,743.05
258,10,115.64,497.4,200.37,744.42
258,11,1540.33,426.89,1632.37,701.42
258,12,1299.74,466.69,1372.65,717.66
259,1,1382.26,375.56,1491.74,716.43
259,2,880.57,328.97,1106.31,872.19
259,3,1132.3,304.36,1314.52,792.24
259,4,765.45,341.76,922.29,836.62
259,5,1293.03,419.23,1383.93,713.78
259,6,1644.8,530.28,1729.74,716.53
259,7,1817.73,411.37,1911.04,633.84
259,8,1540.98,430.0,1622.4,700.34
259,9,1040.38,393.24,1148.0,740.14
259,10,1533.73,433.96,1604.12,697.79
259,11,113.94,491.42,199.02,744.51
260,1,892.14,334.11,1106.8,873.51
260,2,1390.73,373.53,1512.18,717.07
260,3,1138.05,305.9,1317.82,793.78
260,4,793.07,342.76,937.6,829.33
260,5,1818.39,412.08,1910.22,633.88
260,6,1656.23,530.56,1735.47,717.05
260,7,1296.19,418.57,1392.64,713.72
260,8,1542.73,423.84,1623.61,700.94
260,9,1049.44,393.63,1158.27,736.49
260,10,115.88,498.59,198.7,744.52
260,11,1058.78,393.82,1128.14,733.65
261,1,1141.61,306.11,1318.3,792.38
261,2,1394.29,372.25,1518.33,716.97
261,3,805.01,341.24,950.56,835.02
261,4,910.91,331.54,1110.11,865.83
261,5,1666.84,534.43,1741.68,718.28
261,6,1821.85,410.41,1907.82,634.19
261,7,1302.15,411.27,1395.53,712.91
261,8,1542.07,422.37,1624.74,701.46
261,9,1061.57,394.28,1157.44,736.84
261,10,114.63,496.08,199.18,745.03
262,1,815.83,343.51,977.83,833.99
262,2,1151.55,304.96,1318.48,791.92
262,3,952.22,335.69,1126.5,847.1
262,4,1395.98,373.37,1521.71,714.66
262,5,1821.97,414.26,1908.25,635.77
262,6,1308.08,426.32,1401.03,712.97
262,7,1679.34,529.07,1750.12,718.04
262,8,1544.05,420.83,1625.89,700.69
262,9,1076.43,392.61,1171.21,759.71
262,10,30.86,497.54,114.06,749.72
262,11,117.82,505.75,199.18,744.99
262,12,1074.89,389.72,1147.94,739.94
263,1,1157.75,307.34,1319.99,792.58
263,2,816.64,344.84,994.0,831.46
263,3,1396.07,373.57,1537.53,714.04
263,4,966.76,330.25,1140.73,847.1
263,5,1310.46,428.8,1397.75,713.11
263,6,1825.15,414.93,1917.06,635.6
263,7,1682.26,528.62,1751.88,719.41
263,8,1543.42,422.12,1629.23,701.51
263,9,118.85,510.75,199.08,744.87
263,10,1082.14,391.67,1190.98,760.89
263,11,31.91,497.71,114.71,749.75
263,12,1076.32,389.69,1158.47,764.59
264,1,982.08,329.31,1157.96,849.73
264,2,1157.55,308.66,1340.04,786.41
264,3,819.0,345.57,1013.59,830.27
264,4,1399.83,373.22,1539.89,715.59
264,5,1688.17,532.11,1757.04,719.67
264,6,1314.47,432.67,1400.29,709.6
264,7,1826.53,416.36,1918.81,635.21
264,8,1542.58,419.36,1630.42,702.61
264,9,1538.77,431.63,1609.32,695.91
264,10,122.08,514.02,198.81,743.39
264,11,26.87,501.05,113.48,749.55
265,1,822.23,347.35,1012.53,827.42
265,2,993.16,333.94,1166.28,845.26
265,3,1160.94,308.48,1354.91,786.02
265,4,1398.8,374.77,1537.35,714.81
265,5,1318.06,433.96,1403.96,709.65
265,6,1692.44,531.6,1763.62,722.99
265,7,1826.24,416.16,1917.81,635.36
265,8,1543.15,418.57,1632.46,702.75
265,9,1539.11,428.1,1611.65,697.24
265,10,122.48,514.95,199.03,743.86
265,11,1841.52,429.55,1909.22,633.02
266,1,1002.55,332.65,1176.04,844.94
266,2,1179.43,315.09,1367.09,786.72
266,3,833.89,352.09,1017.15,827.25
266,4,1403.78,375.67,1539.41,713.06
266,5,1319.46,431.49,1407.13,708.81
266,6,1825.48,417.14,1918.45,636.14
266,7,1542.7,419.41,1635.35,703.55
266,8,1696.13,533.08,1768.66,723.34
266,9,1541.69,423.02,1609.11,694.11
266,10,121.72,515.06,199.29,743.71
266,11,1843.19,432.26,1913.3,632.74
267,1,1019.46,330.68,1216.39,840.11
267,2,1191.62,320.23,1370.99,785.71
267,3,862.55,359.51,1024.48,829.02
267,4,1414.59,379.1,1534.92,711.31
267,5,1701.98,538.36,1773.42,722.88
267,6,1826.3,420.36,1919.28,633.15
267,7,1543.16,422.11,1625.66,701.32
267,8,1328.97,425.79,1407.7,703.89
267,9,121.38,518.05,199.57,743.58
267,10,34.42,546.23,111.88,748.65
267,11,1596.82,479.4,1643.5,636.24
268,1,1023.51,335.2,1253.38,843.71
268,2,880.61,355.44,1032.83,818.7
268,3,1416.5,382.06,1532.83,710.37
268,4,1201.81,315.3,1365.89,773.08
268,5,1827.97,420.29,1919.38,632.47
268,6,1700.94,538.74,1777.69,723.97
268,7,1335.77,425.03,1412.65,701.7
268,8,1544.99,421.55,1628.39,700.6
268,9,122.75,518.46,199.32,743.49
268,10,32.85,554.9,110.38,748.86
269,1,1030.34,340.24,1268.25,842.23
269,2,1424.65,385.53,1540.4,710.82
269,3,908.5,354.46,1047.32,813.08
269,4,1205.76,321.15,1366.32,779.07
269,5,1546.73,423.01,1636.5,700.77
269,6,1832.2,417.98,1919.42,632.42
269,7,1712.86,534.32,1782.88,723.29
269,8,1345.42,428.93,1420.57,702.06
269,9,122.43,519.52,199.28,743.5
270,1,1033.58,340.63,1270.52,840.46
270,2,1429.56,389.58,1541.94,709.81
270,3,916.87,359.78,1043.44,806.6
270,4,1218.36,322.48,1369.6,775.86
270,5,1547.38,423.88,1637.36,701.26
270,6,1716.38,529.51,1785.57,722.64
270,7,1835.13,417.1,1919.46,631.26
270,8,1348.88,434.18,1429.46,702.28
270,9,122.09,516.59,199.14,743.72
271,1,1038.54,337.07,1268.28,838.19
271,2,1433.01,389.77,1544.61,709.56
271,3,1225.73,316.91,1375.0,774.87
271,4,919.54,347.45,1046.04,809.04
271,5,1720.9,529.16,1790.37,722.6
271,6,1548.32,423.16,1628.58,701.33
271,7,1835.07,418.05,1919.5,630.36
271,8,1355.11,428.5,1431.95,700.93
271,9,123.08,518.58,199.09,743.25
271,10,22.86,543.08,109.28,748.38
272,1,1052.11,334.8,1273.39,834.99
272,2,1228.73,318.0,1390.28,776.68
272,3,1439.29,389.77,1544.73,706.72
272,4,925.27,347.83,1066.48,813.06
272,5,1551.86,421.74,1635.68,702.15
272,6,1839.26,414.92,1919.5,630.14
272,7,1724.15,529.88,1810.72,724.78
272,8,1360.28,432.93,1444.09,701.73
272,9,121.44,518.34,199.73,742.98
272,10,29.22,507.14,112.26,749.47
272,11,1686.19,472.48,1731.98,582.03
273,1,1073.68,336.09,1275.64,836.79
273,2,1439.38,389.81,1543.75,702.67
273,3,1228.0,317.19,1398.21,773.36
273,4,1555.56,424.34,1634.46,701.97
273,5,931.63,357.02,1053.2,807.16
273,6,1723.56,525.65,1818.17,725.78
273,7,1841.42,416.62,1919.43,629.7
273,8,1367.65,429.47,1448.67,698.62
273,9,1685.35,471.22,1733.91,582.63
273,10,32.61,519.74,112.14,749.46
273,11,119.89,522.57,199.61,743.02
274,1,1103.11,335.47,1276.79,828.94
274,2,1558.65,427.52,1638.1,701.71
274,3,1445.4,391.1,1540.33,701.67
274,4,1241.05,318.98,1410.21,771.88
274,5,945.27,356.89,1102.89,809.4
274,6,1843.07,422.36,1919.51,630.32
274,7,1727.56,528.13,1816.51,724.96
274,8,941.65,358.31,1057.27,807.31
274,9,1370.34,428.74,1454.17,694.22
274,10,32.82,512.67,111.83,748.45
275,1,1118.63,336.48,1284.55,826.86
275,2,1559.94,427.54,1643.38,699.22
275,3,1449.75,387.9,1539.86,700.34
275,4,955.38,360.64,1068.67,803.19
275,5,1246.99,319.32,1425.34,770.19
275,6,1846.93,421.65,1919.54,629.21
275,7,1367.77,418.23,1456.58,699.08
276,1,1128.37,331.86,1298.77,822.55
276,2,1256.94,321.52,1441.99,768.67
276,3,1562.73,428.93,1647.22,697.39
276,4,1449.79,388.24,1542.24,702.32
276,5,967.48,357.21,1138.55,805.07
276,6,1849.17,422.83,1919.25,627.35
276,7,1734.09,532.33,1815.66,726.36
276,8,964.37,358.37,1082.02,803.53
276,9,1370.23,401.59,1456.58,699.0
276,10,1113.86,336.19,1178.75,755.32
277,1,971.09,364.22,1153.27,801.38
277,2,1136.4,336.79,1313.35,821.17
277,3,1270.69,325.91,1455.24,765.91
277,4,1454.91,388.43,1547.21,699.43
277,5,1566.97,437.01,1664.84,698.16
277,6,1851.54,416.77,1919.55,629.2
277,7,1740.81,528.49,1815.87,727.14
277,8,1123.62,340.08,1190.74,730.68
278,1,1145.72,335.4,1319.7,823.32
278,2,973.42,361.19,1158.84,802.32
278,3,1456.7,388.88,1551.65,699.27
278,4,1281.73,327.26,1454.44,770.48
278,5,1567.2,439.99,1671.26,698.49
278,6,1852.62,419.92,1919.56,629.92
278,7,1739.87,526.71,1815.54,727.37
278,8,1125.1,343.3,1199.08,735.79
278,9,114.3,494.04,201.93,744.75
279,1,983.76,362.59,1160.29,802.04
279,2,1154.79,345.19,1335.61,817.94
279,3,1573.09,441.46,1672.83,699.87
279,4,1288.73,329.81,1463.36,768.05
279,5,1466.53,392.23,1567.22,697.23
279,6,1860.29,422.65,1919.49,629.98
279,7,1142.38,346.1,1214.44,771.29
279,8,1738.98,526.47,1814.13,727.59
279,9,1504.3,391.86,1562.54,686.08
279,10,112.49,501.12,200.43,745.21
280,1,993.5,362.49,1159.37,799.76
280,2,1573.95,444.48,1671.74,699.57
280,3,1161.9,344.86,1348.89,822.76
280,4,1295.97,330.73,1448.31,764.32
280,5,1860.72,421.03,1918.77,628.2
280,6,1467.91,392.7,1573.63,698.92
280,7,1147.41,343.31,1218.28,769.82
280,8,1737.01,526.61,1813.49,728.37
280,9,1380.86,334.63,1466.83,689.52
280,10,1504.91,391.87,1573.21,687.76
281,1,1003.82,357.77,1151.13,790.87
281,2,1174.17,342.74,1362.66,819.35
281,3,1574.73,450.15,1673.09,700.16
281,4,1472.16,392.34,1580.04,699.11
281,5,1305.46,332.95,1439.91,755.47
281,6,1862.5,423.37,1918.93,626.5
281,7,1150.02,347.58,1225.69,758.02
281,8,1735.32,526.42,1811.27,728.15
281,9,1407.4,418.53,1489.33,697.99
281,10,1397.93,425.85,1472.93,689.98
281,11,111.6,490.08,203.24,744.73
281,12,1684.66,470.25,1732.28,584.09
282,1,1021.3,359.03,1154.06,788.6
282,2,1188.0,350.17,1372.88,819.55
282,3,1475.73,391.64,1586.52,701.35
282,4,1579.26,454.85,1675.55,699.02
282,5,1315.4,334.6,1448.92,748.16
282,6,1728.74,524.97,1808.19,730.84
282,7,1865.0,423.68,1919.24,623.3
282,8,1155.29,348.81,1231.03,753.62
282,9,114.31,491.19,203.45,744.88
282,10,1399.86,407.23,1481.92,699.71
282,11,1411.46,412.36,1503.09,696.9
283,1,1031.63,358.23,1170.36,786.01
283,2,1477.42,391.01,1588.01,698.79
283,3,1203.88,350.72,1378.64,819.44
283,4,1582.85,454.39,1678.27,698.66
283,5,1725.42,524.46,1809.45,731.11
283,6,1317.66,335.4,1453.98,745.64
283,7,1868.79,425.34,1919.24,616.28
283,8,1154.16,346.36,1244.51,756.33
283,9,113.91,490.7,203.45,744.73
283,10,1336.44,355.69,1431.78,748.96
284,1,1042.3,355.81,1195.57,785.1
284,2,1220.99,354.54,1386.01,815.3
284,3,1715.64,522.98,1811.98,731.04
284,4,1586.32,454.33,1684.46,699.05
284,5,1483.86,394.26,1590.24,696.54
284,6,1871.94,426.87,1919.24,613.93
284,7,1165.12,350.9,1268.22,764.53
284,8,1322.46,336.52,1449.72,750.52
284,9,1526.25,389.82,1584.71,682.08
284,10,112.02,486.95,205.24,744.25
284,11,1685.18,471.07,1733.54,584.23
284,12,1420.92,420.37,1507.44,695.52
285,1,1049.43,357.39,1209.52,790.09
285,2,1235.16,351.81,1394.34,813.2
285,3,1712.01,522.47,1813.39,729.88
285,4,1588.12,462.25,1687.94,699.53
285,5,1173.49,349.34,1265.79,733.33
285,6,1875.9,428.77,1919.6,621.77
285,7,1488.99,392.03,1589.94,697.4
285,8,1330.75,337.39,1446.85,750.82
285,9,1422.44,413.97,1512.83,697.53
285,10,111.83,485.05,203.94,744.95
285,11,1684.17,471.83,1734.51,585.35
285,12,1822.46,422.17,1879.51,574.35
286,1,1056.75,360.24,1220.57,788.9
286,2,1707.9,522.22,1818.08,730.85
286,3,1243.75,352.76,1401.73,807.33
286,4,1177.12,346.17,1276.55,736.73
286,5,1587.87,470.36,1689.87,698.12
286,6,1338.51,335.75,1448.91,747.89
286,7,1492.48,393.0,1589.09,694.3
286,8,1877.93,427.52,1919.55,620.37
286,9,1425.3,416.39,1517.09,695.05
286,10,113.14,484.49,204.2,744.77
286,11,1683.94,470.41,1734.66,585.14
287,1,1062.23,363.26,1233.82,787.8
287,2,1702.67,523.13,1820.26,731.67
287,3,1256.4,346.57,1426.27,796.02
287,4,1494.55,392.67,1593.23,693.67
287,5,1589.88,482.67,1691.72,697.26
287,6,1182.47,341.05,1282.15,743.78
287,7,1344.52,331.18,1449.91,721.9
287,8,1879.52,427.03,1919.49,611.93
287,9,115.32,490.84,204.87,744.58
287,10,1425.88,410.98,1508.58,692.55
287,11,1326.29,340.66,1440.17,788.29
287,12,1684.12,471.23,1735.48,584.85
287,13,1823.08,421.61,1878.43,589.78
288,1,1067.35,363.48,1241.64,786.56
288,2,1261.58,345.49,1423.35,796.59
288,3,1500.26,388.34,1605.36,690.96
288,4,1700.31,523.47,1819.45,731.04
288,5,1189.86,341.87,1282.4,742.09
288,6,1592.58,486.45,1676.68,695.84
288,7,1347.32,333.41,1462.82,731.17
288,8,1878.79,424.34,1919.5,601.25
288,9,114.23,488.91,204.17,745.0
288,10,1430.51,428.26,1507.18,689.33
288,11,1827.55,423.78,1880.71,587.59
288,12,1684.79,470.45,1734.83,583.79
289,1,1071.57,367.19,1247.47,779.74
289,2,1271.25,345.0,1433.83,802.07
289,3,1507.47,386.89,1619.53,692.58
289,4,1698.05,523.89,1814.83,733.3
289,5,1196.93,344.78,1286.57,736.64
289,6,1360.96,330.53,1486.07,731.72
289,7,1879.81,429.72,1919.44,595.44
289,8,114.72,489.47,204.06,744.76
289,9,1596.84,489.48,1673.24,689.19
289,10,1684.3,470.91,1734.52,583.27
289,11,1441.55,438.02,1510.54,687.19
290,1,1079.61,368.26,1249.82,778.18
290,2,1511.28,388.15,1623.59,692.83
290,3,1198.89,347.78,1294.35,739.03
290,4,1697.37,523.04,1810.31,732.91
290,5,1280.16,346.04,1446.39,798.23
290,6,1365.06,333.09,1485.34,746.87
290,7,1879.88,432.67,1919.43,591.2
290,8,115.39,487.55,204.33,745.12
290,9,1595.68,490.17,1672.45,686.35
290,10,1684.01,472.52,1734.71,582.55
290,11,1449.14,431.05,1511.67,686.21
291,1,1088.3,369.47,1247.79,778.46
291,2,1525.33,389.26,1627.41,693.23
291,3,1281.46,346.8,1458.15,797.29
291,4,1698.68,524.64,1806.98,732.76
291,5,1202.08,348.53,1299.35,743.79
291,6,1371.96,333.92,1489.86,709.05
291,7,1878.84,432.92,1919.47,588.15
291,8,115.29,491.93,202.33,745.63
291,9,1595.96,506.14,1673.08,686.17
291,10,1685.9,471.91,1733.7,582.95
292,1,1093.76,370.81,1256.64,780.29
292,2,1292.31,347.63,1485.75,795.06
292,3,1531.06,388.4,1632.19,692.27
292,4,1206.88,351.19,1310.63,739.44
292,5,1695.91,525.43,1800.82,732.77
292,6,115.32,488.97,203.56,745.36
292,7,1880.52,432.94,1919.47,586.94
292,8,1376.11,342.31,1490.84,763.88
292,9,1599.66,498.83,1676.83,691.71
292,10,1686.78,472.23,1733.28,581.88
293,1,1298.27,350.25,1496.62,794.96
293,2,1096.95,372.24,1255.7,777.97
293,3,1209.92,350.99,1315.01,739.07
293,4,1534.4,390.35,1645.6,694.52
293,5,1693.2,523.26,1798.6,732.72
293,6,116.18,487.97,203.62,745.74
293,7,1390.39,342.32,1488.48,698.11
293,8,1883.53,433.7,1919.54,587.0
293,9,1686.69,471.82,1731.45,581.7
293,10,1598.93,509.49,1679.43,694.11
293,11,1459.99,433.52,1525.06,686.19
294,1,1309.46,354.54,1496.78,798.34
294,2,1221.14,351.61,1332.59,718.01
294,3,1103.7,371.59,1258.09,772.17
294,4,1537.05,393.37,1671.55,695.25
294,5,1686.07,520.69,1798.34,732.73
294,6,114.94,485.12,203.69,745.22
294,7,1396.19,346.33,1498.45,701.94
294,8,1883.09,432.51,1919.74,585.96
294,9,1685.17,470.56,1728.22,581.64
294,10,1597.05,509.44,1679.81,699.47
295,1,1105.44,371.35,1250.11,769.9
295,2,1313.94,356.52,1500.16,797.78
295,3,1223.2,356.16,1341.65,736.77
295,4,1540.89,393.09,1679.59,690.85
295,5,1686.45,521.74,1802.28,733.01
295,6,114.85,485.27,203.97,745.31
295,7,1401.31,348.49,1503.96,705.43
295,8,1882.19,432.16,1919.71,585.93
295,9,1686.19,470.71,1728.04,579.19
296,1,1111.57,370.37,1244.48,768.32
296,2,1322.5,354.31,1500.52,797.0
296,3,1223.64,355.71,1347.74,741.85
296,4,1683.5,521.3,1801.11,733.32
296,5,1545.77,393.64,1678.64,694.3
296,6,115.88,484.09,204.64,745.44
296,7,1882.1,431.38,1919.75,587.17
296,8,1407.3,348.88,1510.49,657.57
296,9,1613.95,487.46,1684.8,696.51
296,10,1683.03,470.53,1727.32,579.33
296,11,1550.6,468.11,1684.86,700.49
297,1,1114.41,368.47,1238.59,769.94
297,2,1337.82,350.23,1501.91,788.06
297,3,1226.4,358.26,1353.18,741.17
297,4,1551.65,393.13,1687.24,697.3
297,5,1684.25,525.83,1795.56,733.27
297,6,117.4,490.8,203.41,745.08
297,7,1881.72,430.71,1919.68,588.41
297,8,1683.37,470.37,1727.91,579.74
297,9,1483.87,379.82,1549.8,678.91
297,10,29.72,501.29,109.32,747.6
298,1,1346.76,350.85,1515.82,786.33
298,2,1116.6,369.94,1235.45,767.46
298,3,1228.16,359.47,1359.45,746.1
298,4,1683.68,527.85,1790.06,733.02
298,5,1555.81,392.86,1686.61,697.41
298,6,116.68,488.29,202.63,745.49
298,7,1685.41,469.94,1728.61,580.32
298,8,30.58,499.73,111.03,749.72
298,9,1882.24,429.93,1919.56,589.52
299,1,1357.5,349.33,1520.49,779.81
299,2,1122.63,370.16,1236.1,770.37
299,3,1562.23,393.79,1689.56,700.55
299,4,1236.2,356.31,1367.46,739.01
299,5,1683.77,529.61,1784.04,732.17
299,6,115.92,484.52,202.87,745.99
299,7,1685.1,469.23,1729.59,580.04
299,8,30.2,499.87,111.81,750.51
299,9,1887.17,431.19,1919.33,583.91
299,10,1504.69,433.05,1551.25,675.34
300,1,1359.34,349.93,1541.89,782.16
300,2,1244.1,354.3,1373.98,744.44
300,3,1126.14,370.64,1236.71,768.79
300,4,1566.2,393.1,1685.56,701.18
300,5,1685.41,530.48,1780.97,730.86
300,6,118.14,488.6,202.73,745.32
300,7,1685.93,470.19,1728.29,579.0
300,8,32.85,555.96,108.0,748.85
300,9,1886.59,431.53,1919.33,582.39
301,1,1360.08,350.12,1546.02,781.6
301,2,1243.42,354.04,1379.27,743.72
301,3,1132.36,367.95,1271.61,766.62
301,4,1571.15,392.66,1682.99,701.51
301,5,1690.62,526.81,1781.88,730.3
301,6,118.47,490.38,202.15,745.53
301,7,1593.27,528.77,1680.06,700.77
301,8,1686.09,470.66,1726.8,577.52
301,9,31.62,509.52,109.76,747.58
301,10,1886.93,432.09,1919.32,582.05
302,1,1362.72,351.66,1547.97,780.82
302,2,1137.18,372.18,1278.43,763.76
302,3,1262.49,344.68,1385.65,730.13
302,4,1695.74,528.02,1784.11,729.85
302,5,1576.07,392.3,1680.93,701.42
302,6,118.99,492.25,201.67,745.89
302,7,1592.73,520.6,1680.84,700.16
302,8,31.15,500.68,111.46,750.87
302,9,1683.16,470.46,1726.95,580.32
302,10,1886.89,434.33,1919.32,582.26
303,1,1139.48,373.25,1285.33,763.41
303,2,1365.11,352.4,1552.56,780.64
303,3,1267.63,350.12,1380.85,734.3
303,4,1577.19,392.72,1679.17,700.86
303,5,1697.62,527.45,1786.64,729.14
303,6,118.85,490.11,203.51,744.75
303,7,33.91,547.53,109.83,750.54
303,8,1685.54,468.73,1728.26,581.01
303,9,1593.18,523.48,1679.81,698.9
303,10,1885.65,435.38,1919.31,583.07
304,1,1149.48,374.79,1284.08,761.59
304,2,1370.94,353.74,1558.12,780.4
304,3,1700.24,526.64,1787.62,728.49
304,4,1582.1,392.3,1681.09,700.5
304,5,1271.48,351.11,1385.96,734.4
304,6,117.39,488.16,205.38,743.92
304,7,1591.51,506.13,1681.21,698.15
304,8,1887.24,436.11,1919.34,583.53
304,9,30.94,505.92,110.48,749.15
304,10,1686.57,468.68,1728.76,580.23
305,1,1379.31,356.25,1560.66,778.89
305,2,1158.05,375.5,1287.39,762.05
305,3,1277.37,351.32,1389.74,732.32
305,4,1702.95,525.68,1788.6,727.52
305,5,1584.92,392.74,1682.98,700.95
305,6,1590.87,511.42,1682.46,699.11
305,7,118.78,487.92,204.06,745.72
305,8,32.44,522.92,110.17,749.98
305,9,1889.04,436.56,1919.34,582.65
306,1,1160.64,375.11,1288.83,760.56
306,2,1379.77,357.84,1569.97,776.86
306,3,1280.78,352.46,1395.32,731.12
306,4,1703.59,523.74,1788.69,727.37
306,5,1584.95,392.79,1683.09,697.33
306,6,117.91,488.06,203.46,745.21
306,7,31.84,511.17,111.13,749.8
306,8,1887.66,437.18,1919.31,583.66
306,9,1590.65,516.02,1680.96,694.57
307,1,1168.71,371.22,1288.75,758.74
307,2,1386.84,358.96,1575.49,778.23
307,3,1290.69,352.78,1395.89,731.21
307,4,1703.04,524.7,1789.63,728.06
307,5,1593.22,513.71,1683.88,688.31
307,6,1595.51,393.93,1684.39,571.87
307,7,1593.03,391.86,1686.71,651.59
307,8,1885.9,437.61,1919.31,584.18
307,9,112.71,481.82,202.15,745.76
307,10,32.59,509.32,110.57,749.43
308,1,1392.27,357.59,1576.83,776.26
308,2,1173.73,368.78,1290.35,758.87
308,3,1293.88,354.3,1398.39,731.8
308,4,1704.59,523.68,1788.47,727.21
308,5,1593.23,507.03,1686.72,686.88
308,6,1882.22,436.28,1919.52,588.72
308,7,113.33,484.57,201.83,745.33
308,8,1603.15,394.69,1684.71,563.21
308,9,29.6,507.09,109.98,748.36
309,1,1404.16,358.92,1577.79,774.84
309,2,1178.12,372.42,1301.64,755.13
309,3,1297.98,357.84,1398.31,733.35
309,4,1698.76,524.81,1787.78,727.81
309,5,1590.87,500.48,1690.53,692.9
309,6,1606.41,396.01,1699.73,673.69
309,7,1881.94,437.52,1919.52,588.28
309,8,113.36,482.04,203.16,745.55
309,9,28.06,502.46,110.59,748.69
309,10,1609.18,398.11,1694.33,566.85
309,11,1619.44,400.38,1695.85,634.03
310,1,1407.48,357.74,1586.07,767.53
310,2,1182.86,372.0,1309.64,753.42
310,3,1299.68,359.58,1400.72,730.91
310,4,1697.94,524.38,1788.68,727.91
310,5,1587.44,488.71,1689.26,695.33
310,6,1616.1,396.93,1700.71,635.07
310,7,1881.84,437.37,1919.53,589.28
310,8,111.73,479.23,203.27,745.67
310,9,1616.84,399.0,1697.45,560.12
310,10,30.55,524.99,109.68,747.62
310,11,1382.73,403.4,1416.49,536.13
311,1,1412.4,359.61,1588.76,768.1
311,2,1187.73,374.04,1318.07,753.37
311,3,1304.69,362.24,1403.72,729.07
311,4,1699.07,524.0,1788.06,727.1
311,5,1585.9,486.74,1693.09,695.88
311,6,1619.43,396.54,1704.73,658.2
311,7,1888.68,437.95,1919.31,585.56
311,8,110.14,481.03,204.3,745.34
312,1,1415.78,358.48,1595.57,766.91
312,2,1189.52,377.31,1331.17,751.85
312,3,1306.45,363.05,1405.97,729.67
312,4,1624.34,396.77,1718.28,641.39
312,5,1701.43,528.91,1784.97,725.6
312,6,1587.11,488.1,1689.83,695.64
312,7,1883.25,436.04,1919.49,589.04
312,8,109.77,479.66,204.71,744.9
312,9,1385.24,389.6,1432.19,700.16
313,1,1418.59,358.66,1597.49,766.34
313,2,1190.54,379.6,1340.43,751.71
313,3,1306.7,363.78,1406.72,731.15
313,4,1635.31,396.25,1726.12,639.08
313,5,1700.78,528.61,1783.8,725.66
313,6,1883.43,435.93,1919.67,590.58
313,7,1587.8,484.9,1689.6,693.87
313,8,109.89,480.6,205.14,745.79
313,9,1198.97,368.85,1404.17,740.8
314,1,1422.42,359.31,1608.36,762.0
314,2,1195.35,385.47,1348.56,753.97
314,3,1310.48,365.88,1413.04,733.77
314,4,1700.16,528.34,1782.61,725.22
314,5,1641.54,394.94,1733.27,670.55
314,6,1589.52,475.9,1690.27,698.17
314,7,114.02,484.87,202.88,745.27
314,8,1884.79,434.3,1919.54,592.26
314,9,28.76,498.11,109.23,750.15
315,1,1429.93,360.31,1602.33,762.73
315,2,1203.51,382.72,1352.19,755.06
315,3,1311.91,364.01,1414.75,733.1
315,4,1646.83,392.88,1742.28,647.93
315,5,1701.1,527.28,1781.2,725.25
315,6,1590.17,474.18,1689.45,697.85
315,7,116.11,484.02,206.73,745.81
315,8,1884.92,434.07,1919.46,592.97
315,9,1397.05,395.31,1455.02,704.31
316,1,1432.06,360.7,1602.48,764.12
316,2,1205.54,389.28,1352.04,754.44
316,3,1313.07,365.21,1416.71,729.08
316,4,1646.31,393.67,1749.52,644.5
316,5,1699.57,525.46,1781.23,725.69
316,6,1591.32,468.44,1688.1,698.15
316,7,115.34,484.15,205.74,746.26
316,8,1884.08,435.02,1919.45,596.33
317,1,1436.23,363.75,1596.43,761.76
317,2,1205.19,396.86,1360.86,753.57
317,3,1310.63,365.38,1418.49,724.28
317,4,1649.94,395.37,1759.83,655.1
317,5,1698.53,531.91,1779.69,726.1
317,6,1593.28,468.67,1683.52,698.24
317,7,1882.44,437.43,1919.51,597.33
317,8,111.53,481.82,208.31,744.71
318,1,1441.46,365.77,1595.7,761.98
318,2,1220.96,389.88,1362.35,748.25
318,3,1313.37,364.14,1423.14,720.9
318,4,1695.06,529.63,1779.94,726.21
318,5,1652.53,399.17,1756.93,657.69
318,6,1593.25,478.75,1685.04,699.06
318,7,1882.36,438.2,1919.59,598.78
318,8,115.2,485.72,206.8,745.63
319,1,1445.52,368.4,1598.99,760.54
319,2,1231.54,382.53,1364.31,747.23
319,3,1690.07,529.31,1779.83,726.87
319,4,1319.42,365.39,1422.98,725.01
319,5,1591.04,461.76,1683.5,698.84
319,6,1194.03,404.91,1260.19,707.68
319,7,1653.13,401.66,1760.96,665.95
319,8,1881.57,439.1,1919.5,596.49
319,9,115.68,488.58,202.21,745.32
319,10,1678.87,449.06,1779.0,726.22
320,1,1446.78,370.57,1600.71,760.26
320,2,1236.95,375.86,1366.06,746.01
320,3,1193.31,405.37,1260.04,709.99
320,4,1322.33,367.46,1422.38,722.22
320,5,1689.26,534.16,1779.18,727.12
320,6,1593.19,461.8,1686.81,698.18
320,7,1881.79,440.67,1919.52,597.21
320,8,1655.42,401.87,1761.32,638.37
320,9,118.38,491.65,203.85,743.94
321,1,1449.18,370.98,1607.19,760.47
321,2,1241.8,377.88,1364.92,747.4
321,3,1194.16,405.84,1262.82,715.29
321,4,1336.12,367.55,1429.68,719.6
321,5,1592.12,461.4,1683.95,699.63
321,6,1686.05,530.9,1778.61,727.14
321,7,1880.18,440.77,1919.51,595.21
321,8,1655.22,402.67,1762.94,620.34
321,9,121.76,503.63,201.57,743.99
321,10,1658.84,399.49,1775.13,712.38
322,1,1450.78,370.86,1606.33,757.01
322,2,1246.81,379.06,1366.4,747.13
322,3,1344.9,369.97,1434.63,724.1
322,4,1191.85,406.75,1267.29,715.75
322,5,1679.27,528.15,1777.52,729.49
322,6,1590.91,454.06,1679.12,699.79
322,7,1880.72,440.48,1919.49,595.81
322,8,1665.4,401.02,1772.51,596.23
322,9,120.6,499.61,201.14,744.44
323,1,1450.57,370.34,1608.18,753.82
323,2,1247.54,381.03,1366.53,738.2
323,3,1345.31,372.07,1439.66,723.08
323,4,1189.22,405.76,1270.56,713.67
323,5,1591.99,462.99,1680.01,699.61
323,6,1680.37,526.34,1777.79,729.67
323,7,1882.22,440.68,1919.48,594.59
323,8,1673.05,402.4,1774.73,580.18
323,9,118.94,489.05,204.31,744.53
323,10,1673.77,398.1,1780.41,727.05
324,1,1451.86,369.68,1606.45,751.63
324,2,1254.91,378.03,1367.25,732.71
324,3,1184.13,405.91,1274.68,716.11
324,4,1346.69,373.96,1438.91,715.59
324,5,1589.42,445.08,1679.77,699.13
324,6,1882.83,440.97,1919.51,594.91
324,7,1676.59,397.96,1785.52,726.63
324,8,123.46,513.05,202.57,747.19
324,9,1678.58,401.64,1786.46,597.42
324,10,1418.7,396.45,1482.67,688.6
324,11,1679.19,530.68,1778.18,729.99
325,1,1450.04,368.93,1606.59,748.84
325,2,1184.09,404.48,1275.39,716.86
325,3,1258.86,377.4,1367.8,728.14
325,4,1678.27,394.78,1782.81,731.29
325,5,1349.52,374.35,1445.15,711.05
325,6,1592.33,437.72,1679.08,699.99
325,7,1883.25,440.57,1919.51,594.39
325,8,123.47,513.99,202.93,745.03
326,1,1447.72,370.15,1607.86,748.2
326,2,1178.29,406.87,1276.75,717.85
326,3,1262.26,382.38,1374.38,732.65
326,4,1352.03,375.14,1453.57,712.99
326,5,1678.42,395.49,1784.19,728.95
326,6,1591.47,439.06,1677.24,699.44
326,7,1881.87,439.72,1919.48,595.45
326,8,1682.39,400.05,1779.52,612.7
326,9,121.28,493.78,204.68,744.89
327,1,1449.51,371.68,1608.55,747.96
327,2,1176.11,406.29,1276.26,716.83
327,3,1266.34,383.62,1371.59,731.9
327,4,1355.43,376.09,1454.63,710.93
327,5,1680.4,395.34,1783.42,729.31
327,6,1599.49,436.46,1676.58,699.94
327,7,1883.46,437.9,1919.47,598.72
327,8,122.22,494.06,204.13,746.52
327,9,1677.87,518.15,1781.97,728.29
328,1,1448.78,371.15,1609.69,747.84
328,2,1264.67,381.58,1382.26,732.27
328,3,1172.97,403.37,1276.97,716.5
328,4,1358.91,377.76,1448.52,710.97
328,5,1689.76,397.72,1784.76,671.31
328,6,1598.07,422.85,1679.55,698.03
328,7,1683.19,483.39,1780.95,728.49
328,8,1885.1,436.98,1919.44,598.95
328,9,123.44,495.49,204.96,745.18
328,10,1355.39,377.89,1423.76,727.57
329,1,1265.31,382.58,1390.26,731.0
329,2,1448.74,372.04,1611.97,747.46
329,3,1173.71,401.56,1276.59,716.11
329,4,1362.87,377.48,1447.9,711.88
329,5,1694.24,401.24,1793.71,663.77
329,6,1597.14,419.35,1677.1,691.87
329,7,1885.43,438.92,1919.45,599.45
329,8,121.45,511.2,201.54,745.73
329,9,1686.55,406.01,1779.01,730.48
329,10,1684.92,530.03,1778.27,728.43
330,1,1451.89,372.16,1607.24,747.46
330,2,1278.06,386.19,1393.9,730.56
330,3,1169.41,400.23,1279.03,716.19
330,4,1365.85,378.71,1447.17,705.37
330,5,1695.32,402.64,1803.47,664.83
330,6,1598.06,415.5,1677.25,693.82
330,7,1885.44,438.99,1919.5,599.0
330,8,122.52,510.5,200.55,745.81
330,9,1687.77,414.05,1773.29,730.02
330,10,1686.2,527.13,1771.52,727.87
331,1,1277.37,388.7,1398.5,730.47
331,2,1450.79,373.81,1603.6,746.72
331,3,1164.94,399.22,1274.57,719.7
331,4,1366.8,379.22,1450.38,701.11
331,5,1696.73,404.13,1812.6,661.15
331,6,1600.42,413.88,1679.73,693.79
331,7,127.18,516.03,201.39,745.65
331,8,1885.85,438.87,1919.47,594.73
331,9,1689.07,399.23,1769.2,730.28
331,10,1687.07,527.92,1767.19,727.75
332,1,1452.89,376.46,1600.01,744.09
332,2,1284.09,392.04,1407.38,733.11
332,3,1166.57,399.75,1277.8,721.75
332,4,1370.35,379.09,1451.96,696.4
332,5,1700.44,407.42,1811.78,659.94
332,6,1605.41,413.12,1681.56,698.08
332,7,128.76,519.93,199.61,745.48
332,8,1886.84,439.36,1919.43,594.47
332,9,1576.46,414.55,1676.97,701.42
332,10,1692.09,400.71,1764.7,729.23
333,1,1286.5,392.33,1411.41,732.74
333,2,1450.03,375.78,1597.22,746.24
333,3,1166.7,398.67,1278.97,723.71
333,4,1372.13,378.48,1452.53,701.42
333,5,1703.04,405.97,1803.47,655.28
333,6,1611.92,410.43,1685.34,695.97
333,7,1697.26,403.65,1786.29,724.69
333,8,129.5,525.17,198.53,743.76
333,9,1886.65,440.16,1919.44,593.65
333,10,1690.65,397.77,1765.75,728.84
333,11,1567.43,416.5,1623.59,696.25
333,12,1567.8,419.38,1619.17,558.51
334,1,1292.15,393.91,1417.87,732.71
334,2,1449.89,378.72,1594.28,744.03
334,3,1164.62,398.66,1272.66,725.14
334,4,1379.61,380.86,1455.98,700.37
334,5,1611.3,413.17,1684.84,701.15
334,6,1708.41,407.79,1798.42,656.69
334,7,128.0,517.95,199.4,745.67
334,8,1567.27,418.57,1625.98,686.68
334,9,1887.08,440.49,1919.46,590.99
335,1,1450.26,380.61,1592.45,740.33
335,2,1297.28,393.81,1418.66,732.93
335,3,1165.23,397.73,1274.93,728.93
335,4,1381.3,378.63,1458.23,697.79
335,5,1614.13,415.08,1687.18,702.18
335,6,1717.74,407.62,1800.7,657.06
335,7,127.31,524.31,198.97,744.97
335,8,1568.12,418.63,1626.78,682.74
335,9,1701.23,405.27,1797.67,722.72
336,1,1449.17,379.54,1593.21,737.04
336,2,1301.66,393.71,1418.03,732.54
336,3,1157.2,397.93,1276.31,730.71
336,4,1723.93,407.07,1808.88,654.81
336,5,1386.81,379.61,1458.19,700.59
336,6,1615.94,417.74,1686.42,699.34
336,7,126.74,517.32,199.77,745.09
336,8,1570.36,419.52,1627.46,686.34
337,1,1444.87,380.01,1594.44,734.85
337,2,1307.66,391.5,1420.63,732.78
337,3,1163.48,398.63,1275.13,731.55
337,4,1727.13,404.81,1816.11,657.28
337,5,1391.94,380.33,1458.6,700.63
337,6,1621.36,419.58,1689.87,699.5
337,7,123.29,514.89,199.29,745.31
337,8,1576.89,414.63,1640.22,690.15
337,9,1687.86,516.77,1761.24,727.58
338,1,1442.42,380.12,1590.13,734.43
338,2,1165.74,399.95,1275.93,733.14
338,3,1312.65,389.93,1427.67,730.88
338,4,1728.5,403.34,1824.7,657.0
338,5,1580.2,415.07,1644.31,689.59
338,6,1624.34,415.85,1697.32,697.27
338,7,1396.51,383.37,1456.15,702.4
338,8,1688.31,515.43,1762.24,728.46
338,9,121.93,519.55,200.17,745.91
338,10,1398.86,379.74,1454.46,555.14
339,1,1166.03,400.03,1277.44,732.24
339,2,1436.16,379.65,1596.02,736.62
339,3,1316.14,386.86,1433.35,728.32
339,4,1733.37,400.79,1829.54,655.39
339,5,1583.9,415.79,1648.51,692.2
339,6,1630.27,415.09,1704.35,692.89
339,7,1398.81,387.4,1453.5,619.28
339,8,125.46,529.45,198.55,744.61
339,9,1619.64,416.72,1690.72,698.26
339,10,1400.42,383.01,1454.59,538.89
339,11,1681.05,540.78,1765.54,727.89
339,12,1686.13,432.09,1763.63,727.25
340,1,1167.03,399.72,1278.94,732.38
340,2,1441.91,379.13,1593.75,736.11
340,3,1323.84,390.61,1448.25,727.65
340,4,1734.06,399.74,1840.11,655.71
340,5,1587.32,417.63,1652.72,689.6
340,6,1633.07,423.77,1701.85,681.4
340,7,125.57,529.56,197.84,742.96
340,8,1674.55,499.19,1766.92,727.49
340,9,1621.26,413.53,1681.84,698.67
340,10,1681.24,419.39,1765.93,727.01
340,11,1647.21,411.85,1764.91,723.52
340,12,1635.19,415.29,1746.78,691.95
341,1,1444.35,378.27,1594.83,737.4
341,2,1166.4,398.94,1279.4,733.07
341,3,1327.47,391.08,1449.74,726.98
341,4,1737.37,400.69,1835.93,655.01
341,5,1592.27,421.23,1657.92,687.15
341,6,1638.53,424.49,1707.84,685.26
341,7,1643.38,415.01,1741.15,688.36
341,8,1676.12,446.5,1768.65,727.51
341,9,127.18,536.19,199.03,743.57
341,10,1649.29,413.14,1767.58,721.43
341,11,1636.24,418.69,1674.97,696.1
342,1,1333.72,392.67,1454.43,723.23
342,2,1168.24,395.94,1278.92,733.42
342,3,1446.37,377.31,1591.86,736.25
342,4,1591.87,421.3,1662.25,686.37
342,5,1744.21,401.25,1832.65,655.87
342,6,1645.92,424.03,1709.6,685.92
342,7,126.82,530.79,199.3,741.3
342,8,1683.96,437.45,1770.3,727.57
343,1,1450.4,378.01,1591.56,735.75
343,2,1336.25,393.01,1459.17,721.99
343,3,1165.76,393.89,1278.62,733.33
343,4,1746.02,404.38,1836.94,654.71
343,5,1591.9,425.84,1662.88,676.0
343,6,127.25,525.08,199.83,741.39
343,7,1649.76,425.46,1714.24,676.51
343,8,1685.01,429.94,1770.82,726.58
343,9,1711.98,468.35,1765.04,606.85
344,1,1340.92,393.89,1459.8,724.27
344,2,1452.32,381.38,1594.01,733.56
344,3,1163.9,392.17,1279.35,733.75
344,4,1748.05,408.14,1831.5,655.21
344,5,1594.94,424.39,1673.71,684.88
344,6,129.07,519.42,199.73,740.8
344,7,1645.21,413.45,1727.87,684.26
344,8,1677.83,422.61,1770.1,726.47
344,9,1656.26,421.15,1723.84,649.99
344,10,1717.84,465.62,1765.84,602.61
345,1,1346.15,393.65,1462.77,725.04
345,2,1453.03,387.99,1596.26,730.93
345,3,1162.95,390.12,1277.99,734.52
345,4,1753.6,409.6,1837.21,658.46
345,5,1603.66,423.52,1683.57,687.79
345,6,129.16,521.92,199.6,740.34
345,7,1683.47,444.63,1767.26,729.34
345,8,1725.87,475.02,1777.8,605.87
345,9,1766.03,422.25,1826.79,655.04
346,1,1347.56,392.58,1463.76,725.59
346,2,1458.88,391.36,1600.59,729.13
346,3,1160.02,388.27,1275.98,736.44
346,4,1759.87,408.81,1841.72,659.06
346,5,1606.28,424.26,1685.27,673.83
346,6,127.54,515.63,199.85,740.86
346,7,1678.0,421.02,1766.01,730.08
347,1,1351.52,391.03,1465.74,724.52
347,2,1463.05,390.88,1601.2,728.83
347,3,1153.63,389.56,1275.04,740.05
347,4,1763.74,406.9,1849.24,658.35
347,5,1678.46,408.92,1766.16,728.49
347,6,1607.57,424.81,1688.49,660.37
347,7,127.73,518.34,199.85,740.4
348,1,1464.08,391.27,1602.95,726.11
348,2,1356.37,388.37,1471.14,721.61
348,3,1151.62,387.17,1272.98,740.98
348,4,1682.56,407.47,1766.9,728.34
348,5,1614.01,425.13,1693.54,669.09
348,6,1767.43,408.31,1847.58,653.93
348,7,125.78,515.88,200.26,740.54
349,1,1464.45,393.64,1600.48,722.82
349,2,1359.45,386.57,1475.42,719.41
349,3,1148.05,387.2,1271.77,742.89
349,4,1616.62,427.61,1695.74,666.46
349,5,1684.99,407.96,1773.43,727.69
349,6,124.88,522.98,198.93,739.43
349,7,1780.91,425.46,1839.81,649.51
349,8,1738.83,433.79,1804.89,682.79
349,9,1691.61,407.16,1801.25,687.81
349,10,1740.53,450.25,1804.85,619.5
350,1,1468.14,394.36,1607.71,719.56
350,2,1370.58,390.02,1481.12,719.81
350,3,1147.72,388.49,1268.66,746.61
350,4,1619.22,423.66,1700.59,666.8
350,5,1769.46,408.17,1852.52,652.2
350,6,1688.7,403.92,1773.14,693.03
350,7,125.79,519.67,198.75,739.2
350,8,1745.74,419.92,1806.1,672.54
350,9,1747.03,439.5,1807.13,613.39
351,1,1473.1,394.68,1608.41,718.94
351,2,1373.67,392.01,1484.62,719.39
351,3,1143.12,387.53,1265.95,749.17
351,4,1620.19,423.52,1704.29,671.65
351,5,1691.82,404.82,1772.11,680.2
351,6,1773.65,407.67,1853.07,650.78
351,7,126.29,529.65,198.29,739.03
351,8,1747.27,443.55,1810.14,638.65
351,9,1739.95,427.4,1806.11,670.9
351,10,1787.27,422.96,1845.62,650.67
352,1,1125.33,384.0,1261.71,748.07
352,2,1477.4,394.77,1613.91,717.09
352,3,1382.22,395.93,1483.16,715.56
352,4,1620.8,421.57,1712.27,666.91
352,5,1696.02,401.92,1790.42,714.39
352,6,1791.72,436.77,1850.63,650.55
352,7,1762.1,422.69,1844.2,650.12
352,8,1755.7,458.09,1815.03,612.57
352,9,1686.98,491.82,1787.71,720.23
352,10,121.16,540.41,198.21,742.66
352,11,1840.4,450.87,1880.19,580.77
352,12,1885.4,442.01,1919.5,588.23
353,1,1122.86,378.81,1262.2,747.52
353,2,1481.69,395.08,1611.46,717.54
353,3,1384.39,399.9,1485.69,712.56
353,4,1621.53,422.48,1717.19,664.48
353,5,1700.31,404.57,1804.3,706.89
353,6,1886.57,441.1,1919.53,586.33
354,1,1123.04,380.65,1259.6,749.01
354,2,1386.51,399.29,1490.04,711.89
354,3,1485.78,396.0,1613.16,718.72
354,4,1699.48,400.7,1815.39,715.52
354,5,1627.72,422.69,1717.2,667.65
354,6,120.52,536.09,195.55,743.75
354,7,1558.35,392.85,1625.44,675.55
354,8,1886.19,440.23,1919.53,583.38
355,1,1391.8,398.66,1493.04,709.96
355,2,1117.95,374.58,1257.79,748.44
355,3,1489.05,400.35,1612.72,716.73
355,4,1700.53,401.57,1823.55,717.53
355,5,1632.7,422.71,1722.13,667.13
355,6,124.87,541.24,194.72,739.81
355,7,1766.99,442.2,1827.3,640.66
355,8,1562.03,393.19,1630.88,680.18
356,1,1394.87,404.74,1498.16,709.9
356,2,1121.17,374.26,1256.95,749.04
356,3,1487.56,401.29,1614.23,715.94
356,4,1692.15,401.35,1822.49,723.57
356,5,1631.98,425.36,1726.06,668.25
356,6,125.51,532.89,194.44,740.04
356,7,1771.38,462.89,1828.86,638.93
356,8,1602.29,426.1,1646.77,663.68
357,1,1116.01,371.81,1255.11,750.87
357,2,1395.51,407.62,1499.68,710.29
357,3,1492.54,404.66,1617.56,715.78
357,4,125.32,518.66,192.88,739.89
357,5,1705.68,404.0,1828.39,719.25
357,6,1633.98,426.05,1729.71,664.08
357,7,1564.99,396.7,1635.23,675.71
357,8,1684.3,534.23,1762.03,731.25
357,9,1690.02,402.98,1775.54,727.56
357,10,1773.57,448.61,1837.79,618.35
357,11,1771.47,427.08,1839.16,696.36
358,1,1117.32,371.8,1254.1,752.98
358,2,1400.99,407.59,1500.12,709.41
358,3,1497.56,403.87,1617.6,715.58
358,4,1689.51,538.98,1769.4,733.9
358,5,125.76,510.99,192.52,739.49
358,6,1569.28,389.96,1660.78,676.68
358,7,1738.05,408.23,1829.95,718.81
358,8,1715.29,400.94,1813.08,715.78
358,9,1636.8,425.8,1732.72,659.7
358,10,1692.28,407.98,1786.24,733.39
359,1,1115.94,371.97,1254.24,754.87
359,2,1500.21,403.63,1619.87,714.1
359,3,1402.6,408.97,1504.35,708.13
359,4,1690.65,536.59,1769.81,734.42
359,5,126.04,515.0,193.52,739.01
359,6,1739.28,407.17,1830.48,718.22
359,7,1639.73,430.36,1725.94,662.47
359,8,1719.66,401.57,1819.88,707.12
359,9,1572.85,395.94,1644.21,677.56
360,1,1115.8,371.28,1253.6,758.24
360,2,1408.22,410.93,1514.28,708.03
360,3,1503.11,402.79,1623.98,713.57
360,4,1722.09,397.63,1833.02,720.29
360,5,1695.42,535.88,1772.83,731.93
360,6,0.23,495.97,142.1,982.41
360,7,124.39,518.09,192.71,738.43
360,8,1787.96,412.33,1852.12,691.48
360,9,1648.5,419.21,1744.02,655.0
360,10,1575.47,398.24,1659.86,674.47
360,11,1702.29,446.63,1797.39,729.66
360,12,1673.73,421.76,1744.29,644.16
360,13,1534.41,403.79,1635.04,697.33
361,1,1116.5,371.95,1253.68,759.91
361,2,1411.34,406.93,1516.84,707.55
361,3,1508.51,405.06,1627.15,708.89
361,4,0.45,493.13,162.17,979.94
361,5,125.45,519.21,193.34,739.31
361,6,1716.82,391.61,1826.72,723.95
361,7,1579.82,399.36,1675.4,667.73
361,8,1700.79,534.93,1808.25,730.55
361,9,1650.1,417.73,1745.71,659.34
361,10,1706.92,461.15,1821.88,727.26
361,11,1788.08,413.96,1853.61,701.33
361,12,1805.39,410.9,1867.1,642.64
362,1,1112.63,372.59,1253.99,765.12
362,2,1516.06,403.93,1632.66,706.89
362,3,1416.62,403.36,1520.16,706.56
362,4,0.2,497.81,174.75,982.09
362,5,1711.72,529.14,1821.45,731.46
362,6,125.99,522.6,189.88,738.49
362,7,1649.88,423.22,1749.32,659.25
362,8,1727.47,390.15,1825.43,709.88
362,9,1584.52,399.37,1673.78,676.66
362,10,1795.68,444.18,1871.21,636.55
362,11,1793.93,429.23,1864.43,688.13
363,1,1118.29,372.71,1254.47,767.63
363,2,0.24,251.95,179.45,980.56
363,3,1520.71,402.23,1635.09,708.76
363,4,1419.51,404.86,1534.52,704.93
363,5,1723.42,528.51,1823.53,733.23
363,6,1731.7,390.39,1831.67,719.79
363,7,1657.96,424.21,1744.49,662.72
363,8,1586.01,396.63,1682.45,677.52
363,9,126.62,509.07,194.83,733.68
363,10,1797.97,404.35,1871.81,708.77
364,1,1125.69,371.23,1254.46,767.56
364,2,0.16,236.78,181.43,981.38
364,3,1522.89,402.58,1640.01,708.51
364,4,1425.56,411.03,1532.73,704.99
364,5,1735.89,393.04,1835.1,719.87
364,6,1726.38,528.45,1802.83,732.61
364,7,124.6,504.92,199.72,734.14
364,8,1658.32,419.55,1752.76,658.61
364,9,1589.92,391.29,1684.1,670.65
364,10,1794.14,402.52,1871.83,713.78
364,11,1813.94,405.04,1879.41,701.63
365,1,1119.01,371.21,1255.19,767.99
365,2,1531.14,403.33,1644.01,708.12
365,3,1430.96,405.98,1539.58,704.3
365,4,0.31,235.78,183.73,980.87
365,5,1733.99,390.44,1837.83,730.25
365,6,1662.75,423.62,1750.31,661.02
365,7,1597.13,389.89,1684.92,666.16
365,8,1803.7,414.93,1879.3,706.44
365,9,0.48,238.67,106.0,706.51
365,10,1730.46,528.48,1813.3,732.12
365,11,0.42,243.06,104.48,897.77
366,1,1114.89,370.33,1254.92,767.58
366,2,0.21,232.29,180.45,979.54
366,3,1532.8,399.21,1649.02,706.75
366,4,1437.49,408.43,1543.2,703.77
366,5,1668.12,422.01,1754.21,661.17
366,6,1599.83,390.7,1683.88,662.93
366,7,1730.83,518.4,1823.46,734.29
366,8,1734.18,396.42,1829.55,734.77
366,9,1748.65,392.63,1865.19,714.31
366,10,1795.04,396.81,1880.99,720.17
367,1,0.06,235.43,182.22,982.68
367,2,1106.98,366.44,1254.36,767.65
367,3,1537.18,402.16,1666.66,706.63
367,4,1436.94,404.66,1547.55,702.24
367,5,1672.88,416.77,1762.87,660.82
367,6,1736.29,405.31,1841.44,736.74
367,7,1605.14,392.68,1683.55,655.72
367,8,1732.4,530.3,1836.67,736.2
367,9,1744.86,393.22,1903.74,726.99
367,10,1790.5,392.46,1900.32,717.03
368,1,6.88,236.61,196.33,978.23
368,2,1106.7,363.73,1253.5,766.55
368,3,1540.74,401.63,1669.01,706.2
368,4,1441.62,400.71,1552.28,699.89
368,5,1736.49,391.78,1856.73,737.09
368,6,1677.19,413.82,1765.97,659.91
368,7,1609.62,392.9,1683.83,659.58
368,8,1762.9,392.63,1905.26,722.89
368,9,1432.07,395.5,1487.85,696.42
368,10,1734.03,526.29,1852.11,737.42
368,11,1698.59,411.24,1775.9,657.78
369,1,24.12,237.66,218.41,978.93
369,2,1102.4,361.28,1252.39,768.17
369,3,1544.75,406.75,1670.52,705.37
369,4,1447.74,400.06,1555.66,700.04
369,5,1735.26,520.88,1863.77,738.45
369,6,1677.08,419.82,1763.6,656.92
369,7,1757.55,392.52,1895.31,716.24
369,8,1612.8,391.63,1683.16,647.56
369,9,1433.69,396.24,1489.03,696.11
369,10,1437.44,398.38,1511.9,699.17
369,11,1706.09,420.47,1776.25,654.74
370,1,1549.84,413.37,1673.79,703.0
370,2,1097.38,360.28,1249.57,770.89
370,3,1451.02,406.12,1564.76,697.07
370,4,47.72,242.7,269.03,969.92
370,5,1679.39,424.03,1768.27,657.87
370,6,1750.24,394.9,1918.6,733.49
370,7,1704.19,431.28,1774.2,653.72
370,8,1443.05,396.71,1494.93,695.64
370,9,1616.98,391.67,1692.99,568.42
371,1,1553.97,410.3,1680.88,702.4
371,2,1095.95,357.58,1246.4,772.45
371,3,1454.23,408.73,1570.64,698.35
371,4,40.98,253.65,249.75,974.18
371,5,1685.52,427.13,1765.66,656.42
371,6,1760.78,389.38,1914.95,731.32
371,7,1752.62,529.52,1866.68,737.4
371,8,1437.99,397.59,1493.44,691.68
371,9,1755.98,454.05,1868.44,730.38
371,10,172.31,553.74,375.11,944.53
371,11,42.35,247.1,367.97,967.47
372,1,46.14,259.29,434.11,968.32
372,2,1084.83,359.52,1243.38,773.65
372,3,1565.09,403.62,1686.47,702.09
372,4,1453.78,416.12,1577.61,699.57
372,5,1687.97,428.23,1761.65,661.64
372,6,1767.16,391.02,1915.63,731.8
372,7,1768.13,393.35,1872.97,734.36
372,8,1774.08,507.08,1870.32,735.16
372,9,1625.06,400.49,1692.79,693.05
372,10,1728.84,437.45,1800.69,629.24
373,1,1080.66,363.29,1240.92,774.97
373,2,45.83,262.36,455.69,969.58
373,3,1573.95,405.97,1688.13,701.47
373,4,1455.39,415.68,1580.75,697.22
373,5,1688.75,428.1,1769.37,659.66
373,6,1789.04,528.38,1871.97,737.94
373,7,1777.36,389.76,1918.08,731.82
373,8,1831.51,394.64,1919.25,726.55
373,9,1753.23,438.65,1809.44,634.36
374,1,1080.29,363.46,1234.89,777.4
374,2,49.78,267.23,467.3,964.13
374,3,1581.06,402.09,1690.15,699.66
374,4,1462.86,415.18,1584.69,694.82
374,5,1792.11,527.89,1885.4,740.48
374,6,1692.05,426.27,1768.55,658.92
374,7,1843.58,396.45,1919.15,725.47
374,8,1754.39,441.19,1814.74,634.07
374,9,1760.31,391.16,1876.62,636.88
374,10,1791.9,427.51,1916.42,737.19
374,11,1773.01,390.35,1900.19,677.61
375,1,1081.42,363.34,1224.05,780.34
375,2,60.75,281.61,477.58,959.08
375,3,1586.27,398.66,1704.71,694.24
375,4,1469.3,416.68,1587.28,694.27
375,5,1805.45,523.54,1901.55,742.58
375,6,1694.27,430.94,1767.86,658.66
375,7,1763.74,444.69,1823.61,635.27
375,8,1783.35,383.79,1913.86,685.17
375,9,95.13,485.52,203.38,747.1
375,10,1849.05,392.51,1918.98,728.24
376,1,82.71,271.24,477.81,958.14
376,2,1078.94,361.64,1222.85,782.04
376,3,1588.85,399.21,1706.56,694.49
376,4,1476.53,417.19,1592.78,694.34
376,5,1798.12,381.69,1919.6,739.59
376,6,1696.26,416.65,1768.6,662.32
376,7,1766.29,443.13,1825.96,623.56
376,8,98.41,478.93,200.07,743.62
376,9,1803.33,489.99,1918.77,740.15
377,1,1063.83,355.71,1217.99,784.68
377,2,141.68,276.69,474.92,940.48
377,3,1482.03,415.41,1594.95,693.09
377,4,1590.92,401.29,1705.51,694.26
377,5,1818.79,526.84,1919.53,741.28
377,6,1703.68,418.83,1777.25,666.6
377,7,1769.74,443.75,1828.01,630.7
377,8,1813.67,379.3,1918.5,627.58
377,9,96.73,471.21,195.66,744.6
377,10,1816.27,377.24,1919.64,743.45
377,11,1811.85,394.88,1899.69,601.08
378,1,172.01,273.32,477.13,930.37
378,2,1053.6,355.46,1216.65,786.42
378,3,1487.6,416.36,1594.24,690.63
378,4,1594.72,402.47,1706.92,699.0
378,5,1824.6,524.94,1919.53,742.68
378,6,1707.18,415.1,1784.82,659.88
378,7,1820.83,417.1,1919.82,739.67
378,8,1772.21,444.43,1830.05,634.82
378,9,1815.34,377.17,1903.12,629.04
378,10,1657.41,399.59,1719.87,674.64
378,11,96.4,469.79,192.72,743.1
378,12,1657.88,398.68,1746.61,674.98
378,13,1814.46,401.17,1892.66,599.87
378,14,545.67,398.41,619.17,555.97
378,15,1659.81,400.56,1716.75,504.89
379,1,1053.64,354.03,1213.67,788.09
379,2,211.67,275.98,482.94,915.04
379,3,1487.3,413.87,1591.71,689.23
379,4,1596.46,402.88,1710.96,698.72
379,5,1712.66,413.37,1792.07,655.98
379,6,1819.09,376.16,1908.53,623.69
379,7,1660.93,397.97,1731.02,674.94
379,8,100.09,476.39,193.59,746.39
379,9,1772.09,437.13,1838.5,639.79
379,10,1844.86,523.52,1919.49,744.15
379,11,544.76,397.28,620.51,560.1
379,12,1828.03,399.26,1919.67,743.69
379,13,1871.35,516.47,1919.29,745.09
379,14,1822.31,390.29,1893.72,605.89
380,1,1047.39,349.04,1207.75,788.78
380,2,272.61,276.41,479.09,912.92
380,3,1493.5,413.37,1586.34,687.73
380,4,1604.73,405.68,1718.55,695.6
380,5,1776.64,447.37,1844.0,635.9
380,6,1829.48,383.13,1917.89,634.26
380,7,111.06,486.37,193.55,744.37
380,8,1830.0,379.15,1919.89,751.28
380,9,1717.35,408.35,1790.3,662.88
380,10,1667.14,397.3,1731.6,679.17
380,11,545.04,397.86,620.19,558.97
381,1,1042.3,344.74,1203.84,789.21
381,2,327.26,278.51,492.42,910.73
381,3,1493.81,412.46,1585.31,689.07
381,4,1610.18,405.98,1718.4,695.43
381,5,1778.62,447.33,1837.3,634.64
381,6,1829.97,382.2,1917.64,634.25
381,7,111.27,484.55,195.97,746.25
381,8,1732.06,432.66,1795.78,648.76
381,9,1669.01,396.4,1740.94,681.89
381,10,1828.97,381.92,1919.13,740.92
381,11,545.08,397.06,620.38,560.04
382,1,1039.57,343.76,1195.29,790.2
382,2,354.83,280.02,516.24,911.82
382,3,1483.26,410.91,1588.27,685.89
382,4,1615.08,410.11,1715.47,695.16
382,5,1834.68,381.66,1919.37,632.01
382,6,1781.99,450.01,1834.89,628.69
382,7,112.52,479.55,199.74,743.82
382,8,1729.64,431.11,1801.05,638.69
382,9,1835.81,383.56,1919.46,741.82
382,10,1671.34,398.57,1753.43,681.61
382,11,545.79,398.43,619.14,555.2
383,1,367.31,275.86,535.71,914.55
383,2,1036.98,342.41,1193.5,795.11
383,3,1839.16,379.27,1919.37,738.02
383,4,1616.88,409.6,1728.86,694.0
383,5,1480.18,405.57,1589.68,682.75
383,6,1781.08,449.34,1840.08,628.95
383,7,108.59,488.68,204.33,744.98
383,8,1840.42,393.35,1919.15,641.54
383,9,1675.11,395.36,1751.43,667.21
383,10,1688.72,413.0,1784.34,650.72
383,11,1730.54,426.29,1800.65,644.26
384,1,1027.27,341.85,1191.65,801.7
384,2,372.96,283.83,583.44,905.72
384,3,1842.7,376.24,1919.37,739.56
384,4,1619.26,409.74,1732.56,690.78
384,5,1484.49,413.17,1590.92,685.14
384,6,1781.18,448.56,1839.33,630.16
384,7,1678.99,407.38,1802.07,647.77
384,8,1678.16,396.11,1753.25,662.78
384,9,108.31,489.15,203.14,746.56
385,1,378.31,294.25,627.38,905.51
385,2,1021.92,335.71,1195.51,803.22
385,3,1852.39,375.34,1919.44,731.31
385,4,1488.78,409.38,1602.7,682.19
385,5,1622.44,408.8,1739.84,686.73
385,6,1785.16,449.31,1843.74,628.15
385,7,100.35,473.94,207.08,747.01
385,8,1735.39,417.31,1807.36,642.67
385,9,1680.27,397.5,1755.92,670.93
386,1,375.96,301.55,648.77,903.27
386,2,1019.14,339.99,1198.42,808.04
386,3,1624.72,407.89,1745.54,687.3
386,4,1858.95,377.32,1919.48,731.9
386,5,1489.04,409.61,1602.1,681.99
386,6,98.04,456.26,200.92,746.37
386,7,1787.79,448.13,1846.6,632.28
386,8,1741.96,430.61,1808.1,642.61
386,9,1746.9,452.22,1825.21,640.76
386,10,1681.23,405.39,1750.1,682.59
386,11,1684.8,394.56,1770.07,659.37
387,1,379.85,302.37,668.95,900.44
387,2,1015.33,345.4,1190.83,814.54
387,3,1497.32,411.75,1605.11,683.18
387,4,1630.17,406.2,1747.75,689.1
387,5,103.78,444.62,190.99,745.91
387,6,1865.22,382.13,1919.36,733.06
387,7,1789.81,448.82,1849.9,633.6
387,8,1735.63,416.03,1811.4,638.6
387,9,1697.47,404.63,1804.81,662.88
387,10,1866.41,396.32,1919.1,627.58
388,1,385.42,301.85,675.46,899.35
388,2,1005.28,340.13,1184.87,818.13
388,3,1502.79,412.34,1604.84,683.67
388,4,1637.03,410.75,1749.94,688.21
388,5,1868.46,381.04,1919.41,728.63
388,6,1730.2,410.75,1811.63,646.6
388,7,105.1,448.22,190.29,745.85
388,8,1792.31,451.02,1855.75,636.54
388,9,1696.94,399.74,1793.41,653.23
388,10,1871.25,390.16,1919.21,626.88
388,11,1745.58,447.99,1810.51,642.97
389,1,393.19,308.25,680.46,897.77
389,2,998.65,340.99,1180.07,824.23
389,3,1636.99,410.98,1755.5,689.1
389,4,1507.03,413.05,1606.74,683.68
389,5,1872.56,377.14,1919.57,628.41
389,6,1747.47,420.42,1815.15,644.44
389,7,1798.56,451.78,1865.78,631.2
389,8,1700.64,399.92,1795.49,652.9
389,9,1721.6,412.71,1815.5,647.0
389,10,1877.15,372.9,1919.36,722.71
390,1,428.63,306.21,678.9,889.71
390,2,982.12,336.87,1178.83,817.81
390,3,1639.12,413.44,1763.26,689.15
390,4,1509.89,412.58,1611.13,680.69
390,5,1801.44,451.28,1873.87,631.92
390,6,1703.84,400.84,1805.81,643.97
390,7,1749.06,422.22,1818.88,640.66
390,8,1162.8,455.58,1221.09,646.65
390,9,114.62,490.71,191.22,745.74
390,10,1879.6,396.29,1919.44,631.57
390,11,1822.81,457.56,1879.76,616.54
390,12,1706.12,407.47,1778.3,658.2
391,1,456.1,307.12,680.57,884.19
391,2,979.53,333.11,1176.41,817.76
391,3,1645.92,415.76,1768.49,686.41
391,4,1518.65,414.89,1615.91,678.72
391,5,1804.23,452.51,1873.72,632.49
391,6,1762.49,437.8,1820.07,641.92
391,7,1163.26,456.1,1222.56,647.29
391,8,1706.24,402.52,1782.91,643.02
391,9,1878.94,366.09,1919.37,593.98
391,10,115.22,488.89,196.09,743.84
391,11,1884.92,421.78,1919.22,601.46
392,1,980.42,329.02,1174.43,816.45
392,2,1526.35,417.49,1625.65,679.23
392,3,498.99,305.03,678.84,861.19
392,4,1649.51,420.18,1774.96,684.84
392,5,1763.71,429.42,1820.34,645.71
392,6,1801.63,450.99,1875.64,633.36
392,7,1164.15,457.27,1229.15,649.64
392,8,1712.47,402.81,1790.98,643.25
392,9,110.13,483.56,204.09,744.07
392,10,1840.58,458.43,1879.37,605.82
392,11,1746.71,418.3,1821.92,651.01
392,12,1709.98,418.17,1820.01,649.27
393,1,984.21,327.89,1168.59,815.13
393,2,1530.11,418.74,1630.98,679.64
393,3,533.61,301.36,682.88,856.3
393,4,1653.87,417.86,1772.97,685.62
393,5,1763.77,428.76,1822.56,646.14
393,6,1804.46,450.86,1875.16,634.98
393,7,112.63,483.84,206.06,743.0
393,8,1172.58,458.58,1235.42,644.18
393,9,1716.16,397.6,1785.45,648.71
393,10,1846.73,455.78,1879.41,607.59
393,11,1897.12,424.56,1919.27,584.38
394,1,988.11,321.7,1165.58,817.17
394,2,1660.37,411.97,1771.39,684.99
394,3,547.78,301.27,699.29,859.38
394,4,1534.37,412.25,1635.22,677.5
394,5,1806.05,448.86,1875.61,633.31
394,6,1762.19,424.53,1822.34,646.67
394,7,1177.29,455.23,1238.73,643.88
394,8,109.73,481.74,204.79,744.51
394,9,1720.61,399.43,1791.43,644.4
395,1,976.76,319.01,1159.55,820.94
395,2,571.05,303.31,716.34,855.51
395,3,1666.58,412.27,1775.86,683.76
395,4,1539.92,410.77,1644.37,677.09
395,5,1806.85,447.27,1877.27,632.8
395,6,1179.52,451.34,1250.4,645.16
395,7,110.08,479.46,207.0,745.84
395,8,1735.23,420.07,1821.41,642.15
395,9,1891.09,437.52,1919.22,585.65
395,10,1760.35,425.42,1820.72,642.23
396,1,972.81,319.58,1150.97,823.14
396,2,575.14,305.22,738.02,851.27
396,3,1672.97,413.76,1780.02,683.06
396,4,1543.3,410.96,1650.6,676.66
396,5,1811.78,446.78,1877.28,631.83
396,6,1171.39,460.38,1254.65,644.7
396,7,108.73,480.95,204.87,744.96
396,8,1890.32,442.61,1919.17,583.87
396,9,1732.13,396.99,1818.73,645.16
396,10,1728.92,398.35,1801.01,672.98
397,1,949.0,324.14,1138.22,822.49
397,2,1678.37,413.31,1790.49,680.54
397,3,1545.58,410.16,1653.09,675.26
397,4,589.62,308.04,743.42,853.88
397,5,1813.26,446.65,1878.29,632.09
397,6,1184.43,460.6,1267.29,644.54
397,7,1886.56,442.69,1919.58,586.89
397,8,110.59,482.08,205.21,745.2
398,1,928.92,326.14,1132.54,824.51
398,2,601.0,317.58,827.56,849.83
398,3,1680.68,410.35,1793.51,680.63
398,4,1549.02,406.45,1656.83,676.52
398,5,1188.44,460.85,1271.54,643.9
398,6,1813.93,446.86,1878.72,632.26
398,7,111.58,482.75,203.08,744.98
398,8,1889.66,443.84,1919.18,580.43
398,9,597.69,320.21,758.34,853.09
398,10,1743.5,406.38,1818.6,642.73
399,1,921.94,328.87,1126.72,830.01
399,2,604.07,321.0,849.48,849.51
399,3,1681.22,408.34,1797.24,679.19
399,4,1550.85,401.91,1660.73,675.98
399,5,1191.15,464.21,1272.68,644.19
399,6,1811.26,445.94,1879.25,631.9
399,7,1889.6,443.96,1919.19,587.07
399,8,112.83,485.41,203.28,744.62
399,9,604.68,325.87,761.61,840.81
399,10,1747.37,398.18,1815.22,648.98
400,1,917.91,327.67,1117.64,834.12
400,2,1680.53,409.51,1801.62,675.8
400,3,1554.7,403.03,1664.83,675.22
400,4,603.04,326.19,854.39,843.38
400,5,1195.8,456.92,1272.63,644.36
400,6,605.03,327.2,776.75,845.11
400,7,1810.64,447.9,1880.98,634.71
400,8,898.46,441.78,972.36,651.63
400,9,1889.52,444.25,1919.21,586.72
400,10,113.22,489.24,200.51,744.19
400,11,1749.69,396.52,1814.65,648.44
400,12,1758.76,409.93,1827.08,656.83
400,13,1752.78,397.34,1810.59,490.75
401,1,918.35,327.56,1115.04,835.67
401,2,606.0,326.62,855.76,840.93
401,3,1682.61,407.77,1804.54,677.58
401,4,1555.58,403.14,1666.56,674.76
401,5,1196.86,454.15,1271.76,644.21
401,6,1813.56,446.58,1882.6,632.56
401,7,112.52,487.95,198.43,743.85
401,8,1889.97,444.18,1919.22,585.62
401,9,1757.77,405.8,1841.91,653.49
401,10,889.63,444.15,963.03,654.98
401,11,1752.87,396.94,1822.2,645.28
401,12,545.24,396.92,619.4,484.83
402,1,909.69,322.62,1112.31,842.12
402,2,619.4,324.79,862.07,840.7
402,3,1687.22,411.37,1805.86,677.98
402,4,1561.28,404.33,1664.79,671.85
402,5,1821.11,448.29,1883.52,633.28
402,6,1890.05,443.68,1919.2,585.93
402,7,1759.33,408.37,1847.53,656.22
402,8,1202.19,455.1,1271.29,644.01
402,9,111.39,500.2,193.67,744.65
402,10,1753.85,399.04,1823.17,647.65
403,1,631.45,327.49,862.45,836.47
403,2,904.31,318.13,1107.5,842.36
403,3,1686.48,412.19,1806.97,678.14
403,4,1565.35,404.59,1664.52,671.71
403,5,1822.91,451.63,1884.55,633.55
403,6,1207.71,454.06,1272.63,643.58
403,7,111.97,491.3,195.62,744.71
403,8,1890.1,443.83,1919.2,587.04
403,9,1757.64,407.2,1847.3,653.49
403,10,1761.03,402.66,1818.26,487.5
404,1,650.61,330.98,864.07,829.3
404,2,894.84,315.72,1095.7,845.58
404,3,1569.79,409.0,1665.9,668.84
404,4,1690.46,423.09,1808.8,677.2
404,5,1825.52,452.63,1888.04,633.06
404,6,1212.68,454.44,1270.78,641.71
404,7,1759.36,409.95,1845.92,654.95
404,8,1891.9,444.88,1919.16,582.95
404,9,110.75,490.69,196.12,744.55
405,1,681.6,325.41,861.69,823.34
405,2,896.49,309.74,1076.95,841.37
405,3,1575.41,409.41,1666.77,670.27
405,4,1698.39,420.62,1807.47,678.26
405,5,1835.0,455.92,1890.08,625.72
405,6,1766.46,402.49,1841.4,650.23
405,7,1223.46,453.44,1269.34,643.03
405,8,1889.96,444.18,1919.19,580.76
405,9,109.41,489.47,197.46,744.38
405,10,1717.04,414.76,1828.46,675.8
406,1,895.26,304.32,1068.24,839.67
406,2,705.15,322.85,864.78,817.78
406,3,1579.93,418.17,1672.85,671.49
406,4,1702.41,417.02,1808.67,679.82
406,5,1837.22,456.3,1891.93,626.44
406,6,1226.71,455.47,1276.74,642.76
406,7,1767.32,403.9,1844.8,648.09
406,8,109.77,487.47,198.02,744.69
406,9,1890.62,444.15,1919.19,579.04
407,1,879.95,300.19,1059.76,846.76
407,2,1586.62,411.99,1683.68,670.41
407,3,743.92,325.38,868.67,820.53
407,4,1838.23,454.14,1891.79,625.08
407,5,1707.1,414.85,1826.17,677.47
407,6,1230.76,455.2,1284.53,641.16
407,7,1772.51,401.56,1850.25,650.08
407,8,1729.41,413.21,1844.39,669.78
407,9,1889.85,442.86,1919.22,580.23
407,10,108.0,491.69,193.92,745.08
408,1,876.17,298.7,1055.26,856.14
408,2,1589.83,411.57,1695.36,669.53
408,3,771.04,330.61,885.73,820.03
408,4,1710.42,413.68,1826.47,673.96
408,5,1845.05,452.46,1894.48,624.17
408,6,1232.69,454.69,1288.2,641.37
408,7,1773.53,400.97,1851.68,653.72
408,8,105.92,493.54,193.76,745.01
408,9,1889.46,443.75,1919.3,591.34
409,1,868.51,299.83,1047.4,856.68
409,2,1590.02,412.85,1701.28,668.63
409,3,774.72,327.73,887.97,822.07
409,4,1713.07,414.43,1825.53,670.5
409,5,1232.2,457.02,1294.8,642.33
409,6,1776.04,400.63,1867.66,655.34
409,7,1847.87,450.08,1897.78,624.43
409,8,107.95,487.94,198.36,744.92
409,9,1763.44,404.15,1836.15,666.22
410,1,856.5,296.8,1042.09,854.76
410,2,1598.08,411.35,1706.75,668.24
410,3,1715.01,409.26,1826.34,671.13
410,4,1235.26,451.11,1300.37,641.66
410,5,780.58,343.06,897.84,815.65
410,6,1781.36,397.59,1872.51,653.03
410,7,1849.02,450.24,1904.17,621.13
410,8,107.93,489.7,195.37,744.93
411,1,847.29,299.18,1034.63,871.53
411,2,1599.84,412.56,1710.25,668.85
411,3,1717.6,410.45,1827.52,672.22
411,4,1235.32,452.38,1308.5,641.95
411,5,781.21,410.02,896.54,818.49
411,6,1782.23,397.46,1880.19,651.92
411,7,111.06,490.09,196.62,744.71
411,8,1849.89,446.42,1901.23,625.08
411,9,803.91,335.16,882.59,495.45
411,10,1683.26,419.98,1737.01,584.67
412,1,1606.34,420.09,1712.78,667.55
412,2,821.47,301.79,1031.51,866.26
412,3,1722.21,414.09,1832.49,671.36
412,4,1237.25,452.72,1321.67,642.66
412,5,1788.63,399.73,1883.18,644.44
412,6,772.76,336.65,893.93,823.18
412,7,110.5,486.73,197.02,744.83
412,8,1688.69,420.8,1740.41,591.22
413,1,797.83,298.52,1025.26,885.36
413,2,1727.72,417.6,1832.61,670.98
413,3,1613.55,419.11,1713.57,666.21
413,4,1792.83,400.9,1891.35,641.08
413,5,1233.97,437.58,1328.11,642.38
413,6,111.75,490.24,195.29,744.57
413,7,1692.13,417.4,1741.92,587.15
414,1,801.27,297.55,1027.27,886.49
414,2,1730.76,420.13,1836.9,670.23
414,3,1618.76,418.08,1714.73,664.38
414,4,1796.66,401.92,1893.9,642.75
414,5,1239.43,445.08,1334.89,641.9
414,6,111.02,483.71,199.66,744.41
415,1,784.74,293.09,1009.14,886.41
415,2,1622.97,420.09,1719.0,664.81
415,3,1733.34,419.28,1839.77,671.4
415,4,1799.26,404.56,1914.22,637.99
415,5,1245.83,379.4,1346.39,639.96
415,6,112.02,484.47,201.98,743.94
415,7,1235.82,443.57,1345.7,643.15
415,8,27.58,496.35,112.38,751.59
416,1,780.82,289.75,1003.18,887.41
416,2,1626.42,418.21,1727.12,664.04
416,3,1735.75,418.2,1845.55,670.93
416,4,1799.98,404.05,1900.92,640.85
416,5,1245.97,361.57,1349.78,640.56
416,6,113.48,482.81,206.08,743.47
416,7,1233.01,427.58,1346.78,643.12
416,8,30.38,495.17,113.15,749.79
417,1,760.59,287.02,993.26,886.86
417,2,1738.96,420.92,1849.69,670.33
417,3,1637.31,417.82,1736.7,663.21
417,4,1247.89,435.61,1349.02,642.25
417,5,1803.73,403.2,1906.0,641.13
417,6,114.56,485.61,207.28,744.9
417,7,1277.19,431.3,1354.39,639.11
417,8,0.04,536.12,31.81,681.87
417,9,36.93,495.23,114.07,748.33
417,10,1864.66,442.37,1919.33,623.87
418,1,769.32,282.7,995.63,887.27
418,2,1745.11,421.49,1852.62,670.81
418,3,1634.48,416.94,1739.3,663.42
418,4,1247.0,438.18,1347.59,643.04
418,5,1806.15,402.56,1896.79,641.5
418,6,112.4,485.58,200.68,744.73
418,7,1276.85,433.08,1353.03,639.49
418,8,0.03,537.48,34.61,675.3
418,9,34.04,494.11,114.63,748.66
418,10,1805.23,408.56,1872.01,657.84
419,1,769.46,277.17,997.92,886.98
419,2,1747.72,419.37,1857.43,669.52
419,3,1633.22,415.24,1746.1,661.32
419,4,1254.7,442.6,1347.46,642.5
419,5,111.19,480.49,192.2,745.85
419,6,1811.18,403.48,1901.31,636.71
419,7,1808.71,411.37,1868.0,659.17
419,8,1280.96,439.63,1353.73,639.07
419,9,30.96,494.39,114.69,748.65
419,10,0.0,534.7,45.34,675.56
420,1,1754.64,416.43,1859.58,667.19
420,2,758.84,274.69,979.55,891.14
420,3,1645.07,418.35,1754.38,663.15
420,4,913.01,341.13,1013.56,787.6
420,5,113.98,485.66,190.8,746.27
420,6,1279.15,442.75,1348.86,642.34
420,7,1822.79,405.25,1903.85,641.3
420,8,33.26,495.11,114.03,747.48
420,9,1815.93,408.98,1872.14,660.51
421,1,738.72,270.65,949.97,894.35
421,2,1756.93,415.19,1864.02,666.49
421,3,916.86,340.66,1018.13,788.41
421,4,1647.9,419.33,1754.08,663.24
421,5,1823.95,403.43,1912.04,629.28
421,6,109.67,474.78,189.63,746.45
421,7,1284.53,430.02,1348.73,641.2
421,8,1811.47,409.59,1874.86,659.37
422,1,694.78,272.66,935.15,895.77
422,2,1758.78,417.14,1867.84,664.66
422,3,918.09,341.32,1042.17,779.89
422,4,1660.31,422.41,1759.85,661.55
422,5,1289.63,422.1,1350.35,641.2
422,6,1828.36,400.17,1917.28,628.52
422,7,105.81,479.04,189.89,745.0
423,1,666.97,273.62,927.7,905.03
423,2,1761.69,414.74,1872.51,662.95
423,3,917.77,346.52,1060.87,778.5
423,4,1660.98,424.09,1757.26,661.66
423,5,1830.52,399.21,1917.29,626.67
423,6,1293.52,432.58,1352.04,640.74
423,7,106.61,481.31,188.57,746.85
423,8,1643.5,412.92,1683.61,564.02
424,1,651.48,273.46,921.53,912.55
424,2,1762.46,415.07,1876.14,662.22
424,3,1662.48,424.25,1759.52,661.5
424,4,923.39,352.18,1042.59,779.24
424,5,1832.79,396.81,1917.53,633.66
424,6,1299.41,443.18,1355.79,640.29
424,7,107.64,479.56,189.22,744.32
425,1,643.17,277.69,916.11,914.86
425,2,929.02,357.6,1109.0,777.61
425,3,1764.79,417.61,1884.61,661.06
425,4,1672.83,422.93,1761.73,660.3
425,5,1836.46,396.22,1914.47,636.33
425,6,115.49,486.46,188.93,744.18
425,7,1303.26,446.42,1368.77,640.91
426,1,639.35,275.91,913.62,919.69
426,2,933.16,362.68,1116.42,775.69
426,3,1765.61,417.38,1882.81,659.28
426,4,1675.93,423.33,1757.45,660.25
426,5,106.99,456.94,189.93,743.87
426,6,1838.7,392.57,1917.45,638.84
426,7,1304.63,452.18,1375.38,641.68
426,8,23.47,497.04,112.14,747.53
427,1,638.8,272.82,908.62,922.55
427,2,937.04,365.88,1115.2,776.6
427,3,1770.65,417.53,1883.53,660.74
427,4,1673.96,418.69,1763.4,659.43
427,5,105.62,459.0,191.16,744.05
427,6,1840.87,391.83,1916.79,639.46
427,7,27.6,497.69,112.05,746.95
428,1,628.58,265.16,898.04,927.6
428,2,946.02,361.65,1118.53,777.19
428,3,1666.41,418.58,1769.49,658.8
428,4,1770.1,417.1,1886.77,661.38
428,5,100.61,454.2,199.62,744.63
428,6,1844.62,392.39,1918.63,642.93
428,7,23.44,500.27,111.16,741.15
428,8,1308.63,433.18,1384.13,641.29
429,1,617.88,260.63,881.55,927.99
429,2,952.42,364.39,1118.22,776.63
429,3,1676.33,419.61,1775.22,659.24
429,4,97.68,453.39,199.81,743.93
429,5,1779.09,421.64,1887.45,662.92
429,6,1847.33,397.92,1919.13,637.48
429,7,1312.21,431.25,1386.37,642.04
429,8,1656.8,420.92,1706.75,631.73
429,9,1796.34,414.69,1913.51,662.45
429,10,27.16,502.31,113.11,740.96
429,11,1768.62,433.94,1820.32,604.1
429,12,1771.43,428.73,1828.42,629.75
430,1,971.23,368.45,1119.34,766.39
430,2,604.86,250.67,853.27,927.68
430,3,1675.7,418.62,1781.23,657.44
430,4,1778.56,424.32,1890.47,663.22
430,5,1315.67,444.37,1392.94,642.17
430,6,1849.85,402.81,1919.01,632.71
430,7,1769.45,428.39,1852.71,631.51
430,8,115.1,528.12,189.79,742.11
430,9,1808.1,414.37,1907.14,663.93
430,10,1161.43,473.69,1210.83,641.18
430,11,1768.11,431.13,1823.15,605.21
430,12,104.53,477.55,194.4,745.42
431,1,587.1,247.68,834.62,927.37
431,2,977.7,362.56,1120.1,759.74
431,3,1683.81,414.7,1784.91,656.29
431,4,1791.72,427.25,1894.59,663.11
431,5,1317.55,445.62,1396.63,643.14
431,6,118.71,536.94,189.1,741.19
431,7,1770.07,429.88,1824.7,618.19
431,8,1772.19,427.76,1838.88,636.14
431,9,1854.78,399.94,1919.4,628.89
431,10,1774.46,425.29,1859.32,652.74
431,11,1857.69,397.9,1919.31,547.57
431,12,1768.72,438.03,1815.82,596.74
432,1,561.82,245.06,825.29,927.06
432,2,993.83,360.14,1125.8,760.73
432,3,1804.91,427.61,1899.97,662.24
432,4,1684.5,415.62,1793.37,656.45
432,5,1319.79,447.78,1400.56,643.11
432,6,121.32,534.79,188.57,742.0
432,7,1769.79,430.84,1821.58,617.37
432,8,1859.42,411.39,1919.28,546.78
432,9,29.25,496.64,115.27,747.81
432,10,1859.41,411.61,1919.38,640.23
433,1,546.02,244.61,810.07,940.28
433,2,1025.82,359.9,1135.9,762.79
433,3,1808.31,427.29,1901.6,659.45
433,4,1327.35,451.1,1397.41,642.4
433,5,1691.96,411.06,1804.46,656.59
433,6,1771.53,430.52,1824.54,636.77
433,7,116.73,516.13,192.06,745.29
433,8,1861.43,401.73,1919.19,629.21
433,9,1683.59,413.84,1773.89,657.55
433,10,1865.16,400.88,1919.1,519.17
434,1,559.19,243.57,801.71,956.55
434,2,1032.76,359.82,1142.09,760.73
434,3,1814.43,424.04,1904.54,659.47
434,4,1330.13,452.24,1397.58,641.21
434,5,1697.97,418.04,1805.28,656.44
434,6,1775.87,430.56,1827.18,637.98
434,7,116.13,513.56,191.59,745.59
434,8,1867.51,399.41,1919.33,647.2
434,9,1167.6,474.97,1239.19,640.07
434,10,1770.33,423.25,1818.91,650.44
434,11,1865.44,399.9,1919.24,574.07
434,12,1866.74,400.0,1919.11,519.94
435,1,542.4,246.69,787.15,959.07
435,2,1042.7,360.07,1155.46,758.57
435,3,1817.13,420.56,1909.41,663.73
435,4,1779.36,426.6,1836.44,634.02
435,5,1715.11,427.35,1805.89,654.64
435,6,1338.64,452.02,1398.79,640.8
435,7,1871.31,402.1,1919.21,661.76
435,8,112.21,505.22,191.65,746.09
435,9,1873.13,400.82,1919.09,529.12
435,10,1679.88,410.21,1754.81,653.46
435,11,1775.29,423.42,1819.59,634.23
436,1,518.28,245.16,778.2,970.25
436,2,1052.17,363.41,1162.36,758.01
436,3,1820.88,415.63,1916.92,668.6
436,4,1785.1,424.98,1835.56,630.81
436,5,1719.56,428.06,1795.25,654.94
436,6,1347.33,451.04,1403.28,640.04
436,7,1684.75,410.62,1748.98,646.13
436,8,109.99,486.03,197.04,745.9
436,9,1868.38,407.05,1919.31,669.68
436,10,1875.39,403.45,1919.06,517.25
436,11,1872.0,403.02,1919.26,570.49
437,1,1053.18,367.08,1171.83,756.55
437,2,496.11,246.02,770.61,974.98
437,3,1821.44,413.52,1919.01,672.51
437,4,1787.92,424.27,1837.08,633.33
437,5,1355.33,448.31,1411.0,641.13
437,6,1727.59,426.16,1796.57,651.57
437,7,1685.06,411.67,1753.86,650.59
437,8,113.27,487.0,200.17,745.79
437,9,1876.58,400.13,1919.12,503.92
438,1,511.0,246.74,755.85,990.58
438,2,1056.17,368.18,1185.66,754.55
438,3,1822.5,416.84,1918.97,670.1
438,4,1357.73,447.86,1415.7,642.72
438,5,1790.67,424.73,1835.83,635.53
438,6,1728.1,421.11,1800.99,654.04
438,7,1689.92,416.63,1747.8,646.24
438,8,0.22,291.18,92.71,798.93
438,9,109.63,485.25,204.17,743.71
438,10,1173.5,472.64,1240.3,637.42
438,11,1706.54,416.96,1788.85,654.72
438,12,1752.05,427.72,1813.42,648.58
439,1,508.74,247.21,742.19,995.13
439,2,1057.18,370.85,1197.95,753.37
439,3,1827.25,423.69,1918.45,667.88
439,4,0.17,267.23,108.0,939.55
439,5,1361.91,450.06,1418.53,644.11
439,6,1731.77,418.66,1808.24,652.55
439,7,1693.26,410.83,1753.7,646.03
439,8,1795.88,428.53,1836.68,629.64
439,9,111.35,483.43,203.23,745.02
439,10,1172.77,472.54,1246.02,653.65
439,11,1890.35,429.46,1919.26,669.83
440,1,499.97,239.74,726.24,997.19
440,2,1066.01,371.85,1210.66,752.17
440,3,0.2,262.81,114.78,934.88
440,4,1738.55,424.26,1813.62,650.12
440,5,1829.77,425.52,1902.57,663.22
440,6,1363.02,449.16,1424.22,644.28
440,7,1694.99,412.48,1753.46,644.38
440,8,1889.56,434.53,1919.19,665.72
440,9,108.8,479.55,207.46,744.79
440,10,1176.25,474.27,1255.87,646.37
440,11,1802.34,429.85,1845.99,635.31
441,1,1069.56,373.51,1214.78,754.99
441,2,482.97,234.87,715.77,997.28
441,3,0.28,259.69,163.78,932.48
441,4,1740.7,425.07,1819.81,649.47
441,5,1827.4,430.97,1894.94,665.22
441,6,1695.83,414.18,1754.62,643.21
441,7,1366.39,450.93,1426.41,643.45
441,8,1877.29,413.65,1919.54,672.6
441,9,106.14,475.14,205.42,746.76
441,10,1366.73,450.28,1456.66,639.19
442,1,457.24,230.7,700.77,994.76
442,2,0.42,267.62,207.94,924.9
442,3,1076.53,374.55,1214.97,751.86
442,4,1744.0,425.77,1825.4,648.98
442,5,1821.58,429.44,1899.63,662.48
442,6,1698.04,408.92,1758.75,646.54
442,7,1368.82,450.54,1442.76,643.76
442,8,1863.42,418.35,1919.43,673.37
442,9,109.45,477.11,204.97,747.42
442,10,1804.72,427.68,1872.37,657.16
442,11,1805.55,431.21,1849.36,643.5
443,1,0.31,273.65,252.26,919.07
443,2,435.4,216.48,688.44,991.68
443,3,1092.31,373.55,1218.39,749.68
443,4,1748.55,425.55,1832.38,647.6
443,5,1846.32,381.55,1919.51,673.84
443,6,1371.85,449.01,1447.2,645.89
443,7,1808.5,433.99,1860.76,641.34
443,8,1708.17,416.93,1761.63,646.69
443,9,103.94,489.14,202.28,744.37
443,10,1866.15,392.7,1919.18,669.89
443,11,1198.27,473.04,1276.09,643.33
443,12,1820.84,421.33,1866.61,665.74
443,13,1827.71,421.53,1890.02,665.81
444,1,0.32,277.88,268.35,915.02
444,2,420.66,210.06,668.37,995.47
444,3,1102.07,376.75,1220.63,742.09
444,4,1847.86,382.67,1919.51,673.4
444,5,1752.28,429.46,1835.88,646.92
444,6,1711.52,420.04,1764.86,645.57
444,7,1374.91,450.37,1454.14,646.2
444,8,1208.0,471.78,1278.09,650.08
444,9,1812.11,431.09,1862.46,643.97
444,10,94.54,492.75,199.97,742.56
444,11,1816.3,434.77,1851.08,528.27
445,1,0.15,283.4,283.32,915.61
445,2,395.69,206.02,649.06,996.27
445,3,1839.28,384.51,1919.48,680.03
445,4,1121.49,374.41,1233.46,739.72
445,5,1760.05,421.77,1838.04,651.48
445,6,1371.51,451.27,1464.62,645.89
445,7,1713.95,410.36,1768.69,640.48
446,1,0.2,283.98,286.35,915.72
446,2,369.06,204.23,634.91,1008.42
446,3,1830.99,390.96,1919.56,675.6
446,4,1762.33,422.08,1841.85,650.11
446,5,1132.34,372.2,1237.99,738.02
446,6,1373.3,454.74,1447.7,643.98
446,7,1716.28,413.41,1773.59,648.17
447,1,0.2,283.03,289.45,911.17
447,2,314.88,207.39,625.54,1010.83
447,3,1808.3,387.49,1919.56,676.64
447,4,1133.87,372.14,1248.95,741.7
447,5,1764.0,428.07,1838.09,651.25
447,6,1373.43,454.97,1447.65,644.78
447,7,1720.98,410.54,1783.42,645.64
448,1,232.64,205.29,611.99,1026.71
448,2,0.03,281.89,289.47,913.16
448,3,1145.82,371.55,1259.29,741.11
448,4,1779.95,384.99,1919.51,677.62
448,5,1724.04,412.22,1785.37,643.36
448,6,1768.49,426.56,1832.18,653.48
448,7,1376.01,453.09,1457.05,645.18
448,8,1774.21,413.44,1883.64,674.51
448,9,1842.83,380.55,1919.61,676.02
449,1,194.83,205.91,607.09,1033.04
449,2,0.12,281.56,288.84,927.02
449,3,1150.47,374.17,1276.89,739.83
449,4,1766.51,394.55,1919.18,677.64
449,5,1376.98,451.18,1459.27,646.87
449,6,1724.98,408.71,1797.13,636.76
449,7,1770.98,423.8,1826.5,634.06
449,8,1766.72,408.27,1835.91,656.26
449,9,1870.76,385.56,1919.54,652.1
450,1,184.37,202.75,607.7,1041.74
450,2,0.31,281.78,285.04,928.67
450,3,1157.74,374.29,1301.59,737.2
450,4,1767.13,396.21,1913.26,673.65
450,5,1727.94,408.35,1805.92,653.79
450,6,1865.42,385.47,1919.54,669.86
450,7,1376.96,450.35,1465.44,647.59
450,8,1405.44,451.57,1462.52,645.68
450,9,1409.94,447.02,1481.25,642.7
450,10,550.46,393.8,619.39,510.41
451,1,178.83,200.34,604.2,1045.83
451,2,0.15,278.42,279.84,918.5
451,3,1165.95,374.22,1317.91,733.64
451,4,1773.6,396.3,1907.77,671.13
451,5,1729.64,405.77,1801.37,639.5
451,6,1852.16,387.71,1919.63,666.55
451,7,1405.78,447.19,1469.29,645.41
451,8,1375.74,448.61,1467.83,647.27
452,1,165.74,201.79,596.27,1057.25
452,2,11.81,279.59,275.18,907.99
452,3,1170.4,377.56,1326.69,733.62
452,4,1848.02,388.35,1919.6,669.82
452,5,1763.71,395.58,1901.85,675.62
452,6,1733.63,409.91,1793.26,615.62
452,7,1411.62,445.33,1471.19,645.68
452,8,1375.37,449.91,1436.75,642.64
452,9,1773.63,393.88,1871.23,671.8
452,10,545.51,396.72,619.25,557.75
453,1,166.89,191.35,577.46,1062.65
453,2,1169.68,383.4,1331.5,732.4
453,3,55.13,277.57,262.23,908.06
453,4,1832.61,388.82,1919.5,672.12
453,5,1414.32,445.27,1476.3,644.66
453,6,1761.77,399.35,1851.74,673.15
453,7,1733.69,408.45,1790.32,610.04
453,8,546.14,397.99,619.71,559.67
454,1,165.89,187.3,559.49,1061.87
454,2,1168.45,384.64,1337.11,733.75
454,3,85.35,277.65,265.27,902.48
454,4,1759.4,397.98,1858.9,672.65
454,5,1418.61,446.51,1484.56,643.2
454,6,1830.21,387.17,1919.57,667.65
454,7,545.4,396.8,620.16,561.72
454,8,1733.58,408.52,1787.61,605.58
455,1,122.68,178.07,504.79,1058.34
455,2,1179.75,388.49,1337.72,732.5
455,3,1422.23,444.97,1489.38,645.78
455,4,1747.73,395.0,1849.11,672.88
455,5,1788.28,391.53,1908.14,666.33
455,6,1842.16,406.62,1919.66,672.58
455,7,544.83,395.87,619.58,558.7
455,8,1884.12,416.94,1919.24,633.23
455,9,1875.78,418.86,1919.38,666.86
456,1,150.96,169.81,470.31,1057.66
456,2,1194.66,381.59,1339.09,729.93
456,3,1737.39,396.46,1836.18,673.49
456,4,1427.0,444.69,1493.62,643.8
456,5,1805.33,394.85,1919.43,673.42
456,6,1808.18,392.73,1883.72,669.07
456,7,545.18,393.64,619.39,561.21
456,8,1855.82,423.21,1919.64,673.11
456,9,1876.49,429.18,1919.39,669.58
457,1,118.57,165.34,425.43,1062.12
457,2,1210.0,377.67,1341.74,728.5
457,3,1738.47,391.17,1829.94,672.74
457,4,1429.22,446.64,1500.29,644.27
457,5,1797.95,389.92,1919.38,676.08
457,6,1871.71,431.96,1919.27,621.57
457,7,1801.73,389.04,1886.14,665.39
457,8,1861.85,410.43,1919.72,676.09
457,9,545.71,395.96,619.76,561.33
458,1,131.58,157.39,401.93,1070.84
458,2,1230.61,376.28,1350.43,726.1
458,3,1428.77,450.67,1505.59,646.61
458,4,1730.34,394.28,1817.22,675.27
458,5,1797.42,391.1,1914.01,674.61
458,6,1869.18,431.96,1919.19,664.54
458,7,1804.14,382.21,1887.4,666.37
459,1,1241.56,371.5,1353.71,726.72
459,2,53.13,157.25,395.93,1076.5
459,3,1720.14,396.03,1812.28,672.85
459,4,1429.62,452.19,1515.12,646.68
459,5,1874.95,433.01,1919.16,659.19
459,6,1792.31,396.11,1900.88,671.86
459,7,1831.79,428.34,1885.99,650.06
460,1,1247.49,373.67,1363.98,726.85
460,2,75.14,153.64,447.56,1069.78
460,3,1691.18,389.35,1812.85,673.5
460,4,1438.05,450.72,1518.2,644.57
460,5,1837.56,433.8,1884.99,639.28
460,6,1876.85,433.93,1919.23,639.34
460,7,1787.46,408.79,1880.82,661.01
460,8,1781.37,392.62,1852.02,664.03
461,1,1249.99,369.91,1367.64,727.08
461,2,1673.25,395.26,1812.8,671.23
461,3,14.76,148.23,345.56,1069.84
461,4,1834.57,432.57,1887.32,643.92
461,5,1439.23,449.68,1518.84,645.53
461,6,1879.35,437.54,1919.17,636.74
461,7,1774.93,393.09,1845.31,667.59
461,8,258.17,363.7,459.07,872.7
461,9,31.05,147.23,467.31,1050.64
462,1,1256.51,374.79,1374.9,725.17
462,2,0.38,143.72,333.68,1075.4
462,3,1657.52,389.16,1819.72,672.29
462,4,1430.13,449.86,1524.78,646.37
462,5,1830.0,431.21,1887.37,644.1
462,6,1879.69,437.76,1919.16,637.2
462,7,248.8,282.82,463.83,870.57
462,8,1769.7,392.04,1842.19,667.54
463,1,0.47,145.97,315.38,1073.06
463,2,1647.88,392.84,1809.55,672.26
463,3,219.44,296.57,477.66,876.91
463,4,1269.35,374.0,1383.18,721.03
463,5,1824.39,429.44,1891.69,645.02
463,6,1763.57,390.14,1835.5,664.84
463,7,1883.77,438.37,1919.15,631.66
463,8,1749.45,392.8,1820.09,667.96
463,9,1431.24,448.51,1532.08,644.21
463,10,1456.96,447.63,1539.54,642.12
463,11,545.26,397.47,619.34,556.61
463,12,1495.03,447.11,1542.63,579.48
464,1,0.29,145.18,316.49,1072.99
464,2,1641.53,398.39,1799.84,672.57
464,3,199.34,292.53,478.73,874.87
464,4,1274.15,386.31,1393.84,719.71
464,5,1822.89,430.77,1894.67,644.27
464,6,1752.18,396.01,1842.97,669.39
464,7,1884.68,436.78,1919.14,617.39
464,8,1465.04,449.78,1542.53,644.16
464,9,1414.22,449.67,1540.48,646.99
464,10,1490.7,449.11,1544.77,614.44
465,1,0.43,137.5,296.3,1072.6
465,2,195.04,291.06,482.53,895.47
465,3,1818.7,429.52,1897.4,643.63
465,4,1280.81,385.55,1407.27,722.31
465,5,1642.2,405.41,1794.46,674.33
465,6,1748.01,398.71,1841.09,669.56
465,7,1466.25,448.44,1543.15,645.54
465,8,1888.97,439.46,1919.2,613.52
465,9,1485.84,446.76,1546.58,639.62
465,10,543.92,397.03,620.12,558.02
465,11,1415.79,446.47,1543.52,644.29
466,1,0.46,131.54,278.23,1070.87
466,2,215.78,291.58,484.41,897.73
466,3,1822.46,428.81,1900.05,642.86
466,4,1286.89,388.56,1416.61,722.4
466,5,1641.13,409.92,1787.22,675.29
466,6,1745.57,403.08,1842.61,673.35
466,7,1469.69,447.64,1542.43,644.67
466,8,545.4,396.99,619.67,559.27
466,9,1891.97,441.08,1919.26,604.05
466,10,1421.92,445.47,1541.79,645.1
467,1,0.15,122.53,246.68,1071.87
467,2,242.99,291.16,484.92,890.73
467,3,1295.33,389.57,1420.14,722.37
467,4,1823.11,428.82,1903.92,643.33
467,5,1642.16,409.03,1776.74,674.66
467,6,1734.56,407.8,1843.24,669.45
467,7,1474.23,446.42,1544.08,648.65
467,8,1893.43,443.15,1919.35,606.48
467,9,545.27,396.83,619.47,559.06
467,10,1735.91,403.82,1807.59,653.25
468,1,285.28,294.65,486.56,880.09
468,2,0.36,106.23,184.01,1073.39
468,3,1304.95,391.92,1423.48,719.63
468,4,1822.46,427.05,1904.8,638.0
468,5,1641.89,408.5,1759.39,672.06
468,6,1742.46,410.54,1843.86,670.64
468,7,1479.48,445.17,1546.49,645.86
468,8,1771.85,412.47,1845.76,669.32
468,9,1895.39,444.02,1919.42,597.54
469,1,296.9,297.46,484.7,876.17
469,2,1313.96,390.12,1422.05,716.27
469,3,0.31,97.82,159.66,1068.73
469,4,1639.75,408.58,1738.0,672.3
469,5,1825.16,432.54,1910.92,637.75
469,6,1771.0,421.35,1842.32,669.07
469,7,1482.33,444.16,1552.31,649.65
469,8,1723.73,406.25,1838.82,671.61
469,9,1706.81,408.11,1775.57,653.33
469,10,1715.42,404.69,1811.62,666.44
469,11,1162.39,472.79,1195.08,644.39
470,1,312.59,296.79,500.53,875.49
470,2,1321.62,389.23,1426.48,712.92
470,3,0.4,99.05,122.37,1070.39
470,4,1631.52,406.73,1723.52,673.39
470,5,1827.67,435.02,1908.91,639.13
470,6,1694.54,409.69,1832.79,673.32
470,7,1483.45,445.09,1555.63,648.43
470,8,1778.96,420.19,1846.6,638.23
470,9,1162.6,468.34,1198.94,643.05
470,10,102.48,481.04,187.69,769.21
471,1,318.85,298.65,510.28,872.67
471,2,1330.61,387.32,1429.87,712.87
471,3,0.38,141.29,104.3,1069.0
471,4,1697.56,406.22,1826.47,672.2
471,5,1832.02,435.37,1909.27,639.61
471,6,1626.68,407.79,1709.89,673.76
471,7,1484.44,446.67,1560.64,647.87
471,8,1776.66,417.83,1828.49,644.49
471,9,1163.87,464.1,1200.72,644.99
471,10,117.75,522.32,188.63,739.53
472,1,327.84,301.21,523.19,873.98
472,2,1333.45,385.67,1434.63,713.23
472,3,1833.08,435.37,1912.21,636.56
472,4,1620.09,406.37,1701.27,674.81
472,5,1781.05,417.84,1839.8,623.69
472,6,1485.02,446.09,1574.29,647.5
472,7,1688.78,403.73,1813.38,673.05
472,8,0.23,250.32,95.57,1068.48
472,9,1162.97,462.73,1202.39,646.03
472,10,119.84,516.53,188.65,736.79
472,11,1692.4,403.2,1771.46,616.5
473,1,338.94,300.44,546.37,873.23
473,2,1339.37,383.07,1445.38,710.63
473,3,1685.44,404.11,1800.12,669.62
473,4,1838.08,435.83,1913.84,636.3
473,5,1608.31,407.5,1692.83,673.26
473,6,1776.99,416.47,1849.03,629.97
473,7,1489.38,440.08,1591.53,647.37
473,8,1165.04,463.06,1210.18,644.64
473,9,1686.06,406.21,1759.1,660.59
473,10,115.02,456.9,188.75,744.67
473,11,0.15,475.77,69.13,1064.75
474,1,349.7,302.77,577.94,873.34
474,2,1342.91,383.76,1452.71,709.69
474,3,1837.95,436.01,1917.0,634.83
474,4,1588.85,406.65,1689.76,673.64
474,5,1781.54,418.33,1849.36,630.81
474,6,1681.51,401.2,1779.68,666.51
474,7,1164.94,464.04,1222.98,643.49
474,8,1484.78,445.41,1593.71,648.05
474,9,112.53,465.7,188.58,742.32
474,10,1495.28,444.33,1560.29,648.9
475,1,364.88,303.47,618.69,869.95
475,2,1354.12,385.04,1474.89,708.77
475,3,1840.54,435.67,1918.26,633.81
475,4,1566.22,412.77,1690.19,669.57
475,5,1650.81,398.7,1757.47,668.02
475,6,1789.26,419.26,1855.77,630.33
475,7,1167.09,466.94,1238.9,639.53
475,8,1486.92,436.87,1589.19,650.86
475,9,111.87,487.71,188.5,744.57
476,1,372.77,305.58,632.22,871.0
476,2,1360.96,389.26,1486.11,707.06
476,3,1841.57,435.89,1919.04,633.31
476,4,1560.49,409.27,1688.83,670.83
476,5,1167.23,467.8,1242.56,640.23
476,6,1640.4,402.85,1742.67,669.13
476,7,1791.41,417.0,1857.18,631.06
476,8,1489.3,435.57,1588.09,651.36
476,9,114.33,479.0,188.77,743.58
477,1,383.04,306.46,639.51,872.28
477,2,1367.39,392.16,1495.9,708.85
477,3,1841.6,435.41,1919.29,636.62
477,4,1169.17,466.67,1246.08,643.02
477,5,1639.11,405.19,1733.83,668.56
477,6,1792.25,418.2,1857.39,630.39
477,7,1559.58,414.78,1688.15,669.95
477,8,1490.74,436.42,1584.7,651.98
477,9,1870.56,436.33,1919.5,633.75
477,10,116.85,494.93,189.44,744.37
478,1,389.16,308.3,641.49,872.29
478,2,1373.51,394.0,1506.25,707.58
478,3,1553.61,420.77,1680.96,670.74
478,4,1843.09,433.31,1919.22,638.49
478,5,1168.69,463.61,1249.85,644.19
478,6,1641.98,407.69,1726.0,666.84
478,7,1792.98,417.32,1859.78,628.65
478,8,1448.89,454.9,1516.71,643.99
478,9,1522.06,445.9,1576.04,635.88
478,10,122.18,508.78,190.47,738.11
479,1,390.78,311.93,641.94,871.83
479,2,1378.14,396.3,1508.51,706.08
479,3,1552.96,420.88,1670.86,669.8
479,4,1843.57,433.35,1919.17,637.34
479,5,1636.95,411.78,1729.99,671.32
479,6,1169.0,463.91,1250.32,645.03
479,7,1790.28,417.55,1860.62,636.06
479,8,117.19,483.23,191.73,746.1
479,9,1523.61,447.28,1578.85,634.97
479,10,1456.98,457.36,1524.45,642.27
479,11,28.69,495.72,113.56,748.14
480,1,397.23,315.35,641.37,868.58
480,2,1381.71,397.46,1512.0,705.35
480,3,1628.35,411.39,1731.27,671.63
480,4,1846.71,432.96,1918.68,634.19
480,5,1800.42,418.59,1862.89,624.65
480,6,1549.13,418.16,1651.11,669.48
480,7,1186.45,463.45,1245.41,644.4
480,8,117.01,479.87,192.83,744.49
480,9,1537.74,434.8,1619.39,669.71
480,10,1469.01,450.25,1525.95,635.11
481,1,402.55,314.31,643.71,864.23
481,2,1386.17,395.61,1512.54,705.79
481,3,1611.15,409.5,1730.27,670.49
481,4,1848.09,433.93,1918.48,634.17
481,5,1540.9,417.63,1635.47,669.98
481,6,1800.07,419.36,1864.3,632.68
481,7,1193.24,462.13,1260.2,645.61
481,8,117.43,480.64,195.63,744.9
482,1,407.4,314.01,644.79,862.38
482,2,1389.79,396.35,1512.74,704.7
482,3,1609.37,410.22,1729.08,670.1
482,4,0.06,504.72,110.28,995.07
482,5,1848.01,436.26,1918.53,633.11
482,6,1544.11,414.03,1629.62,666.68
482,7,1800.33,421.47,1866.39,632.59
482,8,1199.12,461.76,1262.47,643.85
482,9,121.69,485.2,192.91,735.93
483,1,420.87,314.98,641.79,858.78
483,2,1575.23,414.59,1727.33,670.46
483,3,1402.58,389.35,1513.53,701.27
483,4,0.29,229.26,191.32,984.81
483,5,1848.84,436.26,1918.26,630.6
483,6,1800.88,422.46,1870.05,634.31
483,7,1209.65,462.87,1267.89,644.56
483,8,1543.34,424.8,1609.45,667.59
483,9,118.87,485.08,192.88,739.65
484,1,0.42,220.62,225.97,981.81
484,2,431.27,315.92,644.95,857.17
484,3,1576.27,414.57,1723.67,669.84
484,4,1412.15,390.51,1512.48,698.64
484,5,1853.24,437.7,1918.45,631.88
484,6,1799.72,422.91,1869.3,630.09
484,7,1213.86,460.3,1270.67,644.67
484,8,1536.65,423.65,1605.05,669.85
485,1,0.36,230.37,247.8,980.37
485,2,448.87,314.85,653.11,845.97
485,3,1583.24,416.38,1709.66,671.43
485,4,1856.3,438.73,1918.82,632.89
485,5,1423.26,392.53,1513.25,696.8
485,6,1802.89,423.44,1870.12,631.7
485,7,1218.14,462.59,1277.9,644.07
485,8,1524.94,423.53,1595.51,671.68
485,9,1496.03,431.53,1596.09,672.66
486,1,0.23,235.32,250.83,980.92
486,2,464.77,311.14,659.92,839.44
486,3,1580.39,415.42,1692.78,669.79
486,4,1859.16,440.04,1918.73,632.99
486,5,1428.78,389.66,1519.2,697.13
486,6,1807.4,424.33,1867.93,630.61
486,7,1218.91,461.86,1282.97,643.18
486,8,1500.6,422.67,1588.64,671.23
487,1,0.41,231.14,250.83,980.98
487,2,474.08,310.34,663.14,843.12
487,3,1575.2,415.59,1675.99,666.22
487,4,1220.25,460.1,1302.2,641.58
487,5,1859.64,440.18,1918.87,632.4
487,6,1432.16,387.83,1520.78,694.82
487,7,1807.63,424.15,1868.19,631.33
487,8,1499.5,423.71,1589.65,668.0
488,1,0.29,233.22,250.47,981.12
488,2,487.01,310.99,668.19,841.85
488,3,1222.58,463.1,1315.39,640.66
488,4,1439.01,389.57,1523.75,692.6
488,5,1860.99,435.97,1919.24,631.22
488,6,1570.3,412.4,1654.5,663.95
488,7,1809.17,424.18,1870.5,629.35
488,8,1507.34,436.08,1597.26,669.41
489,1,0.81,230.6,249.61,980.36
489,2,492.44,310.9,672.72,839.74
489,3,1438.05,390.84,1533.86,693.66
489,4,1862.42,434.41,1919.43,629.02
489,5,1222.74,462.31,1315.82,641.82
489,6,1567.99,411.55,1643.81,665.88
489,7,1808.06,423.01,1873.87,625.07
489,8,1512.65,429.55,1598.37,668.76
490,1,0.84,227.79,256.91,989.89
490,2,503.12,312.91,686.41,845.13
490,3,1863.5,433.52,1919.6,629.87
490,4,1447.66,397.12,1551.53,697.24
490,5,1559.35,415.28,1639.01,664.6
490,6,1229.73,460.92,1319.69,643.69
490,7,1811.89,419.81,1879.79,630.67
490,8,1532.62,415.05,1622.87,667.12
490,9,1525.04,425.11,1600.5,669.12
491,1,27.73,225.31,265.88,981.39
491,2,512.89,316.19,691.5,843.7
491,3,1449.53,396.24,1560.49,697.96
491,4,1866.09,433.1,1919.6,629.62
491,5,1233.21,459.56,1319.3,643.72
491,6,1814.7,419.67,1879.67,628.83
491,7,1553.44,415.49,1642.38,665.3
491,8,1680.02,471.26,1723.23,585.18
491,9,1612.2,467.71,1648.67,630.74
492,1,88.76,221.16,296.32,974.01
492,2,523.55,317.14,694.41,842.9
492,3,1449.57,397.26,1574.57,695.98
492,4,1868.96,433.23,1919.4,630.6
492,5,1230.77,458.57,1318.4,643.62
492,6,1814.66,420.01,1883.07,628.29
492,7,1534.65,418.02,1639.67,669.55
492,8,1602.76,447.28,1648.47,616.71
492,9,1680.5,470.32,1723.81,585.33
493,1,121.83,219.96,334.32,975.26
493,2,529.43,322.54,700.41,839.74
493,3,1456.28,398.06,1573.17,695.86
493,4,1871.19,437.67,1919.28,638.27
493,5,1815.41,420.58,1882.89,624.06
493,6,1242.87,458.57,1321.13,641.05
493,7,1592.29,451.38,1648.68,635.77
493,8,1539.9,430.52,1627.7,679.14
493,9,1578.55,442.31,1644.58,667.4
493,10,1554.27,441.26,1641.19,668.25
493,11,1680.48,470.68,1723.78,584.78
494,1,123.29,218.16,386.06,973.59
494,2,536.71,324.71,712.11,840.31
494,3,1459.07,398.96,1571.09,694.97
494,4,1872.36,437.76,1919.29,637.63
494,5,1815.24,418.12,1889.26,625.32
494,6,1257.88,458.05,1323.72,639.72
494,7,1588.61,450.52,1650.06,638.56
494,8,1573.7,446.5,1645.3,666.4
494,9,1540.06,429.71,1638.38,668.36
495,1,121.91,231.25,474.35,975.69
495,2,539.62,326.71,726.79,839.66
495,3,1818.22,419.68,1887.02,625.65
495,4,1874.64,436.92,1919.13,630.15
495,5,1271.56,457.13,1334.84,642.36
495,6,1456.37,397.66,1571.41,691.75
495,7,1594.04,446.72,1649.64,612.09
495,8,1591.27,447.45,1648.01,666.47
495,9,1567.21,445.08,1642.31,666.08
496,1,123.07,235.03,518.99,977.2
496,2,553.37,329.29,733.16,834.85
496,3,1876.86,437.31,1919.11,630.95
496,4,1279.31,455.97,1340.71,644.02
496,5,1821.15,423.46,1886.35,621.68
496,6,1457.45,396.45,1572.01,689.32
496,7,1589.38,446.74,1650.25,665.58
496,8,1597.83,447.65,1652.14,627.94
496,9,1550.05,437.25,1645.41,666.07
496,10,106.84,487.58,194.27,742.52
496,11,1680.55,469.99,1723.04,585.2
496,12,29.64,497.37,117.81,750.61
497,1,122.65,248.99,537.06,977.42
497,2,556.54,332.92,738.78,835.03
497,3,1877.37,437.71,1919.14,632.93
497,4,1822.67,424.69,1887.26,622.42
497,5,1284.95,454.97,1346.09,641.27
497,6,1487.25,395.88,1601.2,687.47
497,7,1600.99,447.03,1652.88,637.24
497,8,1443.94,410.86,1510.55,672.32
497,9,1582.97,441.11,1650.17,659.63
497,10,1555.88,442.29,1642.57,662.11
497,11,110.84,489.0,195.65,745.39
497,12,19.97,497.08,118.22,748.76
497,13,1680.32,469.47,1724.0,585.86
498,1,126.16,251.35,550.31,972.41
498,2,563.76,330.01,747.26,832.56
498,3,1877.41,439.32,1919.14,631.23
498,4,1489.94,392.88,1613.23,683.95
498,5,1825.37,425.17,1886.24,624.04
498,6,1293.14,454.64,1349.73,642.38
498,7,1428.12,423.82,1498.76,672.1
498,8,1601.51,446.98,1661.2,645.54
498,9,1585.72,437.82,1659.32,657.41
498,10,113.09,490.74,195.43,744.81
499,1,127.82,253.12,554.85,970.22
499,2,574.04,334.11,750.13,831.84
499,3,1489.57,390.82,1596.88,683.38
499,4,1294.02,457.11,1356.55,641.71
499,5,1826.01,423.72,1890.96,625.57
499,6,1879.75,440.39,1919.11,627.38
499,7,1428.44,430.65,1496.15,669.81
499,8,1582.63,444.71,1665.31,643.27
499,9,1605.88,449.2,1662.9,642.39
499,10,114.82,489.6,198.04,744.91
499,11,1680.62,470.51,1723.66,585.66
500,1,146.64,253.63,555.56,961.0
500,2,586.6,335.13,756.57,840.77
500,3,1495.61,394.85,1598.07,685.87
500,4,1294.03,456.33,1373.17,641.14
500,5,1415.19,412.07,1491.47,668.06
500,6,1827.06,424.27,1891.41,624.21
500,7,1879.4,440.09,1919.21,625.02
500,8,112.53,488.91,202.86,744.98
500,9,1574.77,449.7,1658.52,640.65
500,10,1479.0,411.64,1530.23,662.86
501,1,179.82,253.44,555.15,952.97
501,2,602.18,334.61,760.63,838.38
501,3,1501.05,397.21,1610.46,686.63
501,4,1294.71,459.58,1379.31,641.03
501,5,1394.95,422.63,1497.22,669.27
501,6,1828.44,424.84,1893.38,626.14
501,7,1878.24,438.47,1919.26,623.2
501,8,111.91,484.52,198.6,745.67
501,9,1579.33,450.72,1671.56,642.44
501,10,1479.78,425.87,1525.01,660.53
502,1,240.07,252.08,556.26,938.16
502,2,606.03,334.34,766.83,824.23
502,3,1508.01,396.98,1623.85,685.61
502,4,1390.87,429.14,1496.54,667.69
502,5,1830.06,424.74,1896.76,626.13
502,6,1294.61,459.72,1381.57,642.19
502,7,1878.23,437.21,1919.37,624.58
502,8,113.02,480.33,200.11,746.83
502,9,1478.15,425.07,1535.36,658.15
502,10,1579.89,448.45,1676.98,642.38
502,11,1583.02,423.28,1650.38,655.86
503,1,294.15,251.98,555.71,926.92
503,2,614.68,334.2,774.49,815.45
503,3,1513.8,401.33,1636.05,684.52
503,4,1831.14,424.14,1897.35,624.38
503,5,1298.7,459.24,1383.18,642.29
503,6,1388.32,436.88,1493.58,667.99
503,7,1462.93,425.25,1535.01,663.17
503,8,1880.1,437.3,1919.26,623.33
503,9,1587.63,445.07,1684.04,641.38
503,10,112.6,476.97,200.3,746.45
503,11,1843.17,431.09,1918.76,625.55
504,1,335.47,249.68,557.07,925.04
504,2,619.34,333.27,778.98,812.65
504,3,1830.51,427.21,1898.42,623.3
504,4,1520.28,400.6,1638.36,682.44
504,5,1453.31,430.97,1533.31,668.78
504,6,1880.34,438.85,1919.23,621.8
504,7,1302.22,456.69,1389.17,646.22
504,8,1384.27,436.82,1485.46,666.05
504,9,113.39,480.99,203.17,746.42
504,10,1593.27,441.75,1690.75,639.65
504,11,1841.7,432.49,1918.12,624.57
505,1,628.81,332.26,782.23,814.68
505,2,409.84,247.99,590.85,924.16
505,3,1527.3,405.12,1637.54,682.74
505,4,1830.16,428.42,1904.07,622.5
505,5,1378.22,434.61,1479.5,665.26
505,6,1450.03,424.27,1532.22,668.88
505,7,1883.45,443.08,1919.17,618.96
505,8,107.0,478.44,209.81,745.21
505,9,1602.67,442.61,1685.76,638.95
505,10,1310.37,452.86,1380.83,642.47
505,11,1444.03,430.92,1514.04,664.2
506,1,442.2,251.12,621.83,922.14
506,2,633.66,332.98,786.58,814.4
506,3,1533.57,403.78,1637.27,681.65
506,4,1830.9,426.97,1909.72,623.15
506,5,1378.0,437.53,1459.4,661.44
506,6,1446.7,427.24,1524.68,667.44
506,7,1607.01,441.66,1686.77,638.08
506,8,1320.46,460.34,1383.58,640.35
506,9,112.41,471.95,204.99,746.88
506,10,1883.42,443.76,1919.19,618.64
507,1,638.79,333.09,798.35,813.39
507,2,445.84,252.33,644.67,921.74
507,3,1534.95,404.31,1639.77,682.85
507,4,1831.18,426.89,1904.71,624.57
507,5,1378.86,439.57,1455.93,663.24
507,6,1439.88,430.14,1523.08,663.07
507,7,1609.04,444.82,1688.29,638.22
507,8,1328.54,457.69,1388.13,640.96
507,9,1885.18,443.98,1919.16,619.38
507,10,1498.0,432.76,1548.96,652.46
507,11,115.32,480.21,205.32,747.03
508,1,443.89,260.33,686.82,922.22
508,2,1541.98,401.81,1643.06,683.01
508,3,645.61,336.46,811.58,813.75
508,4,1421.29,426.94,1519.98,665.13
508,5,1830.56,428.2,1903.49,620.88
508,6,1618.62,445.68,1688.91,639.0
508,7,1367.23,437.63,1442.44,663.4
508,8,1343.47,455.03,1387.82,641.82
508,9,1886.41,445.48,1919.14,619.88
508,10,1493.63,442.23,1553.39,616.07
508,11,115.44,503.93,195.66,747.76
508,12,1347.56,450.54,1399.57,653.48
509,1,443.59,264.78,714.21,922.97
509,2,1541.63,400.46,1644.08,680.77
509,3,1405.24,427.79,1522.57,664.8
509,4,648.15,340.21,832.22,806.04
509,5,1829.28,427.37,1901.47,620.86
509,6,1619.52,445.61,1689.62,638.57
509,7,1364.3,433.23,1435.67,660.8
509,8,1887.37,443.98,1919.13,616.61
509,9,111.94,500.62,198.99,745.76
510,1,445.28,272.43,754.75,919.62
510,2,666.23,335.35,855.28,799.57
510,3,1409.48,428.06,1521.02,664.32
510,4,1551.78,401.14,1643.41,676.33
510,5,1358.95,432.87,1431.6,657.62
510,6,1830.19,429.31,1904.2,621.51
510,7,1625.57,444.77,1695.0,645.17
510,8,99.2,455.17,204.38,747.17
510,9,663.79,335.74,766.99,810.79
510,10,30.13,510.19,112.89,753.62
511,1,447.2,279.33,769.41,918.9
511,2,671.49,335.34,868.27,805.99
511,3,1556.11,400.16,1645.55,680.61
511,4,1407.52,426.65,1513.36,664.79
511,5,1357.49,436.65,1430.09,659.35
511,6,1831.46,429.95,1906.11,621.6
511,7,1631.76,441.44,1701.12,640.81
511,8,109.35,458.28,193.63,748.04
511,9,670.45,333.14,784.68,807.16
511,10,31.87,504.65,112.09,757.27
512,1,445.38,279.34,773.25,917.49
512,2,680.67,340.92,866.87,798.19
512,3,1558.46,403.06,1644.63,678.7
512,4,1411.36,425.62,1496.89,665.5
512,5,1831.93,428.98,1903.65,622.62
512,6,1350.02,440.14,1431.16,664.31
512,7,1630.87,440.09,1700.54,640.08
512,8,113.04,494.23,191.07,748.36
512,9,29.87,509.62,111.98,758.04
513,1,479.55,286.91,770.25,915.84
513,2,699.06,342.58,873.27,799.42
513,3,1406.43,427.75,1490.73,663.65
513,4,1564.41,399.18,1649.92,681.12
513,5,1836.42,429.41,1901.06,623.84
513,6,1331.67,440.76,1419.12,667.42
513,7,116.43,490.4,188.98,746.29
513,8,1635.26,446.65,1709.86,638.4
513,9,30.58,504.9,119.31,750.34
513,10,1888.89,423.56,1919.24,604.26
514,1,511.26,282.26,771.4,908.08
514,2,709.67,341.38,870.43,800.92
514,3,1316.92,441.73,1415.62,666.83
514,4,1399.38,429.76,1485.51,660.57
514,5,1565.93,399.69,1653.4,677.89
514,6,1836.01,427.22,1902.59,623.49
514,7,117.41,486.22,188.34,746.21
514,8,1639.19,445.22,1712.48,637.64
514,9,1887.8,419.58,1919.25,616.98
514,10,31.96,515.63,119.9,747.49
515,1,550.15,274.96,773.49,894.13
515,2,717.37,343.12,868.84,798.15
515,3,1574.23,402.15,1654.81,678.22
515,4,1306.52,443.59,1409.77,665.57
515,5,1392.27,434.46,1472.03,662.53
515,6,118.07,485.55,189.97,745.93
515,7,1640.21,438.62,1715.81,637.62
515,8,1838.76,416.98,1917.42,625.25
515,9,1873.17,408.8,1919.35,625.18
516,1,596.88,276.6,780.09,885.1
516,2,1575.57,402.56,1660.06,676.7
516,3,739.25,346.46,867.49,791.84
516,4,1303.67,452.81,1416.56,664.49
516,5,1388.0,436.87,1457.6,662.29
516,6,119.68,511.03,189.94,744.4
516,7,1842.11,377.77,1919.5,624.04
516,8,1637.24,440.94,1718.24,635.79
516,9,1866.41,393.51,1919.24,628.28
516,10,0.02,536.63,45.89,670.57
517,1,629.71,263.02,800.35,878.62
517,2,1580.43,405.26,1667.59,675.96
517,3,749.67,348.54,877.07,794.56
517,4,1383.49,436.77,1453.01,664.84
517,5,120.08,505.08,190.96,745.36
517,6,1304.78,451.97,1405.97,662.2
517,7,1648.45,439.06,1720.74,635.51
517,8,1852.37,379.11,1919.51,623.56
517,9,1881.73,394.28,1919.26,627.44
517,10,1327.56,459.54,1391.28,649.33
517,11,0.08,540.92,40.97,670.22
517,12,29.62,507.36,119.34,748.14
518,1,667.69,271.67,820.28,879.56
518,2,1582.29,409.78,1671.44,674.6
518,3,1379.87,436.32,1460.86,666.0
518,4,766.81,346.13,878.53,786.88
518,5,1652.09,435.2,1721.89,643.42
518,6,119.39,498.87,201.17,746.55
518,7,1851.82,377.59,1919.5,625.68
518,8,1310.73,454.91,1401.24,661.95
518,9,1318.76,462.94,1383.54,661.72
518,10,1886.0,381.58,1919.21,629.87
518,11,0.0,541.65,49.04,675.16
519,1,680.36,275.17,824.99,878.07
519,2,772.59,345.5,891.65,790.08
519,3,1586.34,412.89,1676.16,673.56
519,4,1847.23,376.33,1919.49,642.64
519,5,1376.38,436.53,1452.15,664.87
519,6,1312.76,459.52,1378.82,665.22
519,7,119.66,499.74,200.47,747.0
519,8,1649.18,420.89,1721.2,640.66
519,9,0.0,542.67,44.29,675.98
520,1,685.59,283.48,871.48,875.92
520,2,1590.73,412.77,1674.42,672.92
520,3,1306.47,454.61,1385.33,662.58
520,4,1844.76,379.7,1919.51,631.88
520,5,1371.14,437.14,1452.16,664.51
520,6,781.24,348.15,897.32,793.88
520,7,119.03,497.19,198.39,747.37
520,8,1648.5,418.42,1722.06,640.12
520,9,1881.45,399.25,1919.15,630.04
521,1,691.26,279.18,914.14,875.39
521,2,1593.84,410.78,1677.06,669.36
521,3,1839.82,378.98,1919.44,681.56
521,4,1303.16,454.4,1375.34,662.61
521,5,1359.46,442.62,1444.54,662.19
521,6,1417.95,454.32,1483.74,651.67
521,7,119.84,501.02,194.02,747.31
521,8,1661.66,427.11,1724.52,636.82
522,1,691.26,286.37,945.94,874.14
522,2,1595.63,409.15,1678.68,663.72
522,3,1834.47,380.47,1919.45,685.27
522,4,1357.11,447.93,1455.65,662.26
522,5,1299.49,457.39,1368.2,661.93
522,6,1426.3,459.14,1488.95,639.79
522,7,118.22,500.77,195.76,746.74
522,8,1666.0,447.79,1728.6,639.51
523,1,690.27,297.1,966.23,875.06
523,2,1844.63,377.99,1919.47,684.48
523,3,1431.81,454.49,1494.42,647.95
523,4,1602.11,407.38,1684.29,664.7
523,5,1349.69,445.76,1441.58,658.98
523,6,1296.38,449.79,1370.0,659.12
523,7,118.7,497.17,199.48,746.67
523,8,1666.88,448.2,1728.9,639.05
523,9,1485.14,451.77,1541.85,634.47
524,1,692.98,299.84,967.52,872.83
524,2,1848.51,384.02,1919.54,685.97
524,3,1292.88,448.49,1360.48,661.82
524,4,1604.97,401.22,1688.53,666.55
524,5,1345.29,443.28,1431.4,645.66
524,6,1664.65,441.26,1731.69,640.72
524,7,119.29,495.15,199.83,745.74
524,8,1436.52,455.03,1504.82,651.76
525,1,697.14,304.53,967.71,869.74
525,2,1844.86,382.98,1919.55,687.03
525,3,1606.92,398.75,1690.98,668.08
525,4,1409.63,458.0,1529.8,659.44
525,5,1287.05,447.44,1344.64,659.71
525,6,1335.36,438.71,1410.52,660.03
525,7,117.55,488.67,203.43,746.76
525,8,1668.0,441.09,1733.74,637.59
525,9,1290.73,447.51,1363.1,662.52
