frame,track_id,x1,y1,x2,y2
1,1,1070.11,238.18,1719.9,1069.31
1,2,967.79,841.2,1071.97,1079.45
1,3,782.89,891.55,854.29,1079.48
1,4,897.66,892.96,973.0,1078.67
1,5,591.13,885.34,674.33,1079.66
1,6,685.47,875.09,751.05,1080.0
1,7,668.23,912.43,699.68,1076.62
1,8,547.13,923.5,593.36,1078.35
1,9,739.78,895.79,778.67,1079.94
2,1,1065.19,253.43,1703.39,1069.85
2,2,964.28,840.66,1068.59,1079.35
2,3,782.5,892.86,853.37,1079.29
2,4,894.76,892.63,970.58,1079.37
2,5,590.21,882.97,674.69,1079.96
2,6,679.14,872.71,745.62,1080.0
2,7,667.27,909.78,699.08,1076.0
2,8,548.29,923.64,594.29,1077.73
2,9,737.79,897.12,776.27,1079.25
3,1,1053.21,269.44,1678.38,1070.11
3,2,960.37,840.63,1064.62,1079.52
3,3,784.2,892.89,855.2,1079.62
3,4,893.82,893.71,969.23,1079.49
3,5,586.2,883.91,670.22,1079.99
3,6,674.15,869.41,741.9,1080.0
3,7,664.16,908.38,696.46,1076.53
3,8,548.07,923.6,594.1,1077.67
3,9,735.54,901.75,772.83,1077.72
3,10,1605.49,675.77,1905.01,1042.77
4,1,1047.31,288.15,1657.8,1070.94
4,2,959.62,840.21,1063.73,1079.57
4,3,785.11,892.5,856.43,1079.61
4,4,889.62,893.59,965.37,1079.72
4,5,585.45,882.75,669.68,1079.8
4,6,669.92,870.41,737.7,1079.75
4,8,547.81,923.85,593.77,1077.51
4,9,733.13,904.64,770.38,1078.39
4,10,1593.91,675.72,1908.7,1063.95
5,1,1036.93,303.49,1634.28,1071.51
5,2,959.53,839.44,1063.58,1079.6
5,3,785.68,893.0,857.0,1079.64
5,4,887.29,889.66,964.84,1079.51
5,5,584.24,882.54,668.3,1079.71
5,6,666.89,871.78,734.92,1079.91
5,8,546.26,924.03,592.31,1077.83
5,9,732.12,908.39,769.49,1078.5
5,10,1586.52,675.61,1906.72,1073.9
6,1,1031.12,320.85,1612.06,1069.72
6,2,960.0,838.84,1063.74,1079.71
6,3,783.55,898.87,852.25,1079.45
6,4,884.97,887.73,963.5,1079.27
6,5,581.2,882.43,664.8,1079.7
6,6,663.23,872.01,731.95,1079.97
6,8,544.49,922.82,590.83,1077.66
6,9,726.18,906.29,764.96,1079.17
6,10,1585.27,675.03,1904.25,1076.18
7,1,1023.32,334.56,1591.99,1069.63
7,2,959.73,838.56,1062.94,1079.71
7,3,783.14,899.63,851.12,1079.62
7,4,883.57,884.97,963.58,1079.29
7,5,578.62,881.53,662.14,1079.89
7,6,658.93,871.99,728.51,1079.99
7,8,544.27,924.25,590.21,1077.72
7,9,722.32,909.53,761.13,1078.96
7,10,1587.43,675.14,1902.54,1076.75
8,1,1009.49,343.18,1569.01,1068.8
8,2,960.76,837.85,1064.01,1079.93
8,3,783.17,900.39,850.23,1079.57
8,4,881.15,883.65,962.24,1079.3
8,5,575.27,881.01,658.04,1079.63
8,6,655.85,872.63,726.13,1079.9
8,8,544.16,924.89,589.76,1077.73
8,9,720.28,911.45,759.48,1078.81
8,10,1590.23,675.19,1900.05,1076.11
8,13,828.82,893.89,872.18,1079.54
9,1,995.81,350.19,1546.83,1067.77
9,2,961.58,838.0,1064.83,1080.0
9,3,782.32,901.53,848.32,1079.5
9,4,878.38,886.94,958.49,1079.77
9,5,572.95,880.69,654.7,1079.54
9,6,655.12,873.27,725.69,1079.54
9,8,544.96,925.29,590.04,1077.35
9,9,717.06,910.4,757.13,1079.45
9,10,1593.1,674.59,1898.27,1076.4
9,13,827.9,895.9,870.88,1079.33
9,14,747.56,908.05,797.45,1079.41
10,1,987.05,355.73,1532.9,1068.62
10,2,960.26,837.37,1063.63,1080.0
10,3,782.1,900.86,847.39,1078.41
10,4,874.96,885.93,955.63,1079.95
10,5,569.88,880.73,650.47,1079.6
10,6,655.13,874.06,725.49,1079.44
10,8,544.92,925.89,589.48,1077.17
10,9,716.1,910.67,756.64,1079.38
10,10,1596.6,674.44,1896.39,1076.8
10,13,828.56,893.95,872.29,1079.36
10,14,747.03,907.91,796.98,1079.73
11,1,975.67,363.98,1513.82,1069.63
11,2,959.35,837.42,1062.22,1079.68
11,3,781.95,905.7,845.0,1078.21
11,4,872.65,884.58,954.1,1080.0
11,5,567.9,881.16,647.11,1079.6
11,6,654.53,874.63,724.67,1079.5
11,8,544.07,926.41,588.09,1077.07
11,9,713.38,912.02,754.4,1079.29
11,10,1599.63,674.88,1893.66,1077.69
11,13,827.59,895.33,871.32,1078.66
11,14,746.99,909.43,796.15,1078.81
11,7,640.03,932.12,669.64,1077.36
12,1,962.64,373.31,1491.56,1069.06
12,2,956.41,836.82,1059.0,1079.52
12,3,780.47,901.14,844.63,1078.73
12,4,871.3,884.15,953.28,1080.0
12,5,567.07,882.11,644.84,1079.59
12,6,652.68,875.94,722.37,1079.66
12,8,542.96,926.72,586.44,1076.8
12,9,711.47,910.26,753.8,1078.37
12,10,1603.21,674.64,1892.17,1078.98
12,13,827.54,896.49,871.42,1078.17
12,14,746.39,910.49,795.01,1078.37
12,7,639.43,936.82,669.42,1077.34
13,1,954.26,382.45,1474.69,1068.38
13,2,951.93,836.17,1053.97,1079.73
13,3,778.61,899.16,843.11,1078.99
13,4,867.43,882.58,950.5,1080.0
13,5,563.85,882.62,641.14,1079.73
13,6,651.53,876.72,720.89,1079.88
13,8,542.47,929.54,585.3,1078.21
13,9,709.26,910.24,752.31,1077.2
13,10,1605.44,674.45,1887.77,1077.83
13,13,828.5,898.95,871.85,1076.75
13,14,745.95,909.78,794.54,1077.99
13,7,639.12,938.79,669.83,1077.17
14,1,943.58,391.97,1456.68,1068.34
14,2,948.27,835.55,1049.65,1079.84
14,3,777.22,896.61,842.08,1079.18
14,4,863.5,882.32,947.48,1080.0
14,5,560.47,883.61,637.34,1079.91
14,6,652.11,877.65,720.6,1079.34
14,9,706.74,911.13,750.81,1077.72
14,10,1597.37,674.24,1870.77,1077.37
14,13,829.81,898.73,873.5,1076.96
14,14,746.36,911.73,794.02,1077.5
14,7,638.67,940.12,670.07,1077.32
15,1,909.85,402.53,1421.09,1067.09
15,2,944.84,833.01,1046.37,1079.96
15,3,775.04,897.04,839.35,1079.39
15,4,861.42,883.39,945.03,1079.97
15,5,556.11,884.27,632.94,1079.98
15,6,648.98,878.11,717.57,1079.76
15,9,704.11,907.25,749.9,1078.27
15,10,1626.57,662.22,1905.49,1074.75
15,13,831.74,896.76,876.24,1077.95
15,14,748.41,915.4,794.53,1076.65
15,7,635.89,943.22,667.12,1077.1
15,17,1654.2,4.2,1920.0,1014.56
16,1,888.73,416.14,1396.74,1066.3
16,2,941.98,831.26,1043.37,1080.0
16,3,774.22,898.34,837.9,1079.17
16,4,859.92,883.58,943.67,1079.96
16,5,554.48,885.55,630.78,1080.0
16,6,646.04,877.89,714.22,1079.92
16,9,702.01,906.0,748.45,1078.24
16,13,832.12,897.38,876.43,1077.32
16,14,751.04,910.67,798.08,1077.57
16,7,634.12,945.39,665.24,1077.0
16,17,1635.27,4.06,1916.01,1052.2
17,1,874.03,429.65,1379.85,1066.65
17,2,938.18,830.46,1038.53,1079.92
17,3,771.22,898.05,835.21,1079.11
17,4,848.93,882.13,935.11,1080.0
17,5,553.49,887.14,629.32,1080.0
17,6,644.81,877.67,712.32,1079.92
17,9,700.46,906.23,747.27,1078.54
17,13,832.67,897.72,877.03,1076.68
17,14,753.52,910.0,799.7,1078.25
17,7,635.32,945.72,667.35,1078.88
17,17,1610.98,4.63,1897.32,1067.73
18,1,857.14,440.73,1362.42,1067.02
18,2,934.57,829.01,1034.17,1079.84
18,3,767.64,896.53,832.58,1079.44
18,4,841.56,879.95,930.45,1079.98
18,5,550.68,887.62,626.87,1080.0
18,6,645.77,878.02,712.14,1079.46
18,9,698.78,907.25,745.7,1078.32
18,7,633.11,924.66,669.12,1078.92
18,17,1586.71,11.09,1876.24,1072.08
19,1,843.08,452.56,1345.72,1066.76
19,2,930.82,828.64,1029.0,1079.66
19,3,765.27,896.04,830.8,1079.53
19,4,837.53,880.83,927.6,1079.84
19,5,549.11,887.94,625.35,1079.99
19,6,644.15,877.83,710.34,1079.81
19,9,697.27,914.01,742.59,1078.47
19,17,1566.75,33.52,1855.57,1067.82
20,1,831.85,463.83,1332.93,1067.99
20,2,925.27,827.16,1021.82,1079.33
20,3,764.69,896.46,830.14,1079.55
20,4,837.39,884.5,926.63,1079.62
20,5,549.58,887.77,626.27,1079.95
20,6,642.48,877.78,708.05,1079.48
20,9,695.53,919.26,739.73,1078.8
20,17,1546.53,63.94,1836.06,1065.82
21,1,822.89,472.91,1323.32,1068.55
21,2,921.32,829.25,1014.38,1078.9
21,3,764.58,896.4,830.03,1079.66
21,4,835.1,884.36,925.08,1079.87
21,5,549.21,887.67,626.12,1079.74
21,6,640.93,877.3,706.25,1079.81
21,9,691.99,913.99,737.44,1078.94
21,17,1523.41,91.31,1818.22,1066.15
22,1,813.02,478.7,1313.54,1068.61
22,2,917.11,832.99,1005.93,1078.15
22,3,762.14,896.09,827.55,1079.63
22,4,831.74,883.71,922.39,1079.96
22,5,547.92,887.98,624.73,1078.95
22,6,639.28,876.76,704.14,1078.74
22,9,690.28,909.25,736.29,1078.76
22,17,1496.61,117.81,1800.07,1064.86
23,1,801.32,482.36,1301.65,1068.47
23,2,915.02,851.06,994.2,1077.56
23,3,760.65,899.58,824.62,1079.53
23,4,827.98,882.8,919.64,1079.92
23,5,544.19,888.29,620.57,1079.26
23,6,637.02,876.79,702.25,1079.28
23,9,691.84,909.22,736.97,1078.36
23,17,1469.93,138.31,1787.02,1065.68
24,1,800.5,487.67,1298.06,1069.31
24,3,758.44,898.46,822.64,1079.41
24,4,826.04,883.1,918.03,1079.66
24,5,540.69,887.86,615.63,1078.89
24,6,636.83,875.87,703.38,1079.74
24,9,697.51,907.65,743.82,1078.73
24,17,1440.56,156.82,1774.85,1066.65
25,1,799.51,491.6,1291.55,1070.38
25,3,756.86,897.23,821.48,1079.67
25,4,822.62,877.17,917.7,1079.88
25,5,539.41,887.95,612.56,1078.1
25,6,633.08,875.86,700.01,1079.46
25,9,695.54,905.21,742.88,1078.58
25,17,1406.44,173.67,1759.21,1067.89
26,1,802.5,495.43,1284.62,1070.25
26,3,755.96,897.71,820.49,1079.69
26,4,823.49,881.91,916.77,1079.74
26,5,538.1,887.51,610.7,1078.83
26,6,630.4,875.54,697.64,1078.94
26,9,696.07,905.47,744.06,1078.77
26,17,1374.25,189.72,1746.33,1068.55
26,25,588.51,909.99,638.58,1078.63
27,1,808.48,500.89,1278.06,1070.09
27,3,753.4,901.0,817.3,1079.44
27,4,824.9,890.39,914.97,1079.91
27,5,537.5,887.9,608.65,1078.95
27,6,630.29,875.95,697.97,1078.67
27,9,697.63,903.92,747.47,1079.1
27,17,1334.6,202.61,1724.55,1068.09
27,25,587.21,905.32,638.52,1078.32
28,1,820.64,508.11,1276.0,1071.52
28,3,752.05,905.76,815.12,1079.37
28,4,824.12,891.3,913.71,1079.98
28,5,536.86,886.47,607.1,1078.63
28,6,629.36,874.14,698.59,1079.01
28,9,694.96,904.06,745.8,1079.3
28,17,1297.91,216.3,1705.11,1068.08
28,25,586.29,897.68,639.94,1079.53
28,10,1679.46,672.03,1920.0,1062.0
29,1,824.61,515.12,1266.94,1075.97
29,3,749.69,900.74,815.11,1079.5
29,4,818.46,888.32,908.48,1080.0
29,5,535.9,888.02,604.6,1079.18
29,6,626.93,873.72,697.45,1079.01
29,9,698.72,903.82,749.9,1079.65
29,17,1268.12,231.59,1691.23,1067.82
29,25,585.96,903.09,637.92,1079.29
29,10,1687.82,673.21,1920.0,1072.21
30,1,828.77,522.75,1255.59,1076.98
30,3,746.22,899.23,813.04,1079.83
30,4,816.13,884.51,905.58,1079.16
30,5,536.82,888.1,604.33,1079.57
30,6,623.68,873.59,694.95,1079.16
30,9,700.66,903.4,752.21,1079.43
30,17,1239.95,247.42,1676.91,1067.45
30,25,583.66,900.79,636.32,1079.41
30,10,1691.29,672.7,1920.0,1075.58
30,30,1818.51,28.76,1907.98,708.44
31,1,830.04,532.21,1238.57,1076.2
31,3,743.29,899.12,810.91,1079.96
31,4,813.57,882.86,902.6,1079.6
31,5,535.81,887.92,602.1,1079.55
31,6,621.3,874.5,692.92,1079.15
31,9,700.9,902.79,752.96,1079.24
31,17,1206.47,264.06,1656.27,1067.45
31,25,581.6,897.33,634.85,1078.6
31,10,1695.82,671.59,1920.0,1076.78
31,30,1798.93,18.36,1890.71,705.32
32,1,831.83,541.69,1216.32,1066.88
32,3,740.15,900.53,808.01,1080.0
32,4,810.7,878.72,900.55,1079.58
32,5,535.23,887.56,600.08,1079.51
32,6,620.1,873.82,692.85,1079.2
32,9,696.8,903.56,749.21,1078.01
32,17,1179.04,282.14,1638.08,1067.33
32,25,580.43,897.28,633.85,1079.06
32,10,1702.76,679.51,1920.0,1076.76
32,30,1762.21,17.22,1886.57,934.95
33,1,829.48,550.65,1201.1,1072.05
33,3,735.37,901.59,803.11,1080.0
33,4,807.1,875.35,897.87,1079.65
33,5,535.24,888.58,597.98,1079.54
33,6,617.34,872.23,691.07,1079.72
33,9,695.74,902.76,748.58,1078.44
33,17,1135.97,297.86,1606.96,1067.56
33,25,578.03,897.65,631.38,1079.29
33,10,1693.92,672.43,1915.47,1077.18
33,30,1731.89,9.51,1876.5,1051.29
34,1,826.83,560.1,1182.56,1073.37
34,3,730.61,901.7,798.72,1080.0
34,4,806.35,872.38,897.91,1079.48
34,5,535.6,889.78,596.1,1079.54
34,6,613.42,869.96,687.98,1079.92
34,9,702.18,903.67,753.06,1076.82
34,17,1110.42,312.98,1589.15,1067.75
34,25,576.8,896.7,630.24,1079.19
34,30,1703.15,7.04,1860.63,1080.0
35,1,824.55,567.9,1167.0,1075.73
35,3,727.66,901.08,796.42,1080.0
35,4,806.53,871.92,897.17,1079.42
35,5,534.56,890.26,593.17,1079.8
35,6,611.37,869.72,685.96,1079.99
35,9,705.2,903.9,754.31,1075.15
35,17,1077.79,326.24,1562.13,1067.44
35,25,575.65,901.85,626.91,1078.16
35,30,1676.7,5.13,1845.37,1080.0
35,40,682.92,918.7,720.94,1074.73
35,43,793.13,899.81,834.48,1076.57
36,1,821.06,573.88,1149.76,1075.29
36,3,725.41,902.9,793.93,1079.96
36,4,801.12,873.14,890.82,1079.59
36,5,532.7,885.57,590.94,1079.95
36,6,610.74,871.39,685.08,1080.0
36,9,705.7,907.14,751.62,1067.26
36,17,1048.45,336.13,1537.06,1067.26
36,25,576.31,910.0,625.13,1078.41
36,30,1647.08,3.47,1828.65,1080.0
36,40,680.65,920.66,719.01,1077.95
36,43,792.03,894.76,834.49,1076.52
37,1,816.02,576.04,1133.01,1072.66
37,3,723.66,906.0,791.21,1079.62
37,4,800.37,872.22,889.6,1078.98
37,5,533.69,889.89,588.81,1079.62
37,6,608.35,871.29,682.91,1079.91
37,17,1021.03,344.45,1512.06,1067.69
37,25,575.22,917.33,621.25,1076.87
37,30,1621.03,1.7,1817.25,1080.0
37,40,679.43,918.81,718.24,1077.2
38,1,810.27,577.81,1115.29,1066.58
38,3,725.02,918.43,788.18,1079.24
38,4,798.16,872.69,887.05,1079.15
38,6,607.45,874.59,681.21,1079.98
38,17,996.53,352.58,1487.62,1067.94
38,25,574.22,920.33,619.87,1078.13
38,30,1594.47,1.6,1807.78,1080.0
38,40,679.51,920.2,718.77,1078.57
39,1,807.34,579.44,1100.31,1055.4
39,3,720.37,908.88,787.39,1079.49
39,4,799.25,873.1,887.59,1079.35
39,6,606.59,876.28,680.15,1080.0
39,17,973.46,360.0,1459.97,1067.79
39,25,572.56,921.4,618.38,1078.8
39,30,1566.27,0.58,1799.2,1080.0
39,40,678.88,919.04,719.02,1078.72
40,1,794.14,581.05,1085.48,1060.64
40,3,717.53,908.22,785.16,1079.82
40,4,800.49,880.92,885.43,1079.61
40,6,605.54,875.52,680.2,1079.78
40,17,959.46,367.84,1440.83,1067.67
40,25,574.15,924.73,618.44,1077.68
40,30,1517.93,1.02,1772.02,1080.0
40,40,678.56,919.74,719.06,1079.2
41,1,788.22,583.75,1078.39,1066.78
41,3,714.77,906.67,783.58,1079.95
41,4,799.48,888.92,881.72,1079.62
41,6,605.46,875.74,681.39,1079.73
41,17,943.22,376.11,1419.52,1068.52
41,25,574.7,907.05,623.3,1075.8
41,30,1466.49,0.78,1740.8,1080.0
41,40,678.33,921.28,718.92,1079.95
41,5,545.84,921.26,590.67,1077.96
42,1,784.86,588.06,1073.28,1072.49
42,3,713.02,903.55,783.83,1079.96
42,4,798.48,897.86,878.14,1079.51
42,6,604.63,877.67,680.55,1079.91
42,17,928.09,387.39,1393.27,1068.17
42,25,574.47,901.75,624.62,1077.13
42,30,1412.62,0.6,1706.08,1080.0
42,40,676.45,919.79,717.65,1079.92
42,5,547.48,924.35,590.75,1077.17
43,1,781.33,593.57,1064.0,1073.3
43,3,710.67,902.91,782.96,1079.9
43,4,796.36,899.13,876.6,1079.49
43,6,603.68,876.14,681.09,1079.98
43,17,910.95,398.43,1364.4,1071.01
43,25,575.17,898.8,625.95,1077.74
43,30,1356.93,1.62,1665.69,1080.0
43,40,675.31,924.58,715.38,1079.67
43,5,548.79,924.88,591.53,1077.4
43,10,1753.92,654.99,1920.0,1076.35
44,1,780.32,598.97,1058.61,1076.67
44,3,707.81,902.76,781.71,1079.97
44,4,793.94,897.15,875.8,1079.57
44,6,601.17,875.0,680.26,1080.0
44,17,891.36,408.94,1329.69,1072.22
44,25,576.96,894.9,628.22,1078.59
44,30,1298.95,2.34,1620.78,1080.0
44,40,673.16,923.76,713.71,1079.4
44,5,549.08,926.43,591.56,1079.14
44,10,1761.64,651.52,1920.0,1073.91
45,1,780.12,604.45,1048.27,1068.5
45,3,703.78,902.11,779.02,1079.8
45,4,789.02,886.71,874.85,1079.4
45,6,595.91,874.25,676.12,1080.0
45,17,874.26,422.22,1292.66,1072.95
45,25,578.97,904.25,627.11,1079.36
45,30,1230.54,1.89,1566.47,1080.0
45,40,670.73,921.13,711.85,1078.29
45,5,549.15,926.26,591.56,1079.09
45,10,1768.37,649.61,1920.0,1073.13
46,1,782.49,611.47,1041.13,1061.83
46,3,694.38,902.53,768.35,1079.61
46,4,788.88,890.33,872.6,1079.38
46,6,593.3,875.33,673.72,1080.0
46,17,882.24,519.35,1221.44,1057.63
46,25,580.67,914.19,625.71,1079.47
46,30,1151.34,2.57,1499.15,1079.63
46,40,670.14,920.28,711.51,1077.6
46,5,549.33,926.26,591.93,1079.32
46,10,1775.66,648.66,1920.0,1073.35
47,1,783.03,618.81,1030.22,1051.75
47,3,688.51,902.6,761.87,1079.71
47,4,787.73,888.08,871.89,1079.12
47,6,590.87,877.32,671.01,1080.0
47,25,581.12,916.83,625.07,1079.56
47,30,1058.63,2.76,1428.69,1077.36
47,40,669.25,917.25,711.22,1076.76
47,5,550.07,926.78,592.74,1079.03
47,10,1781.53,648.38,1920.0,1073.7
47,48,737.35,901.54,792.08,1078.22
48,1,775.97,626.16,1017.19,1054.02
48,3,685.01,903.33,757.77,1079.86
48,4,784.91,891.7,867.4,1079.18
48,6,594.27,880.1,672.88,1080.0
48,25,582.94,920.66,625.36,1079.24
48,30,1003.01,2.43,1377.61,1074.19
48,40,669.1,915.7,711.73,1077.69
48,5,551.44,927.03,593.93,1078.12
48,10,1786.63,647.36,1920.0,1073.41
48,48,736.44,901.27,791.44,1079.01
48,49,1599.11,804.09,1650.41,842.85
49,1,770.56,696.03,960.0,1036.12
49,3,681.46,903.46,754.03,1079.85
49,4,781.37,894.36,863.1,1079.36
49,6,595.86,881.04,674.3,1080.0
49,25,580.96,924.42,622.08,1079.7
49,30,938.91,2.73,1332.06,1074.93
49,5,551.65,926.64,593.89,1076.96
49,10,1790.9,646.89,1920.0,1073.91
49,48,734.75,898.81,790.36,1078.63
49,49,1599.3,804.24,1649.79,842.36
50,3,680.24,901.39,753.09,1079.47
50,6,594.5,881.38,673.3,1080.0
50,25,579.77,923.26,620.74,1079.79
50,30,855.37,2.3,1259.61,1074.6
50,5,551.84,926.41,593.99,1076.89
50,10,1794.23,646.38,1920.0,1074.9
50,49,1599.59,804.32,1649.7,842.12
50,50,741.28,899.13,788.97,989.84
51,3,679.1,901.13,751.63,1079.46
51,6,591.07,882.05,669.89,1080.0
51,25,579.04,923.99,619.3,1079.95
51,30,827.86,3.14,1253.57,1072.46
51,5,551.98,926.55,594.25,1077.47
51,10,1797.34,644.94,1920.0,1075.17
51,49,1599.62,804.43,1649.57,842.06
51,50,735.15,898.07,783.48,990.56
52,6,592.1,882.93,670.28,1079.91
52,25,577.29,924.62,617.43,1079.67
52,30,749.93,3.13,1185.14,1072.19
52,5,552.21,926.94,594.22,1077.78
52,10,1800.36,643.55,1920.0,1074.22
52,49,1599.55,804.45,1649.93,842.36
52,52,1119.52,511.46,1376.94,1069.75
53,30,673.19,2.73,1125.18,1071.41
53,5,552.5,926.26,593.69,1075.02
53,10,1802.42,641.16,1920.0,1074.38
53,49,1598.94,803.83,1650.43,842.54
53,52,1072.87,497.58,1338.1,1069.8
54,30,563.8,3.72,1030.12,1070.74
54,10,1804.54,639.28,1920.0,1073.72
54,49,1599.52,804.17,1649.68,841.73
54,52,1047.36,494.98,1314.69,1067.64
55,30,474.56,6.5,955.55,1070.57
55,10,1806.55,638.29,1920.0,1073.56
55,49,1599.37,804.01,1649.34,841.29
55,52,1021.3,497.94,1292.03,1069.56
56,30,408.54,5.15,902.15,1070.11
56,10,1808.38,637.44,1920.0,1073.4
56,49,1599.11,803.81,1649.64,841.39
56,52,992.13,503.18,1267.62,1070.39
57,30,373.54,6.7,880.38,1070.04
57,10,1809.74,636.28,1920.0,1073.53
57,49,1598.7,803.75,1650.15,841.94
57,52,978.16,510.19,1258.09,1070.97
57,54,967.05,651.83,999.02,730.61
58,30,294.54,6.02,806.02,1069.19
58,10,1811.16,635.06,1920.0,1073.2
58,49,1598.52,803.7,1650.87,842.52
58,52,971.23,518.4,1255.13,1071.0
58,54,965.99,650.89,999.22,732.93
59,30,206.0,5.38,724.28,1068.96
59,10,1812.31,634.34,1920.0,1073.1
59,49,1597.6,803.35,1651.74,843.57
59,52,963.29,528.79,1250.59,1071.3
59,57,792.55,655.6,1007.34,1077.44
59,48,736.59,893.23,792.74,1076.9
60,30,102.75,6.34,633.3,1069.49
60,10,1813.28,634.02,1920.0,1072.54
60,49,1597.19,803.25,1652.4,844.38
60,52,957.56,539.28,1248.3,1071.53
60,57,788.77,659.69,1001.62,1078.17
60,48,738.18,891.42,794.52,1077.93
60,9,711.71,910.05,759.21,1079.56
60,4,767.78,897.62,845.82,1079.39
60,3,664.58,903.37,734.48,1079.54
60,5,560.64,917.3,607.77,1079.33
61,30,37.67,7.43,575.75,1068.68
61,10,1813.72,633.38,1920.0,1072.88
61,49,1597.31,803.34,1652.52,844.59
61,52,951.38,547.25,1246.47,1070.93
61,57,783.07,666.32,992.12,1078.34
61,48,740.04,889.01,796.26,1078.19
61,9,712.47,909.28,758.87,1079.27
61,3,664.69,903.51,733.2,1079.42
61,5,562.13,918.77,609.83,1079.71
61,6,589.71,884.23,666.94,1079.57
62,30,0.0,8.99,526.85,1068.8
62,10,1814.06,632.8,1920.0,1073.02
62,49,1597.28,803.45,1652.66,845.0
62,52,945.91,553.51,1245.82,1070.61
62,57,778.33,669.41,984.82,1078.69
62,48,743.15,887.02,798.78,1075.8
62,9,713.79,914.88,758.92,1079.27
62,3,663.45,903.62,731.3,1079.31
62,5,560.87,920.37,609.51,1080.0
62,6,590.49,885.5,667.72,1079.48
63,30,0.0,6.5,496.63,1067.63
63,10,1814.35,632.54,1920.0,1072.89
63,49,1597.41,803.42,1652.62,845.02
63,52,937.36,559.68,1241.58,1071.29
63,57,774.37,671.28,978.15,1078.33
63,48,747.9,885.34,805.05,1076.29
63,9,713.67,916.08,759.18,1079.36
63,3,661.1,906.03,727.15,1079.7
63,5,560.8,920.36,610.09,1080.0
63,6,587.67,885.97,664.67,1079.53
64,30,0.0,14.72,422.5,1068.28
64,10,1814.57,632.4,1920.0,1073.25
64,49,1598.23,803.64,1651.6,843.86
64,52,930.41,563.68,1238.36,1071.51
64,57,771.6,673.82,972.05,1078.17
64,48,748.72,884.7,805.97,1074.85
64,9,714.17,919.49,759.31,1079.04
64,3,659.57,908.06,724.32,1079.84
64,5,559.14,919.99,609.11,1079.94
64,6,585.27,885.63,662.28,1079.65
65,30,0.0,9.6,435.5,1065.43
65,10,1814.66,632.33,1920.0,1073.43
65,49,1598.71,803.54,1651.6,843.44
65,52,924.28,567.52,1235.37,1072.18
65,57,770.73,673.64,969.41,1078.38
65,48,748.59,884.74,799.07,1052.13
65,9,714.93,920.11,760.28,1078.75
65,3,657.79,907.45,722.16,1079.95
65,5,556.35,918.35,607.0,1080.0
65,6,583.6,886.43,659.71,1079.64
66,30,0.0,5.47,395.81,1064.74
66,10,1814.43,632.51,1920.0,1073.53
66,49,1598.84,803.51,1651.63,843.4
66,52,915.11,571.02,1226.66,1071.51
66,57,770.76,673.86,967.53,1078.75
66,48,745.75,885.51,798.64,1063.17
66,9,715.11,916.99,761.67,1079.07
66,3,655.64,906.78,719.8,1079.99
66,5,556.03,917.33,607.32,1080.0
66,6,584.96,887.13,659.98,1079.65
67,10,1814.7,632.67,1920.0,1073.79
67,49,1599.49,803.68,1651.72,843.12
67,52,908.31,573.05,1222.17,1073.0
67,57,770.24,673.53,964.77,1078.17
67,48,747.73,885.07,793.16,1036.14
67,9,717.45,918.63,764.21,1079.28
67,3,652.44,905.94,716.75,1079.36
67,5,554.23,916.94,606.11,1079.75
67,6,584.02,887.92,658.24,1079.66
68,10,1814.41,632.7,1920.0,1074.25
68,49,1600.22,803.89,1651.68,842.65
68,52,907.51,576.16,1222.29,1073.08
68,57,770.71,675.28,962.18,1077.63
68,48,744.7,886.38,796.6,1060.41
68,9,717.48,916.2,764.99,1078.99
68,3,649.74,905.42,714.26,1079.21
68,5,554.0,915.33,606.64,1079.26
68,6,583.17,888.68,656.62,1079.55
69,10,1814.36,632.81,1920.0,1073.65
69,49,1601.16,803.95,1651.31,841.5
69,52,907.83,580.64,1222.96,1072.94
69,57,771.05,676.3,959.96,1076.84
69,48,744.18,887.45,798.2,1069.2
69,9,719.02,917.51,766.63,1079.44
69,3,648.03,906.61,712.43,1079.71
69,5,551.5,914.97,604.65,1079.15
69,6,582.82,890.2,655.96,1079.44
70,10,1813.98,632.97,1920.0,1073.73
70,49,1601.58,804.05,1650.92,840.75
70,52,909.36,585.9,1224.71,1072.83
70,57,772.84,680.72,957.9,1076.11
70,48,743.05,888.03,797.71,1073.59
70,9,718.99,917.96,766.41,1079.51
70,3,647.27,907.82,711.28,1079.88
70,5,549.99,914.63,603.02,1078.85
70,6,582.09,891.46,654.96,1079.02
71,10,1813.57,633.42,1920.0,1073.91
71,49,1601.77,804.11,1650.78,840.34
71,52,909.06,590.28,1225.24,1072.76
71,57,772.99,682.45,955.75,1075.76
71,48,740.63,890.87,794.04,1074.87
71,9,717.19,914.36,765.25,1079.12
71,3,646.36,906.67,710.74,1079.94
71,5,549.32,915.09,602.04,1078.65
71,6,581.89,890.76,655.02,1079.66
71,64,709.62,916.98,754.14,1076.27
72,10,1811.33,633.43,1918.38,1074.33
72,52,910.76,596.76,1227.02,1073.11
72,57,772.78,684.71,953.52,1076.1
72,48,741.01,892.8,793.75,1075.57
72,9,715.58,914.78,763.37,1078.9
72,3,645.16,905.52,710.06,1079.6
72,5,551.32,914.24,603.59,1077.97
72,6,574.93,889.48,648.72,1079.9
72,64,702.22,916.07,746.85,1075.65
73,10,1810.68,633.92,1917.88,1074.38
73,52,911.25,604.09,1227.09,1073.31
73,57,771.07,689.5,949.18,1076.02
73,48,740.54,899.03,790.3,1072.93
73,9,713.18,916.03,759.86,1078.26
73,3,643.58,905.47,708.52,1079.5
73,5,551.18,912.69,603.17,1077.6
73,6,571.35,888.76,645.5,1079.99
73,64,695.95,917.36,739.93,1075.31
74,10,1809.62,635.28,1916.97,1074.3
74,52,913.6,610.83,1229.15,1073.77
74,57,770.08,693.02,946.07,1076.15
74,48,739.8,900.32,789.36,1074.69
74,9,714.23,915.53,759.47,1075.12
74,3,640.86,904.9,705.8,1079.54
74,5,551.84,916.6,601.93,1076.85
74,6,565.7,887.78,640.55,1079.68
74,64,696.12,917.34,740.02,1074.94
75,10,1809.53,636.87,1916.81,1073.49
75,52,913.97,615.49,1229.91,1074.39
75,57,771.58,696.16,946.62,1075.79
75,48,737.87,903.77,786.98,1076.18
75,9,712.2,914.53,757.14,1074.03
75,3,638.83,906.55,703.51,1079.83
75,5,554.86,911.47,606.3,1077.32
75,6,562.94,888.03,637.81,1079.81
75,64,698.06,915.35,742.59,1074.93
76,10,1808.68,639.11,1916.09,1073.53
76,52,913.02,619.16,1228.64,1073.92
76,57,770.47,699.69,945.02,1076.45
76,48,736.69,906.59,784.71,1077.51
76,9,713.16,912.65,758.42,1076.26
76,3,636.79,908.85,700.75,1079.82
76,6,561.43,888.38,636.14,1079.95
76,64,704.68,914.71,748.9,1074.4
77,10,1807.73,642.59,1915.22,1073.75
77,52,913.2,622.48,1227.9,1073.3
77,57,768.79,703.45,943.6,1077.01
77,48,735.09,906.41,781.57,1074.16
77,9,714.12,911.42,759.36,1076.61
77,3,633.48,906.29,698.37,1079.87
77,6,559.08,888.18,634.05,1079.94
77,64,707.4,915.33,750.61,1072.51
78,10,1807.97,645.63,1915.26,1072.71
78,52,911.52,625.04,1226.55,1073.93
78,57,764.19,707.16,939.87,1077.44
78,9,717.09,912.52,761.95,1077.57
78,3,632.35,908.27,696.5,1079.96
78,6,558.24,888.38,632.94,1079.82
78,64,708.07,917.53,749.04,1068.07
79,10,1807.83,649.13,1914.96,1071.91
79,52,909.94,627.71,1224.53,1073.89
79,57,758.2,710.89,934.44,1077.62
79,9,719.61,915.94,764.06,1078.36
79,3,631.06,906.97,695.28,1079.82
79,6,557.7,888.33,632.36,1079.58
79,64,713.08,923.78,753.82,1072.85
80,10,1809.69,654.36,1915.79,1071.05
80,52,905.4,631.16,1219.27,1074.48
80,57,750.55,712.84,927.82,1077.2
80,9,722.9,932.92,763.17,1078.53
80,3,630.95,908.25,694.74,1079.94
80,6,554.4,889.08,629.29,1079.13
80,64,716.26,936.7,753.55,1072.59
81,10,1809.26,659.57,1915.36,1073.16
81,52,898.32,635.93,1208.65,1075.42
81,57,744.1,713.78,923.16,1077.05
81,9,723.1,937.68,762.54,1079.49
81,3,631.07,907.72,695.11,1079.96
81,6,553.09,890.12,628.12,1079.25
82,10,1807.78,662.68,1914.41,1074.19
82,52,892.38,640.65,1198.86,1076.09
82,57,737.01,714.69,917.63,1076.91
82,3,631.12,909.45,694.99,1079.99
82,6,551.02,890.45,626.27,1079.74
82,71,1600.12,782.09,1656.59,845.25
82,64,717.74,937.58,756.77,1078.53
83,10,1807.39,665.51,1914.2,1073.58
83,52,887.96,645.04,1189.32,1075.81
83,57,728.66,715.37,910.87,1077.15
83,3,631.97,910.36,696.1,1080.0
83,6,554.66,891.99,628.26,1079.68
83,71,1599.76,782.02,1657.0,846.04
83,64,717.04,932.3,757.88,1079.98
84,10,1806.63,669.33,1913.66,1073.6
84,52,886.09,649.85,1183.79,1075.24
84,57,721.12,715.7,904.89,1077.56
84,3,631.94,911.16,696.36,1080.0
84,6,552.84,893.05,626.07,1079.9
84,71,1600.96,784.54,1656.2,846.26
84,64,716.06,937.57,755.82,1080.0
85,52,882.54,655.08,1176.96,1075.61
85,57,715.74,717.01,900.05,1077.31
85,3,631.67,911.3,696.56,1080.0
85,6,556.78,894.2,628.22,1079.55
85,71,1604.33,792.68,1653.44,847.12
85,64,714.76,937.42,754.03,1078.04
86,52,872.21,660.66,1161.26,1075.46
86,57,711.29,718.06,896.66,1077.61
86,3,631.7,912.88,696.82,1079.92
86,6,554.57,895.42,625.64,1079.85
86,71,1606.84,798.5,1652.0,847.92
86,64,714.24,940.31,753.32,1078.98
87,52,868.33,664.2,1154.3,1075.79
87,57,707.22,719.28,892.94,1076.96
87,3,631.97,914.9,697.33,1079.86
87,6,555.27,896.19,625.82,1079.96
87,71,1603.57,791.13,1656.36,848.81
87,64,709.93,939.7,748.75,1079.3
88,52,860.15,667.77,1141.6,1076.1
88,57,703.21,720.77,889.57,1077.35
88,3,632.59,915.54,698.85,1079.9
88,6,556.08,896.2,626.19,1079.85
88,71,1599.24,784.38,1658.08,848.74
88,10,1811.04,690.64,1913.96,1074.18
89,52,853.62,670.75,1130.75,1076.19
89,57,700.48,723.56,886.08,1076.8
89,3,632.19,915.22,699.62,1079.94
89,6,556.27,896.03,626.17,1079.96
89,71,1603.13,789.18,1657.77,848.69
89,10,1813.59,694.56,1915.97,1073.78
90,52,856.27,670.45,1133.53,1075.74
90,57,698.1,726.58,883.15,1077.3
90,3,632.13,916.18,699.86,1079.93
90,6,555.93,895.95,625.71,1079.91
90,71,1605.75,793.1,1656.14,847.51
91,52,847.21,671.12,1120.71,1075.87
91,57,696.05,729.95,879.96,1077.42
91,3,629.76,914.98,697.95,1079.93
91,6,556.07,895.82,625.82,1079.63
91,71,1603.88,788.96,1657.57,847.03
92,52,841.33,672.58,1110.97,1076.22
92,57,693.14,733.64,875.82,1078.02
92,3,628.92,913.79,697.48,1079.95
92,6,556.82,895.84,626.14,1078.98
92,71,1605.09,791.47,1656.57,846.8
93,52,838.34,674.64,1105.19,1076.42
93,57,690.44,737.03,871.1,1077.51
93,3,628.15,914.05,696.04,1079.27
93,6,558.39,895.81,627.09,1078.34
93,71,1606.14,793.26,1656.2,846.61
94,52,831.48,676.13,1095.67,1076.53
94,57,688.51,740.83,867.14,1078.06
94,3,627.93,913.9,695.53,1079.14
94,6,561.7,896.55,628.95,1078.04
94,71,1609.5,800.09,1654.22,846.56
95,52,822.7,677.94,1082.77,1076.93
95,57,687.56,744.19,864.14,1078.4
95,3,628.68,914.62,695.77,1078.96
95,6,561.71,897.06,628.28,1078.88
95,71,1611.51,803.48,1653.9,846.4
95,81,1009.38,738.21,1108.8,1079.43
96,52,813.74,681.23,1068.45,1076.36
96,57,686.73,745.75,861.99,1078.4
96,3,628.83,915.19,695.52,1079.0
96,6,560.83,897.77,626.87,1079.47
96,71,1612.16,804.9,1654.22,846.4
96,81,1014.83,735.72,1115.15,1079.33
97,52,806.54,685.37,1055.72,1076.91
97,57,685.78,746.58,859.5,1077.99
97,3,629.01,915.04,695.31,1078.89
97,6,559.98,898.92,625.35,1079.35
97,71,1612.51,805.35,1654.48,845.74
97,81,1016.29,733.69,1117.55,1079.65
98,52,802.25,688.1,1046.4,1077.22
98,57,685.77,747.5,858.15,1077.79
98,3,629.12,915.04,695.22,1079.04
98,6,559.78,900.08,624.53,1079.2
98,81,1013.54,731.38,1115.95,1079.04
98,82,1110.19,897.73,1163.33,1079.94
99,52,800.75,692.46,1039.32,1077.46
99,57,685.15,747.96,856.48,1077.61
99,3,630.23,915.98,696.36,1079.41
99,6,559.46,901.7,624.07,1079.31
99,81,1011.23,728.1,1115.59,1078.57
99,82,1110.84,895.02,1164.69,1079.61
99,71,1612.56,804.37,1655.76,845.01
100,52,799.39,697.43,1032.2,1077.43
100,57,684.6,748.4,855.04,1077.23
100,3,629.71,917.46,695.24,1079.41
100,6,556.45,902.77,620.48,1079.43
100,81,1014.53,726.3,1121.26,1077.98
100,82,1110.37,885.13,1166.91,1079.29
100,71,1611.49,803.4,1657.32,845.81
101,52,797.41,703.25,1024.72,1077.5
101,57,683.05,749.17,852.36,1077.24
101,3,628.71,918.58,693.49,1079.28
101,6,555.45,903.33,618.98,1079.47
101,81,1017.3,724.16,1127.12,1078.6
101,71,1611.47,804.31,1657.8,846.36
102,52,793.39,706.94,1016.57,1077.01
102,57,681.53,750.31,849.94,1077.07
102,3,628.06,918.74,692.29,1079.47
102,6,554.64,903.19,617.91,1079.47
102,81,1016.7,722.48,1129.72,1078.19
102,71,1611.48,804.39,1658.92,846.7
103,52,789.63,713.86,1007.53,1077.7
103,57,680.92,751.89,847.67,1076.37
103,3,627.28,919.86,690.62,1079.56
103,6,554.0,902.81,616.71,1079.41
103,81,1019.04,722.38,1135.17,1078.25
103,71,1611.02,804.28,1659.71,847.04
104,52,785.95,716.42,1001.13,1077.44
104,57,679.65,753.81,844.98,1076.51
104,3,626.27,919.75,689.15,1079.86
104,6,552.16,900.68,614.3,1079.41
104,81,1023.86,722.71,1142.35,1077.65
104,71,1610.86,804.48,1660.04,847.09
104,85,677.4,922.39,707.58,1078.64
104,86,601.37,927.36,630.43,1075.02
105,52,782.38,718.1,995.64,1077.33
105,57,679.5,756.18,842.95,1076.68
105,3,624.75,919.89,687.06,1079.97
105,6,550.95,899.53,612.1,1079.13
105,81,1025.35,721.24,1146.75,1077.26
105,71,1611.17,805.01,1659.32,846.04
105,85,676.0,923.78,705.94,1077.88
105,86,601.14,931.06,629.82,1076.3
106,52,781.18,718.75,994.24,1077.37
106,57,678.39,759.47,838.81,1076.65
106,3,622.75,918.59,684.84,1080.0
106,6,550.86,899.34,610.73,1078.99
106,81,1024.24,719.97,1149.02,1077.33
106,71,1611.22,805.23,1659.12,845.43
106,85,673.05,924.3,703.2,1077.98
106,86,600.24,928.76,629.94,1078.54
107,52,778.13,718.44,992.06,1077.86
107,57,674.84,763.44,831.68,1075.85
107,3,620.94,917.32,682.81,1080.0
107,6,550.75,899.62,609.11,1078.93
107,81,1023.58,718.28,1151.97,1077.49
107,71,1610.34,805.19,1659.23,845.78
107,85,671.01,924.59,701.56,1078.43
107,86,599.24,931.36,628.14,1075.51
108,52,775.61,719.08,991.23,1077.53
108,57,671.35,766.46,825.38,1075.14
108,3,619.35,918.03,680.37,1080.0
108,6,551.02,900.63,607.15,1078.13
108,81,1026.38,715.43,1158.38,1077.13
108,71,1608.85,805.22,1659.9,847.36
108,85,668.15,922.46,699.76,1079.13
108,86,597.54,929.05,627.8,1078.37
109,52,771.45,720.94,988.21,1078.15
109,57,668.87,768.86,820.1,1074.18
109,3,617.3,918.15,677.59,1079.95
109,6,550.91,901.21,605.04,1077.73
109,81,1028.89,712.91,1164.33,1076.98
109,71,1608.17,805.22,1660.17,847.95
109,85,665.52,921.02,698.15,1079.6
109,86,596.26,929.78,627.06,1079.44
110,52,759.12,723.3,973.07,1077.98
110,57,669.69,770.93,817.36,1071.81
110,3,614.88,918.42,674.26,1079.99
110,6,551.16,901.34,603.6,1077.46
110,81,1034.01,710.15,1173.44,1076.74
110,71,1608.45,805.28,1660.01,847.38
110,85,662.59,920.2,696.25,1079.45
110,86,595.71,931.3,626.79,1079.71
111,52,749.79,727.82,958.03,1077.14
111,57,673.57,771.89,810.52,1051.69
111,3,611.27,917.58,670.23,1080.0
111,6,551.63,901.65,602.16,1075.97
111,81,1038.01,707.09,1181.51,1076.65
111,71,1608.35,805.1,1660.03,847.08
111,85,660.36,916.96,695.83,1079.72
111,86,595.66,931.92,626.53,1075.88
111,88,920.89,799.99,1013.26,1079.12
112,52,743.26,732.13,946.99,1077.15
112,57,675.51,772.39,805.3,1039.63
112,3,607.83,919.29,665.85,1080.0
112,6,551.47,901.09,601.32,1076.14
112,81,1040.5,703.39,1187.86,1077.25
112,71,1608.41,805.06,1660.17,846.9
112,85,657.23,901.67,696.73,1078.85
112,88,924.62,799.0,1017.63,1079.4
113,52,738.05,735.17,939.55,1077.66
113,57,674.98,772.59,799.15,1031.27
113,3,605.04,919.55,662.74,1080.0
113,6,551.72,901.12,600.17,1075.67
113,81,1040.98,699.88,1191.94,1078.07
113,71,1608.72,804.88,1660.31,846.43
113,85,654.46,895.52,696.33,1078.93
113,88,925.07,796.2,1019.38,1079.11
114,52,732.33,739.41,930.43,1077.66
114,57,675.14,772.57,794.92,1026.05
114,3,602.46,919.08,660.0,1080.0
114,6,551.83,902.01,599.03,1075.76
114,81,1040.75,697.46,1194.64,1077.97
114,71,1609.27,804.83,1659.65,845.13
114,85,651.74,890.94,695.48,1078.68
114,88,921.33,793.06,1017.82,1078.82
115,52,726.36,741.8,922.37,1077.3
115,57,674.71,772.8,791.9,1025.23
115,3,600.63,913.34,659.32,1079.55
115,6,551.82,903.0,598.39,1076.11
115,81,1040.64,694.59,1197.87,1078.47
115,71,1609.32,804.64,1660.01,845.11
115,85,649.01,890.52,693.68,1078.64
115,88,915.89,790.32,1015.08,1078.97
115,10,1798.83,662.59,1913.64,1072.63
116,52,714.97,743.39,910.28,1078.54
116,57,677.51,773.71,787.76,1014.86
116,3,600.38,919.8,656.06,1078.95
116,6,551.35,904.51,597.51,1076.0
116,81,1043.3,692.62,1203.07,1077.89
116,71,1609.92,804.55,1659.26,843.64
116,85,647.06,888.16,693.36,1078.74
116,88,916.54,788.7,1018.09,1077.44
116,10,1796.19,662.52,1914.1,1072.33
117,52,706.71,744.48,901.46,1078.72
117,57,680.73,775.87,784.42,1005.81
117,3,599.43,925.22,652.52,1078.4
117,6,548.8,904.12,594.68,1074.74
117,81,1045.59,692.15,1207.12,1077.99
117,71,1610.22,804.58,1658.92,842.87
117,85,644.74,889.64,691.92,1078.83
117,88,912.61,788.05,1017.69,1077.94
117,10,1793.79,662.83,1914.22,1072.6
118,52,700.97,744.69,894.15,1078.77
118,57,684.02,777.95,781.67,996.67
118,3,599.03,921.02,653.29,1078.4
118,6,548.01,902.79,594.52,1074.98
118,81,1048.4,689.95,1211.85,1077.54
118,71,1610.27,804.4,1658.92,842.39
118,85,643.48,890.12,692.42,1078.4
118,88,909.4,788.33,1018.53,1077.43
118,10,1792.58,661.9,1915.04,1073.3
119,52,694.63,743.72,886.72,1076.78
119,57,694.17,780.7,774.84,958.67
119,3,598.21,912.06,655.14,1078.47
119,6,551.65,902.92,597.93,1074.79
119,81,1058.8,688.08,1226.65,1078.31
119,71,1609.96,804.43,1659.9,843.34
119,85,642.7,890.36,691.64,1069.89
119,88,924.9,788.78,1035.38,1077.82
119,10,1790.87,659.84,1915.27,1073.02
120,52,687.34,742.32,880.44,1077.7
120,57,699.49,781.67,771.48,938.18
120,3,596.61,909.06,653.77,1078.43
120,6,552.51,903.08,598.89,1075.68
120,81,1061.9,686.43,1232.62,1077.26
120,71,1610.16,804.47,1659.4,842.63
120,85,638.65,888.47,689.67,1070.99
120,88,931.65,788.65,1043.76,1078.62
120,10,1789.37,659.44,1915.18,1072.78
121,52,680.53,741.16,874.55,1077.84
121,3,595.6,903.64,653.24,1077.61
121,6,549.34,901.46,596.75,1076.2
121,81,1062.3,685.73,1234.09,1076.59
121,71,1609.16,803.9,1660.89,844.06
121,85,635.53,888.42,688.66,1074.02
121,88,930.39,788.61,1045.39,1079.15
121,10,1788.67,656.8,1915.48,1070.18
122,52,675.65,742.34,869.56,1077.62
122,6,551.27,902.62,598.08,1076.5
122,81,1063.5,684.05,1237.38,1076.92
122,71,1609.12,803.81,1660.49,843.57
122,85,633.1,886.53,687.08,1072.12
122,88,920.83,786.12,1041.53,1079.04
122,10,1787.93,654.38,1915.96,1069.3
123,52,672.41,742.62,867.02,1077.04
123,6,552.35,902.58,598.86,1076.45
123,81,1067.47,681.0,1243.74,1077.24
123,71,1608.97,803.62,1660.74,843.59
123,85,630.08,881.0,685.37,1068.51
123,88,922.02,783.61,1047.97,1079.17
123,10,1786.52,652.3,1916.55,1071.7
123,3,594.16,900.3,649.36,1071.91
124,52,669.12,744.63,864.18,1076.88
124,6,553.53,902.94,599.75,1076.64
124,81,1071.56,678.63,1250.11,1077.17
124,71,1608.86,803.65,1661.56,844.34
124,85,628.49,878.07,682.52,1057.17
124,88,922.01,780.86,1053.1,1079.29
124,10,1785.56,652.05,1916.73,1073.11
124,95,867.32,919.19,924.17,1080.0
124,3,591.42,898.56,645.82,1072.97
125,52,665.84,746.71,861.82,1076.74
125,6,554.29,903.33,600.12,1077.15
125,81,1074.96,674.53,1256.49,1076.61
125,71,1609.22,803.32,1661.48,843.49
125,85,626.95,877.81,679.06,1045.73
125,88,919.57,778.35,1054.8,1079.43
125,10,1785.45,650.78,1917.53,1073.78
125,95,865.03,921.27,920.74,1078.87
125,3,594.02,900.21,646.08,1070.51
126,52,665.06,750.12,861.7,1076.89
126,6,554.49,904.09,600.43,1078.28
126,81,1077.45,667.32,1263.15,1076.29
126,71,1608.2,803.59,1662.7,845.54
126,85,623.01,877.89,676.57,1045.71
126,88,919.06,775.76,1057.66,1079.05
126,10,1785.41,648.04,1918.46,1074.26
126,95,865.47,920.27,921.69,1079.57
127,52,667.15,753.46,865.3,1076.87
127,6,554.91,904.83,600.81,1078.33
127,81,1079.81,662.16,1269.17,1077.04
127,71,1608.48,803.87,1663.53,846.37
127,85,621.02,877.25,675.55,1043.46
127,88,919.35,772.67,1061.98,1078.98
127,10,1786.5,647.68,1919.39,1074.19
128,52,669.09,756.95,869.43,1076.86
128,6,555.67,905.84,601.37,1078.07
128,81,1084.1,659.04,1276.23,1077.34
128,71,1608.29,803.91,1663.99,847.05
128,85,617.38,876.35,674.22,1045.86
128,88,918.43,768.91,1063.38,1079.4
128,10,1787.19,646.95,1920.0,1074.52
129,52,670.5,759.43,874.2,1077.07
129,6,551.54,906.39,597.12,1077.55
129,81,1087.33,654.8,1282.09,1077.1
129,71,1608.42,803.83,1664.06,847.05
129,85,615.68,876.6,673.67,1046.44
129,88,921.57,766.23,1067.92,1079.3
129,10,1787.92,646.67,1920.0,1074.45
130,52,673.96,761.0,880.3,1077.38
130,6,552.25,907.03,598.08,1077.58
130,81,1090.58,652.21,1286.66,1076.71
130,71,1608.64,803.77,1664.03,846.93
130,85,613.69,877.13,673.56,1047.72
130,88,927.17,764.93,1075.01,1079.12
130,10,1788.99,645.57,1920.0,1074.69
131,52,675.4,762.41,884.19,1077.62
131,6,555.11,908.49,599.72,1075.37
131,81,1093.5,649.63,1291.02,1077.32
131,71,1608.94,803.89,1663.83,846.75
131,85,611.2,878.07,672.14,1047.15
131,88,928.62,763.77,1076.57,1078.89
131,10,1789.56,644.98,1920.0,1074.51
132,52,676.41,762.81,887.87,1077.63
132,6,558.79,909.23,603.57,1075.5
132,81,1097.26,646.66,1296.17,1077.86
132,71,1608.87,803.58,1663.91,846.68
132,85,607.65,878.14,671.6,1053.45
132,88,931.03,763.05,1078.82,1079.08
132,10,1790.73,644.48,1920.0,1074.52
133,52,675.24,762.85,889.49,1077.89
133,6,557.23,908.96,603.66,1077.38
133,81,1100.53,643.31,1300.93,1077.77
133,71,1608.83,803.3,1663.89,846.53
133,85,603.45,878.64,668.83,1057.11
133,88,937.03,762.76,1085.36,1078.71
133,10,1791.72,644.49,1920.0,1074.22
134,52,673.91,762.79,890.37,1077.82
134,81,1104.74,641.45,1306.13,1078.13
134,71,1608.51,802.76,1663.99,846.47
134,85,600.25,877.13,668.65,1063.66
134,88,944.62,761.27,1095.24,1078.64
134,10,1792.27,644.78,1920.0,1074.21
135,52,673.45,762.76,891.22,1077.91
135,81,1109.27,639.97,1310.78,1077.74
135,71,1609.29,803.12,1663.56,845.87
135,85,596.97,874.3,669.74,1071.99
135,88,947.99,759.27,1101.61,1079.31
135,10,1793.5,645.19,1920.0,1074.1
136,52,671.77,762.96,889.65,1077.83
136,81,1110.56,637.64,1312.42,1076.82
136,71,1609.58,803.08,1663.74,845.83
136,85,594.15,872.47,669.61,1076.85
136,88,950.09,757.12,1106.99,1079.62
136,10,1794.58,646.07,1920.0,1074.02
137,52,670.58,763.59,887.99,1077.7
137,81,1112.13,636.06,1314.35,1076.1
137,71,1610.48,803.3,1663.58,845.21
137,85,592.27,870.89,669.22,1079.03
137,88,948.65,753.4,1108.02,1079.54
137,10,1795.37,647.5,1920.0,1074.26
138,52,667.57,765.67,883.12,1077.32
138,81,1114.17,635.41,1316.34,1075.36
138,71,1611.21,803.78,1662.94,844.43
138,85,589.79,870.23,667.65,1079.59
138,88,950.1,749.64,1112.49,1079.21
138,10,1796.12,651.25,1920.0,1074.57
139,52,665.4,768.44,879.53,1078.33
139,81,1114.97,632.95,1318.43,1075.34
139,71,1611.52,804.12,1662.65,844.1
139,85,587.38,869.56,665.98,1079.61
139,88,951.22,744.58,1116.24,1078.19
139,10,1796.29,653.16,1920.0,1074.98
140,52,663.77,769.69,876.55,1078.79
140,81,1115.1,629.31,1320.3,1075.27
140,71,1611.29,804.26,1662.66,844.3
140,85,584.49,868.82,663.99,1080.0
140,88,955.84,740.73,1123.18,1078.09
140,10,1796.13,654.46,1920.0,1074.95
140,100,802.39,795.87,883.19,984.67
141,52,663.61,771.83,874.32,1078.86
141,81,1114.79,623.68,1322.42,1074.9
141,71,1610.63,804.52,1663.16,845.46
141,85,580.21,868.56,660.72,1080.0
141,88,957.5,737.59,1126.02,1077.82
141,10,1796.01,655.94,1919.46,1074.63
141,100,799.18,797.29,882.2,991.61
141,102,658.63,815.87,736.45,1074.07
141,103,662.76,818.08,739.3,996.35
142,52,663.71,772.12,872.78,1079.1
142,81,1114.56,619.21,1324.15,1074.48
142,71,1609.66,804.33,1663.7,846.48
142,85,577.56,869.56,658.38,1080.0
142,88,957.93,734.02,1128.03,1077.56
142,10,1796.43,656.59,1919.62,1074.97
142,100,799.39,796.55,883.45,993.52
142,102,654.05,818.08,732.22,1077.13
142,103,655.29,817.74,737.98,1010.61
142,104,925.24,892.86,974.77,1079.78
143,52,666.15,772.62,872.71,1079.27
143,81,1114.1,610.99,1327.72,1074.99
143,71,1609.47,804.18,1664.18,846.92
143,85,574.84,869.99,655.96,1080.0
143,88,956.4,732.11,1127.28,1077.64
143,10,1796.99,656.38,1920.0,1075.14
143,100,796.22,795.52,884.37,1002.5
143,102,648.78,817.35,727.53,1077.83
143,103,649.62,816.57,735.32,1016.64
143,104,923.89,898.76,971.99,1079.7
144,52,669.52,773.39,873.57,1079.42
144,81,1114.36,604.61,1331.17,1075.35
144,71,1609.24,804.09,1665.03,847.83
144,85,568.57,869.87,650.83,1079.88
144,88,955.49,731.67,1126.49,1077.63
144,10,1797.68,656.19,1920.0,1075.3
144,100,789.76,795.24,894.67,1043.95
144,103,645.13,815.82,732.06,1019.0
144,104,920.32,901.81,967.7,1079.4
145,52,671.9,774.98,873.26,1079.36
145,81,1113.71,597.92,1333.89,1076.52
145,71,1609.79,803.69,1665.65,847.57
145,85,563.03,868.84,646.62,1079.92
145,88,954.41,731.59,1125.09,1077.74
145,10,1798.08,656.14,1920.0,1075.6
145,100,786.52,795.67,898.68,1065.33
145,103,642.45,814.76,730.91,1022.36
145,104,914.73,902.95,961.19,1076.36
145,105,843.64,825.4,931.48,995.91
146,52,675.36,776.45,874.25,1079.12
146,81,1115.64,593.02,1338.12,1076.6
146,71,1611.13,803.55,1665.16,845.89
146,85,556.84,866.64,641.51,1079.74
146,88,955.88,731.43,1126.47,1077.72
146,10,1799.42,658.0,1920.0,1075.9
146,100,786.14,796.84,899.91,1075.22
146,105,845.7,824.31,939.83,1008.1
146,102,644.75,814.44,718.1,1055.67
147,52,679.5,777.48,877.21,1079.18
147,81,1117.76,588.94,1342.57,1076.34
147,71,1612.54,803.75,1665.23,844.92
147,85,554.16,863.47,640.16,1079.5
147,88,956.29,730.55,1127.24,1077.82
147,10,1798.88,658.32,1919.96,1074.85
147,100,788.87,798.26,901.1,1077.98
147,105,849.07,822.09,946.96,1014.79
147,102,641.44,814.61,717.89,1065.19
148,52,681.54,778.2,878.6,1079.58
148,81,1119.6,583.22,1347.36,1076.58
148,71,1613.66,803.96,1665.53,844.29
148,85,551.88,860.23,639.11,1079.3
148,88,954.14,727.62,1127.37,1078.67
148,10,1798.71,658.74,1919.73,1075.55
148,100,792.99,798.83,902.83,1078.51
148,105,851.69,822.48,954.35,1026.96
148,102,638.71,814.27,717.23,1070.59
149,52,682.7,779.42,878.78,1079.54
149,81,1121.77,580.36,1351.1,1076.82
149,85,549.0,856.79,637.29,1079.57
149,88,952.6,722.08,1128.64,1078.56
149,10,1798.6,659.78,1919.36,1075.8
149,100,796.89,799.35,903.5,1077.07
149,105,855.62,822.52,959.27,1032.15
149,102,633.87,813.39,714.51,1074.75
150,52,685.62,782.52,879.15,1079.51
150,81,1123.71,578.49,1353.7,1076.1
150,85,546.68,855.46,635.17,1079.59
150,88,950.76,719.3,1128.91,1078.56
150,10,1798.25,660.43,1918.89,1075.87
150,100,799.12,799.28,903.73,1078.73
150,105,861.56,826.15,963.64,1036.11
150,102,630.78,811.1,713.8,1076.5
151,52,688.64,784.45,880.55,1079.41
151,81,1127.18,575.5,1358.76,1075.59
151,85,543.35,855.06,631.53,1079.49
151,88,948.05,714.76,1129.91,1078.79
151,10,1797.98,660.28,1918.61,1075.35
151,100,802.32,799.07,901.03,1068.62
151,105,867.27,823.58,965.84,1029.23
151,102,625.3,810.15,710.65,1078.84
152,52,691.79,784.45,883.83,1079.68
152,81,1130.54,572.88,1363.93,1075.54
152,85,539.15,855.25,626.94,1079.52
152,88,944.14,711.16,1129.48,1077.88
152,10,1797.8,659.88,1918.59,1075.28
152,100,806.29,798.51,896.64,1048.92
152,105,871.47,823.23,966.53,1024.03
152,102,621.34,808.1,709.41,1079.69
153,52,693.51,786.24,885.13,1079.77
153,81,1136.54,569.51,1372.39,1075.71
153,85,536.45,855.36,623.44,1079.74
153,88,942.07,706.98,1131.49,1078.32
153,10,1797.52,659.37,1918.62,1075.61
153,100,815.95,800.08,886.78,991.91
153,105,870.36,829.94,970.55,1046.32
153,102,616.68,804.09,708.26,1079.63
154,52,696.27,787.86,887.26,1079.74
154,81,1142.77,566.57,1381.91,1075.59
154,85,534.01,856.78,619.43,1079.9
154,88,939.59,702.59,1132.06,1078.62
154,10,1797.54,659.36,1918.64,1075.39
154,100,819.43,799.2,880.85,961.39
154,105,876.21,827.48,970.95,1036.09
154,102,612.73,801.66,707.14,1079.26
155,52,698.03,789.51,888.78,1079.73
155,81,1149.38,566.06,1390.59,1075.11
155,85,531.68,858.4,615.3,1079.08
155,88,939.95,701.4,1133.24,1078.83
155,10,1797.49,659.5,1918.6,1075.32
155,100,821.13,800.71,878.38,947.61
155,105,878.28,825.67,982.25,1060.9
155,102,607.12,799.46,704.39,1078.46
156,52,700.64,792.94,889.83,1079.75
156,81,1156.15,562.17,1401.77,1075.8
156,85,529.61,858.98,612.04,1079.33
156,88,940.96,699.4,1134.78,1079.15
156,10,1797.37,659.86,1918.38,1074.73
156,100,821.33,803.35,877.41,942.93
156,105,882.13,823.5,988.93,1072.7
156,102,601.36,798.23,701.65,1078.3
157,52,699.96,793.32,889.43,1079.83
157,81,1166.54,555.2,1417.84,1076.38
157,85,528.26,858.08,609.87,1078.64
157,88,948.21,697.79,1144.02,1079.13
157,10,1797.44,660.21,1918.4,1074.41
157,100,821.24,802.09,876.47,936.08
157,105,887.26,820.54,994.39,1078.48
157,102,596.54,798.08,699.48,1078.7
158,52,702.84,794.26,891.25,1079.95
158,81,1172.54,545.63,1430.0,1075.72
158,85,527.4,856.04,608.91,1079.18
158,88,945.72,695.91,1141.59,1079.23
158,10,1797.61,660.53,1918.55,1074.39
158,100,821.49,803.02,876.93,934.41
158,105,891.27,817.65,997.64,1080.0
158,102,590.13,798.08,696.16,1079.15
159,52,703.23,794.14,890.98,1079.6
159,81,1181.27,536.8,1444.14,1074.92
159,85,524.86,850.01,607.48,1077.97
159,88,946.48,692.42,1144.11,1079.22
159,10,1797.85,660.79,1918.7,1074.13
159,100,821.27,806.23,875.86,932.43
159,105,894.91,814.45,997.66,1078.57
159,102,585.2,797.54,693.73,1079.04
159,108,815.6,803.27,885.26,995.28
160,52,702.84,793.13,890.71,1079.57
160,81,1187.91,527.59,1455.92,1073.8
160,85,523.3,846.28,606.58,1077.62
160,88,947.23,689.6,1147.02,1078.52
160,10,1798.04,660.91,1918.85,1073.99
160,100,821.6,808.37,873.26,924.33
160,102,580.22,795.84,691.31,1078.91
160,108,810.34,805.74,889.22,1023.9
161,52,703.3,794.14,889.64,1079.46
161,81,1197.14,515.06,1472.82,1072.87
161,85,522.17,844.21,605.41,1077.57
161,88,952.45,687.37,1156.29,1077.85
161,10,1798.35,660.55,1919.2,1074.02
161,100,820.99,809.67,872.45,922.11
161,102,573.51,794.34,687.22,1079.34
162,52,703.05,794.9,888.08,1079.53
162,81,1205.91,504.79,1488.05,1072.9
162,85,521.41,842.72,604.57,1077.71
162,88,953.42,684.98,1163.43,1077.49
162,10,1798.69,660.83,1919.41,1074.17
162,102,569.25,793.97,684.87,1079.8
163,52,702.84,795.33,886.6,1079.53
163,81,1212.14,497.6,1498.56,1073.11
163,85,517.63,840.87,601.14,1078.52
163,88,954.55,682.78,1170.49,1077.16
163,10,1799.2,660.5,1919.97,1074.97
163,102,563.67,790.25,682.21,1079.64
164,52,701.77,796.17,884.29,1079.4
164,81,1219.79,492.23,1509.04,1072.4
164,85,514.36,839.52,597.9,1079.19
164,88,953.96,675.9,1177.98,1077.6
164,10,1799.84,660.5,1920.0,1075.4
164,102,559.77,787.96,681.05,1079.96
165,52,701.6,797.0,882.91,1079.34
165,81,1229.93,488.21,1521.35,1071.76
165,85,511.7,839.43,594.55,1078.34
165,88,954.3,669.16,1184.36,1077.11
165,10,1800.51,661.03,1920.0,1075.4
165,102,557.52,785.69,680.71,1079.8
166,52,701.21,798.13,880.99,1079.54
166,81,1241.22,483.8,1535.32,1072.09
166,85,509.19,838.96,591.7,1078.16
166,88,945.19,664.73,1178.41,1076.58
166,10,1801.06,662.19,1920.0,1075.49
166,102,556.32,783.38,680.93,1079.02
167,52,703.25,798.84,881.39,1079.23
167,81,1251.47,479.47,1547.84,1071.97
167,85,505.85,839.22,587.79,1079.0
167,88,948.92,655.09,1187.87,1075.83
167,10,1801.34,663.46,1920.0,1075.44
167,102,553.79,781.96,679.71,1078.28
168,52,704.35,798.93,881.93,1079.35
168,81,1262.88,476.87,1560.9,1072.67
168,85,501.4,839.98,582.34,1078.82
168,88,947.88,649.39,1192.36,1076.59
168,10,1801.45,664.35,1919.88,1075.4
168,102,550.01,780.59,677.37,1078.26
169,52,706.78,798.52,884.21,1079.36
169,81,1274.06,472.1,1574.19,1071.56
169,85,496.87,839.74,577.61,1078.79
169,88,946.16,645.21,1195.25,1076.28
169,10,1801.67,666.75,1919.33,1075.09
169,102,545.79,778.44,675.12,1077.82
170,52,707.7,798.41,884.9,1079.3
170,81,1284.79,466.25,1587.96,1071.43
170,85,492.14,838.72,572.47,1078.26
170,88,944.94,640.28,1199.25,1076.08
170,10,1801.66,666.82,1919.21,1074.87
170,102,542.26,777.09,672.85,1077.69
171,52,710.26,799.11,887.03,1078.78
171,81,1294.18,459.18,1600.75,1071.42
171,85,487.05,836.88,567.52,1077.71
171,88,944.34,637.72,1203.57,1077.64
171,10,1801.78,667.84,1919.03,1074.84
171,102,537.84,776.72,670.63,1078.92
172,52,712.42,799.61,889.57,1078.88
172,81,1303.76,448.86,1614.85,1071.39
172,85,483.14,834.9,563.76,1077.57
172,88,943.08,632.66,1207.38,1077.96
172,10,1802.5,671.42,1918.56,1073.71
172,102,530.82,776.41,665.03,1079.31
173,52,714.8,801.46,891.5,1079.45
173,81,1313.31,435.42,1630.63,1072.23
173,85,478.29,827.31,560.71,1077.35
173,88,943.11,630.17,1211.32,1078.19
173,10,1802.77,672.24,1918.53,1073.07
173,102,525.03,775.01,660.12,1079.06
174,52,719.61,802.78,895.4,1079.23
174,81,1322.04,422.97,1644.5,1071.64
174,85,474.99,825.75,557.06,1076.38
174,88,943.0,627.5,1215.3,1077.62
174,10,1802.88,672.43,1918.64,1072.91
174,102,519.82,773.36,655.55,1078.39
175,52,723.97,804.0,898.58,1078.84
175,81,1333.27,410.29,1661.32,1071.41
175,85,470.93,824.17,553.39,1077.84
175,88,943.0,624.8,1219.68,1076.87
175,10,1802.93,672.39,1918.74,1072.9
175,102,513.0,768.86,651.36,1078.84
176,52,729.4,805.98,903.2,1078.89
176,81,1349.3,395.25,1685.59,1071.18
176,85,467.06,820.56,549.98,1077.33
176,88,941.42,618.75,1224.18,1075.57
176,10,1802.83,672.19,1918.75,1072.89
176,102,506.7,765.96,646.71,1078.97
177,52,733.82,808.09,906.3,1078.05
177,81,1365.37,382.86,1710.01,1072.01
177,85,462.82,817.02,546.48,1077.4
177,88,939.26,612.07,1228.76,1074.6
177,10,1803.06,674.14,1918.65,1073.33
177,102,501.94,762.28,643.67,1079.01
178,52,737.87,808.89,910.41,1078.79
178,81,1381.38,372.58,1733.96,1072.08
178,85,459.58,817.28,542.7,1077.71
178,88,938.38,601.36,1237.71,1074.91
178,10,1803.19,675.97,1918.51,1073.84
178,102,495.88,757.62,640.4,1078.85
179,52,744.07,810.54,916.13,1079.12
179,81,1398.97,363.48,1759.68,1071.07
179,85,456.09,817.4,538.51,1077.33
179,88,939.25,592.7,1246.93,1074.68
179,10,1803.36,677.64,1918.34,1073.78
179,102,490.55,754.22,637.53,1078.35
180,52,751.38,812.69,922.7,1079.37
180,81,1413.2,353.12,1783.01,1071.21
180,85,450.33,818.16,531.91,1077.48
180,88,944.03,586.34,1258.93,1074.56
180,10,1803.28,678.45,1918.28,1074.11
180,102,485.29,751.94,634.76,1078.59
181,52,756.55,813.66,927.85,1079.49
181,81,1426.18,345.32,1802.65,1071.39
181,85,444.39,818.93,525.11,1077.62
181,88,950.01,578.62,1272.01,1073.84
181,10,1803.54,679.96,1918.14,1073.54
181,102,480.75,750.49,632.19,1078.54
181,114,2.3,757.2,23.63,857.72
181,115,653.78,922.78,720.16,1079.54
182,52,759.77,814.3,930.79,1078.62
182,81,1438.13,340.41,1818.96,1071.07
182,85,438.29,818.4,518.97,1077.25
182,88,956.06,567.13,1286.21,1072.67
182,10,1803.61,682.03,1918.0,1074.15
182,102,477.66,748.63,630.9,1078.19
182,114,3.83,758.06,24.95,856.78
182,115,654.8,923.41,720.98,1079.25
182,117,709.95,922.26,769.22,1061.41
183,52,768.71,814.21,939.61,1078.96
183,81,1447.78,327.53,1836.09,1071.47
183,85,434.7,816.19,515.87,1077.85
183,88,963.66,559.16,1300.3,1073.22
183,10,1804.14,685.32,1917.85,1074.2
183,102,472.26,747.95,627.16,1078.6
183,114,6.05,758.89,27.21,856.07
183,115,653.89,923.42,720.33,1078.77
183,117,710.37,923.72,768.87,1061.35
184,52,773.44,814.03,944.48,1079.15
184,81,1462.6,320.31,1855.55,1071.03
184,85,431.34,813.62,513.22,1078.03
184,88,967.84,552.54,1309.61,1072.73
184,10,1804.81,688.89,1917.73,1074.19
184,102,467.21,747.79,623.62,1078.88
184,114,8.17,758.49,30.19,856.6
184,115,653.11,922.56,720.57,1079.02
184,117,705.61,925.28,769.06,1075.26
185,52,779.01,814.13,950.08,1079.33
185,81,1481.91,311.93,1881.24,1070.73
185,85,425.2,811.11,508.99,1078.73
185,88,971.77,547.14,1318.87,1072.67
185,10,1808.27,694.16,1919.13,1073.19
185,102,463.39,748.02,620.63,1077.64
185,114,11.21,758.3,34.33,856.41
185,115,649.87,922.98,717.53,1078.83
185,117,702.27,927.55,766.33,1080.0
186,52,784.64,813.82,955.71,1079.24
186,81,1501.31,302.26,1907.31,1070.51
186,85,419.81,807.24,506.09,1078.49
186,88,988.59,542.06,1338.2,1072.78
186,102,460.97,747.67,619.58,1077.04
186,115,645.63,922.59,713.85,1079.55
186,117,698.43,928.32,762.23,1080.0
187,52,788.61,814.18,959.18,1078.61
187,81,1515.2,290.31,1920.0,1070.77
187,85,415.59,805.0,503.65,1078.42
187,88,1004.12,534.43,1357.66,1072.66
187,102,458.5,747.01,618.84,1077.75
187,115,643.66,922.71,711.93,1079.87
187,117,694.96,928.59,757.61,1080.0
187,120,959.77,786.85,1028.74,1079.08
187,114,14.78,755.26,40.4,855.95
188,52,792.03,814.86,962.08,1078.58
188,81,1527.29,275.24,1920.0,1069.84
188,85,411.45,803.16,500.67,1077.97
188,88,1015.91,527.34,1373.36,1071.82
188,102,456.34,744.0,619.29,1077.72
188,115,642.31,923.4,710.2,1079.85
188,117,693.06,928.43,754.48,1080.0
188,120,963.08,777.8,1034.48,1079.16
188,122,732.94,927.83,774.93,1078.48
188,114,16.24,753.26,44.92,857.0
189,52,795.16,815.68,964.75,1078.46
189,81,1541.46,257.76,1920.0,1068.8
189,85,406.29,800.73,496.78,1077.97
189,88,1023.6,518.38,1385.08,1070.23
189,102,451.09,739.58,617.17,1076.97
189,115,642.27,925.56,708.82,1079.79
189,117,691.21,928.94,751.0,1080.0
189,120,967.43,774.72,1040.4,1079.15
189,122,733.5,927.8,775.84,1079.65
189,114,18.02,755.08,49.21,857.79
190,52,798.7,817.06,967.52,1079.1
190,81,1556.36,239.68,1920.0,1067.52
190,85,401.83,799.53,492.94,1078.22
190,88,1028.55,508.75,1397.33,1069.69
190,102,445.52,735.42,615.16,1077.1
190,115,641.25,924.41,707.3,1079.36
190,117,688.55,929.97,747.14,1080.0
190,120,967.32,773.54,1041.37,1078.99
190,122,732.03,927.05,774.66,1079.96
191,52,801.07,818.25,969.15,1078.57
191,81,1568.4,224.6,1920.0,1066.17
191,85,397.47,800.16,488.29,1078.1
191,88,1047.13,496.06,1420.79,1068.92
191,102,441.43,730.45,614.32,1077.09
191,115,639.96,923.32,705.52,1079.43
191,117,686.04,930.19,743.31,1080.0
191,120,969.47,790.02,1040.73,1078.43
191,122,731.37,926.81,774.12,1079.77
191,114,20.59,754.89,55.46,857.51
192,52,804.68,819.62,971.54,1078.48
192,81,1576.64,206.98,1920.0,1065.24
192,85,392.68,799.97,483.45,1078.01
192,88,1058.96,482.92,1436.15,1068.0
192,102,438.62,726.43,613.66,1076.92
192,115,640.7,923.45,704.93,1079.34
192,117,683.76,930.26,740.3,1080.0
192,120,969.44,779.29,1045.3,1079.41
192,122,731.43,926.58,774.51,1079.98
192,125,611.9,930.52,669.72,1070.42
192,114,20.74,755.1,59.22,857.07
193,52,808.08,820.64,973.8,1078.72
193,81,1586.34,188.65,1920.0,1067.32
193,85,386.34,798.93,477.12,1077.58
193,88,1074.52,470.63,1455.92,1068.36
193,102,436.49,722.51,612.86,1076.42
193,115,637.31,925.6,699.48,1079.65
193,117,681.77,930.8,737.76,1080.0
193,120,967.92,772.19,1047.31,1079.31
193,122,731.88,925.0,775.71,1079.38
193,125,615.66,927.11,677.37,1076.76
194,52,810.28,821.67,974.27,1078.16
194,81,1600.07,175.38,1920.0,1064.79
194,85,379.54,798.16,470.64,1077.63
194,88,1088.88,458.63,1474.34,1068.92
194,102,433.11,717.28,611.54,1076.66
194,115,630.2,925.66,692.87,1079.89
194,117,679.09,929.68,734.68,1080.0
194,120,966.04,770.48,1047.72,1079.26
194,122,732.42,923.35,777.53,1078.99
194,125,612.59,926.14,675.17,1079.22
194,126,1050.16,736.01,1118.63,1078.3
194,129,771.57,917.58,826.77,1077.64
195,52,812.93,822.91,974.96,1078.51
195,81,1614.55,160.13,1920.0,1062.6
195,85,370.27,796.91,462.93,1078.52
195,88,1093.33,448.43,1485.14,1070.66
195,102,432.24,713.98,612.4,1077.96
195,115,631.65,924.53,693.63,1079.47
195,117,676.7,928.1,731.73,1080.0
195,120,963.62,769.72,1047.43,1079.2
195,122,731.93,923.27,778.03,1078.58
195,126,1054.12,733.05,1123.79,1078.8
195,129,768.9,912.8,826.07,1078.69
195,130,2.1,754.44,84.55,859.21
196,52,813.49,822.89,973.47,1077.95
196,81,1628.82,123.25,1920.0,1059.01
196,85,360.08,793.95,455.44,1078.75
196,88,1107.3,442.38,1503.23,1070.81
196,102,431.0,710.96,612.4,1078.81
196,115,630.55,924.76,691.79,1078.94
196,117,674.56,926.91,729.03,1079.27
196,120,961.54,767.57,1047.59,1079.02
196,122,730.41,922.84,777.13,1077.58
196,126,1074.01,729.4,1146.52,1077.71
196,129,764.99,908.34,823.75,1078.8
196,130,2.99,753.64,85.74,858.63
197,52,817.48,822.69,974.94,1077.8
197,81,1646.85,99.0,1920.0,1049.63
197,85,358.23,790.73,454.97,1078.79
197,88,1131.56,436.85,1528.7,1071.16
197,102,427.43,709.21,609.87,1079.2
197,115,626.46,924.06,688.16,1079.62
197,117,673.44,927.24,726.94,1078.75
197,120,959.54,766.4,1047.69,1078.76
197,122,727.51,922.0,775.14,1077.36
197,126,1084.99,726.01,1161.38,1077.67
197,129,764.66,913.22,822.23,1079.41
197,130,4.43,754.25,86.42,857.94
198,52,822.69,822.53,977.46,1078.63
198,81,1669.89,99.04,1920.0,1057.58
198,85,354.17,786.32,452.49,1078.94
198,88,1132.08,430.78,1536.18,1070.03
198,102,420.94,709.61,602.57,1079.14
198,115,622.97,924.27,684.48,1079.88
198,117,670.85,927.9,724.11,1079.46
198,120,956.8,762.94,1047.88,1078.94
198,122,726.24,922.95,773.94,1076.26
198,126,1083.86,724.04,1164.12,1078.15
198,129,761.21,910.01,820.26,1079.08
198,130,6.23,755.61,88.48,859.02
199,52,829.31,822.48,980.39,1078.09
199,81,1693.39,113.13,1920.0,1065.44
199,85,348.11,783.33,447.35,1077.81
199,88,1136.87,424.35,1549.56,1069.13
199,102,416.56,707.47,598.83,1078.01
199,115,621.9,924.18,683.02,1079.98
199,117,669.42,928.25,722.56,1080.0
199,120,953.18,758.76,1046.91,1079.14
199,122,725.23,924.75,773.22,1077.21
199,126,1075.52,722.47,1159.36,1078.22
199,129,761.51,916.79,819.02,1079.79
199,130,7.87,756.81,89.61,858.64
199,132,816.75,990.8,868.59,1079.26
200,52,832.22,822.39,979.51,1077.99
200,85,344.41,780.57,444.44,1077.59
200,88,1141.99,415.23,1566.24,1069.54
200,102,409.87,706.3,592.51,1077.82
200,115,621.66,924.03,682.34,1079.98
200,117,668.51,928.82,721.48,1080.0
200,120,949.31,753.95,1045.72,1079.46
200,122,721.92,923.59,770.7,1077.68
200,126,1068.08,721.28,1155.33,1078.0
200,129,754.69,917.88,812.25,1079.64
200,130,8.29,757.91,90.06,858.72
200,132,819.22,993.56,869.5,1079.27
200,10,1750.41,145.68,1920.0,1071.12
201,52,835.18,822.69,978.85,1078.64
201,85,340.26,779.82,440.55,1077.78
201,88,1145.38,403.26,1583.27,1070.74
201,102,400.01,703.69,583.85,1077.35
201,115,622.2,925.29,682.09,1079.96
201,117,668.72,927.9,721.87,1080.0
201,120,947.43,750.72,1045.73,1079.82
201,122,718.94,922.72,768.37,1077.55
201,126,1064.23,719.52,1155.53,1077.9
201,129,749.4,916.07,807.99,1079.9
201,130,8.71,758.76,91.15,859.15
201,132,821.43,992.07,872.46,1078.88
202,52,838.22,823.66,978.21,1079.18
202,85,331.98,778.63,433.5,1077.44
202,88,1148.49,390.91,1598.66,1071.35
202,102,391.58,700.23,577.22,1076.77
202,115,621.33,926.82,680.04,1080.0
202,117,667.33,927.75,720.27,1080.0
202,120,945.77,749.68,1045.39,1079.97
202,122,719.55,923.92,767.46,1076.74
202,126,1062.86,717.44,1158.67,1077.48
202,129,744.26,916.77,803.15,1079.75
202,130,7.88,756.81,93.17,859.56
202,134,1836.69,624.23,1898.81,1075.23
202,135,792.92,951.88,832.48,1075.7
203,52,840.38,825.23,976.33,1079.75
203,85,327.21,776.65,429.89,1077.28
203,88,1160.43,376.12,1622.93,1069.9
203,102,382.89,697.28,570.75,1077.62
203,115,620.41,928.66,677.93,1080.0
203,117,666.82,929.22,719.09,1080.0
203,120,944.54,747.68,1045.33,1080.0
203,122,717.83,929.93,763.26,1076.5
203,126,1060.87,713.47,1161.94,1078.22
203,129,741.71,916.07,801.05,1079.49
203,130,8.98,757.66,94.07,858.66
203,134,1841.23,693.33,1894.59,1073.3
203,135,793.07,949.96,833.86,1077.8
204,52,841.21,826.81,973.07,1079.96
204,85,320.5,776.12,423.5,1077.03
204,88,1179.07,359.39,1653.48,1069.94
204,102,373.22,694.2,563.92,1078.09
204,115,620.16,927.82,677.49,1079.91
204,117,664.4,929.84,716.72,1080.0
204,120,943.45,746.76,1045.38,1080.0
204,122,714.94,930.1,759.55,1075.32
204,126,1058.84,711.34,1165.1,1077.95
204,129,736.78,915.86,796.7,1079.51
204,130,9.01,758.16,95.58,859.35
204,134,1841.51,704.94,1894.69,1073.67
204,135,793.02,952.58,833.41,1078.99
205,52,844.43,828.64,971.24,1079.51
205,85,317.29,775.38,420.17,1077.07
205,88,1199.5,343.51,1682.66,1069.07
205,102,365.75,688.18,560.45,1076.92
205,115,620.28,928.2,677.0,1079.82
205,117,662.11,931.25,714.4,1080.0
205,120,941.88,746.64,1044.64,1079.88
205,122,711.93,930.27,756.2,1074.54
205,126,1057.19,708.77,1169.13,1077.65
205,129,730.88,915.84,791.39,1079.67
205,130,10.63,757.71,98.39,858.95
205,134,1841.39,709.36,1895.76,1074.4
205,135,791.44,942.88,834.8,1079.08
205,132,804.67,927.45,888.93,1076.16
206,52,850.76,831.32,971.56,1078.6
206,85,313.53,774.57,416.05,1077.36
206,88,1221.68,328.46,1710.89,1069.3
206,102,351.25,681.36,552.13,1076.37
206,115,620.52,926.73,677.28,1079.48
206,117,659.76,932.66,711.67,1080.0
206,120,937.14,745.49,1041.27,1079.21
206,122,712.15,930.95,755.2,1074.22
206,126,1054.43,704.99,1172.79,1077.73
206,129,728.6,917.22,788.66,1079.93
206,130,12.51,757.89,101.43,859.23
206,134,1841.28,709.87,1897.33,1072.72
206,135,790.89,936.41,836.09,1079.11
206,132,806.27,921.34,890.59,1075.7
207,85,306.61,774.2,409.44,1078.66
207,88,1255.96,312.27,1748.08,1067.99
207,102,343.52,677.86,548.98,1077.32
207,115,620.85,926.72,677.12,1079.11
207,117,657.69,932.1,710.13,1080.0
207,120,933.52,744.47,1039.13,1079.15
207,122,713.28,926.58,756.86,1074.92
207,126,1053.86,702.69,1178.92,1077.68
207,129,723.92,919.14,783.36,1079.54
207,130,13.58,759.1,103.18,859.67
207,134,1840.18,708.54,1898.65,1072.97
207,135,790.6,932.96,836.92,1079.23
207,132,809.23,916.61,893.49,1076.64
208,85,298.25,770.39,402.66,1079.16
208,88,1290.76,294.35,1788.74,1068.79
208,102,332.94,676.14,542.43,1077.38
208,115,620.98,927.53,676.47,1078.7
208,117,656.62,932.21,709.34,1080.0
208,120,927.83,741.76,1035.8,1079.25
208,126,1053.11,700.92,1184.92,1077.92
208,129,722.38,920.98,782.58,1079.87
208,130,15.43,760.94,104.95,859.8
208,134,1839.82,707.15,1900.63,1072.56
208,135,790.97,932.91,837.52,1079.2
208,132,813.3,914.62,895.08,1074.86
209,85,291.29,766.94,397.06,1078.87
209,88,1319.06,280.46,1820.99,1070.37
209,102,323.57,671.06,537.63,1076.51
209,115,621.37,928.92,676.03,1078.54
209,117,656.03,933.07,708.72,1080.0
209,120,926.06,739.1,1036.01,1079.31
209,126,1050.64,697.7,1189.78,1078.37
209,129,717.51,921.39,777.68,1079.8
209,130,17.44,761.62,107.29,859.43
209,134,1839.37,706.84,1902.48,1072.99
209,135,792.16,933.15,838.64,1078.66
209,132,817.95,913.7,896.12,1071.34
209,146,552.25,906.9,598.01,1073.04
210,85,284.61,761.74,392.91,1079.38
210,88,1341.04,269.09,1843.75,1071.37
210,102,314.48,667.12,532.87,1076.28
210,115,622.83,930.17,675.66,1076.88
210,117,654.53,933.75,707.56,1080.0
210,120,919.28,734.32,1033.1,1079.76
210,126,1049.79,695.42,1195.59,1078.41
210,129,714.52,922.56,774.28,1079.96
210,130,15.96,762.06,107.75,860.35
210,134,1837.92,699.76,1904.68,1075.4
210,135,793.78,931.9,840.48,1078.15
210,132,821.19,913.74,896.97,1071.04
210,146,556.17,916.89,599.55,1074.68
211,85,277.78,756.83,389.07,1079.01
211,88,1365.78,253.87,1868.84,1071.2
211,102,306.17,664.44,528.25,1075.96
211,115,623.81,931.26,674.82,1075.16
211,117,652.47,933.71,705.85,1079.66
211,120,910.62,729.91,1028.86,1079.36
211,126,1048.67,691.91,1201.57,1078.39
211,129,712.48,923.75,771.83,1080.0
211,130,10.89,759.81,110.02,864.44
211,134,1837.29,699.34,1905.45,1070.51
211,135,794.79,934.11,841.07,1078.22
211,132,823.05,912.92,898.86,1074.51
211,146,556.32,921.05,599.2,1077.06
211,149,761.33,927.69,798.69,1078.56
212,85,269.15,753.36,383.44,1079.07
212,88,1393.84,240.73,1896.04,1070.85
212,102,301.3,663.62,526.14,1076.03
212,115,625.06,931.82,674.99,1074.09
212,117,651.9,933.21,706.38,1079.45
212,120,905.09,726.79,1027.55,1079.37
212,126,1047.46,690.68,1206.41,1078.31
212,129,708.56,923.02,767.58,1080.0
212,130,10.83,759.95,109.61,862.28
212,134,1840.41,705.53,1902.05,1021.61
212,135,795.49,933.05,842.52,1078.59
212,132,824.11,912.18,899.01,1076.35
212,146,558.63,921.97,601.51,1078.75
212,149,760.93,926.17,798.93,1079.0
213,85,261.07,750.91,377.62,1078.42
213,88,1431.72,225.35,1920.0,1068.97
213,102,294.61,662.6,522.79,1077.58
213,115,624.26,931.09,674.93,1077.29
213,117,649.77,933.31,704.91,1079.83
213,120,906.45,725.08,1030.94,1079.59
213,126,1046.45,689.8,1211.06,1078.32
213,129,707.03,920.38,766.3,1080.0
213,130,9.25,760.09,110.26,863.03
213,135,796.74,936.34,843.38,1078.9
213,132,826.42,911.3,900.68,1077.53
213,146,559.6,922.53,601.98,1078.17
213,149,760.1,924.4,798.69,1078.48
213,151,1.19,758.34,148.85,1074.86
214,85,252.59,745.42,372.61,1078.63
214,88,1454.49,209.93,1920.0,1066.7
214,102,289.45,660.89,520.19,1078.43
214,115,624.55,931.23,674.99,1078.75
214,117,646.99,933.74,701.91,1079.98
214,120,907.43,722.88,1033.36,1079.69
214,126,1043.8,688.16,1213.85,1077.98
214,129,704.55,918.97,763.04,1079.93
214,130,8.99,760.72,110.38,862.46
214,135,796.31,933.68,844.45,1079.15
214,132,828.21,911.18,900.65,1078.05
214,146,559.01,922.63,601.29,1077.76
214,149,759.03,923.79,798.39,1078.87
214,151,0.71,758.01,148.79,1075.39
215,85,245.44,745.06,366.85,1078.83
215,88,1473.93,192.96,1920.0,1067.15
215,102,283.74,658.07,517.59,1078.49
215,115,627.58,930.47,678.91,1079.26
215,117,645.72,932.73,700.95,1079.91
215,120,907.35,719.42,1035.66,1079.9
215,126,1043.43,685.27,1219.16,1077.91
215,129,703.84,920.73,760.37,1079.34
215,130,6.9,759.23,114.3,865.93
215,135,797.24,935.04,845.43,1079.0
215,146,558.58,921.33,601.15,1077.37
215,149,759.7,922.52,800.11,1079.2
215,151,1.02,757.17,149.39,1075.09
216,85,234.31,742.26,358.55,1078.97
216,88,1486.81,172.04,1920.0,1066.39
216,102,281.69,654.5,518.39,1078.78
216,115,627.19,930.61,678.74,1079.45
216,117,643.98,931.66,699.65,1080.0
216,120,906.77,718.78,1036.76,1079.81
216,126,1043.7,682.98,1224.64,1077.91
216,129,703.03,921.97,758.07,1078.58
216,130,6.35,757.2,119.0,867.98
216,135,798.81,941.07,845.86,1079.72
216,146,559.54,919.81,602.27,1077.08
216,149,759.02,923.36,800.09,1079.53
216,151,1.15,755.42,150.53,1075.38
216,152,839.98,913.53,885.84,1075.92
217,85,224.27,742.19,349.64,1077.79
217,88,1506.38,150.36,1920.0,1067.21
217,102,279.95,649.39,518.87,1077.51
217,115,627.77,930.78,679.87,1078.87
217,117,642.74,930.85,698.53,1079.8
217,120,904.82,716.09,1036.81,1079.62
217,126,1043.81,679.5,1230.42,1077.94
217,129,702.63,922.62,756.9,1078.57
217,130,6.78,759.18,118.23,867.4
217,135,800.26,942.25,847.72,1079.8
217,146,559.68,915.44,603.2,1076.72
217,149,760.77,923.0,802.57,1079.48
217,151,21.15,757.27,171.97,1074.4
217,152,838.83,913.17,884.63,1075.83
218,85,216.22,741.03,343.25,1077.87
218,88,1526.0,121.57,1920.0,1066.49
218,102,277.36,642.09,519.36,1077.01
218,115,627.73,931.5,680.19,1078.91
218,117,642.82,931.55,698.55,1079.86
218,120,903.43,714.16,1037.06,1079.32
218,126,1043.71,676.09,1235.91,1077.8
218,129,701.52,922.45,755.43,1078.94
218,130,7.28,759.12,120.1,867.14
218,135,802.54,943.82,849.57,1079.43
218,146,558.79,912.74,602.79,1076.4
218,149,761.18,924.16,803.56,1079.88
218,151,26.82,756.72,180.83,1074.17
218,152,840.39,913.02,885.99,1075.82
218,154,867.96,891.86,918.44,1079.16
218,155,1621.91,805.12,1671.63,842.44
219,85,205.79,740.82,334.62,1078.36
219,88,1543.63,84.36,1920.0,1064.67
219,102,274.37,633.4,519.56,1076.95
219,115,626.36,933.84,677.51,1078.75
219,117,638.21,932.01,693.41,1079.79
219,120,903.02,712.14,1038.24,1079.13
219,126,1044.06,672.44,1241.63,1077.43
219,129,700.35,922.87,754.21,1079.32
219,130,5.33,758.9,117.03,864.99
219,135,803.43,942.72,851.37,1079.48
219,146,559.91,917.22,602.64,1076.67
219,149,761.52,924.68,804.61,1080.0
219,151,26.81,756.6,184.04,1074.39
219,152,843.65,914.58,880.94,1047.89
219,154,862.05,892.48,912.44,1078.93
219,155,1622.05,805.0,1671.93,842.41
220,85,195.53,739.91,326.46,1078.54
220,88,1564.69,53.0,1920.0,1066.69
220,102,273.32,627.86,519.06,1076.65
220,115,619.32,938.1,667.18,1078.1
220,117,634.47,932.69,689.53,1079.91
220,120,901.29,710.61,1038.13,1078.91
220,126,1044.21,667.3,1247.68,1077.61
220,129,698.21,923.25,752.55,1079.77
220,130,4.52,760.25,114.66,864.05
220,135,803.85,940.67,852.73,1079.28
220,146,559.95,917.73,602.41,1076.4
220,149,761.2,923.91,805.33,1080.0
220,154,856.48,891.29,907.37,1078.54
220,155,1622.3,805.34,1671.86,842.47
221,85,185.92,737.22,319.96,1078.51
221,88,1589.14,29.4,1920.0,1069.16
221,102,272.58,620.76,520.18,1075.9
221,115,616.97,939.81,662.88,1078.31
221,117,633.95,934.51,687.78,1079.36
221,120,900.03,707.53,1038.97,1078.85
221,126,1043.57,663.82,1251.8,1077.51
221,129,697.41,923.74,752.34,1079.94
221,130,3.78,760.31,114.22,863.74
221,135,801.31,941.34,849.47,1079.13
221,146,560.74,919.2,602.61,1075.89
221,149,760.65,921.65,806.3,1080.0
221,154,852.63,891.68,903.88,1078.42
221,155,1622.44,805.49,1671.67,842.31
222,85,173.72,732.01,312.33,1078.87
222,102,265.48,616.47,513.17,1075.88
222,115,616.14,941.42,660.11,1078.24
222,117,634.55,935.23,687.39,1079.3
222,120,898.82,704.04,1040.0,1078.6
222,126,1041.97,660.04,1254.56,1077.8
222,129,695.74,923.79,751.76,1080.0
222,130,3.26,761.87,111.91,863.09
222,135,800.88,942.59,848.53,1079.45
222,146,562.59,920.92,603.57,1075.35
222,149,760.51,920.81,807.39,1080.0
222,154,850.43,892.64,901.84,1078.71
222,155,1622.54,805.78,1672.17,842.86
222,10,1718.6,21.94,1920.0,1067.03
223,85,160.54,723.61,304.63,1078.58
223,102,259.86,609.87,509.39,1076.86
223,115,615.9,941.32,658.58,1078.21
223,117,633.39,934.0,686.65,1079.43
223,120,898.47,699.46,1042.37,1078.44
223,126,1040.93,656.41,1256.93,1077.86
223,129,693.97,926.02,750.96,1080.0
223,130,2.92,763.41,109.64,862.36
223,135,802.35,939.27,850.96,1079.36
223,146,563.13,921.46,603.67,1075.16
223,149,761.11,921.44,808.73,1080.0
223,154,849.24,893.27,901.19,1078.93
223,155,1622.94,806.0,1672.29,842.82
223,10,1745.8,33.4,1920.0,1070.37
224,85,149.96,718.96,298.04,1078.08
224,102,255.68,605.97,505.61,1077.87
224,117,635.37,934.49,688.06,1079.61
224,120,896.86,694.8,1043.26,1078.36
224,126,1037.92,652.05,1257.01,1077.47
224,129,684.93,926.87,742.13,1080.0
224,130,2.41,764.05,108.24,861.8
224,135,803.7,935.34,853.51,1079.05
224,146,563.39,920.62,603.99,1075.79
224,149,762.31,921.88,810.73,1080.0
224,154,845.6,892.42,898.45,1078.7
224,155,1622.88,806.09,1672.45,843.03
224,10,1773.0,60.57,1920.0,1072.19
225,85,141.47,715.17,292.52,1077.72
225,102,255.34,606.19,501.85,1077.53
225,117,635.35,933.71,688.3,1079.84
225,120,893.67,689.81,1042.66,1077.51
225,126,1034.93,650.54,1255.31,1077.49
225,129,681.36,927.02,739.23,1080.0
225,130,1.76,764.57,107.43,862.03
225,135,804.61,932.44,854.78,1078.65
225,146,565.02,921.27,604.89,1075.58
225,149,763.0,923.28,811.78,1079.48
225,154,842.83,893.68,896.11,1079.5
225,155,1623.03,806.44,1672.43,843.2
225,10,1786.5,35.34,1920.0,1075.04
225,167,723.87,929.36,762.6,1077.69
225,134,1831.57,633.64,1917.79,1073.14
226,85,131.57,713.93,284.49,1077.63
226,102,247.66,599.44,494.65,1077.25
226,117,635.37,933.89,688.0,1079.83
226,120,890.41,685.16,1042.08,1077.2
226,126,1031.16,648.73,1252.07,1077.31
226,129,680.22,926.17,738.93,1079.96
226,130,1.51,761.73,108.82,861.17
226,135,805.61,936.89,853.34,1078.98
226,146,566.22,921.85,605.36,1075.56
226,149,763.82,922.7,813.57,1079.33
226,154,840.5,897.52,892.8,1079.13
226,155,1622.94,806.7,1672.47,843.51
226,167,724.53,928.85,763.27,1077.14
226,169,0.0,759.38,148.68,1076.74
226,134,1833.94,669.7,1915.92,1075.57
227,85,121.41,711.04,276.55,1077.42
227,102,241.3,594.32,488.41,1076.48
227,117,634.09,934.74,686.12,1079.96
227,120,887.92,679.98,1042.54,1077.98
227,126,1028.9,646.95,1249.83,1077.4
227,129,678.79,926.52,737.55,1079.75
227,130,1.38,762.92,107.84,861.38
227,135,805.93,934.71,852.78,1077.39
227,146,566.48,921.97,605.1,1075.32
227,149,764.17,920.96,815.13,1079.15
227,154,834.93,898.86,887.26,1078.88
227,155,1622.88,806.78,1672.47,843.6
227,167,723.3,929.17,762.17,1077.38
227,169,0.0,760.61,146.44,1076.46
227,134,1835.14,691.75,1914.82,1076.05
228,85,108.23,709.26,264.88,1076.85
228,102,231.8,587.9,481.04,1075.11
228,117,632.28,934.53,683.99,1080.0
228,120,885.44,676.7,1041.96,1078.38
228,126,1027.15,645.54,1247.62,1077.36
228,129,676.66,925.8,735.58,1079.58
228,130,0.87,763.39,106.78,861.24
228,146,567.6,922.35,605.44,1074.83
228,149,764.31,921.75,815.86,1079.31
228,154,825.35,894.15,880.04,1078.61
228,155,1622.65,806.66,1672.84,843.93
228,167,723.69,928.74,762.95,1078.31
228,169,0.0,760.72,140.1,1075.76
228,134,1835.2,700.44,1914.63,1075.43
229,85,93.37,708.39,251.14,1075.83
229,102,220.89,582.23,472.06,1075.16
229,117,631.73,934.05,682.95,1080.0
229,120,882.41,673.88,1040.67,1078.22
229,126,1024.7,641.06,1245.69,1077.26
229,129,673.35,924.97,732.37,1079.85
229,130,0.82,764.26,105.66,861.13
229,146,568.01,922.27,605.46,1074.81
229,149,764.32,921.96,816.66,1079.41
229,154,819.63,892.8,875.59,1079.17
229,155,1622.65,806.55,1673.06,843.97
229,167,722.49,927.97,762.26,1078.67
229,169,0.0,763.34,132.74,1075.37
229,134,1834.82,702.79,1914.94,1074.62
230,85,74.67,706.62,235.09,1076.04
230,102,210.86,577.74,463.04,1074.9
230,117,630.86,934.55,681.12,1079.71
230,120,879.24,670.51,1039.13,1077.6
230,126,1021.56,635.35,1243.29,1076.56
230,129,669.27,924.67,727.54,1079.74
230,130,0.0,763.43,103.18,861.55
230,146,568.52,922.43,605.57,1074.96
230,149,763.49,922.23,816.32,1079.14
230,154,814.08,891.64,871.07,1079.29
230,155,1622.51,806.6,1673.15,844.16
230,167,722.66,927.4,762.9,1078.87
230,169,0.0,760.69,126.04,1074.81
230,134,1834.48,705.01,1915.19,1074.03
231,85,56.24,703.9,220.29,1076.82
231,102,198.83,566.89,455.14,1074.03
231,117,629.8,933.8,679.79,1079.9
231,120,875.59,668.34,1036.65,1077.5
231,126,1020.28,630.2,1243.29,1076.93
231,129,668.11,924.82,726.04,1079.91
231,130,3.61,763.71,104.38,860.37
231,146,569.2,922.55,605.9,1075.26
231,149,763.31,921.31,816.84,1079.07
231,154,808.54,891.0,866.49,1079.18
231,155,1622.76,806.6,1672.96,843.75
231,167,722.17,926.85,762.97,1078.99
231,169,0.0,760.1,119.42,1074.46
231,134,1834.46,706.57,1915.69,1073.55
232,85,37.33,701.13,205.23,1075.74
232,102,179.73,560.74,440.96,1073.08
232,117,628.38,933.22,678.03,1079.98
232,120,870.6,666.3,1032.98,1077.61
232,126,1019.03,626.44,1243.16,1076.76
232,129,666.74,926.05,724.28,1079.98
232,130,7.59,765.23,101.54,857.8
232,146,569.43,921.83,606.49,1077.36
232,149,765.59,920.36,819.62,1079.1
232,154,806.89,891.9,864.84,1079.27
232,155,1623.1,806.67,1672.95,843.49
232,167,721.71,926.3,763.29,1079.08
232,169,0.0,759.47,113.98,1071.78
232,134,1833.95,706.9,1915.9,1073.15
233,85,18.32,695.54,191.93,1075.7
233,102,160.92,549.92,430.73,1072.35
233,117,627.94,933.76,676.66,1079.82
233,120,864.4,664.14,1028.3,1078.16
233,126,1017.61,621.88,1243.84,1076.55
233,129,664.99,925.74,722.87,1080.0
233,130,10.15,766.61,96.97,854.05
233,146,570.13,921.58,606.36,1075.28
233,149,767.22,919.63,821.09,1079.04
233,154,806.91,893.98,864.22,1079.5
233,155,1623.32,806.91,1672.49,843.09
233,167,720.33,925.99,762.98,1079.33
233,169,0.0,762.17,108.89,1062.69
233,134,1833.41,705.52,1916.38,1073.16
234,85,11.84,688.41,191.88,1075.35
234,102,131.67,537.19,414.99,1073.79
234,117,626.57,932.9,675.24,1079.82
234,120,857.22,661.59,1022.87,1078.88
234,126,1015.64,615.53,1245.82,1076.65
234,129,661.38,926.59,719.18,1080.0
234,130,8.17,759.91,98.21,852.67
234,146,570.33,921.79,606.07,1074.79
234,149,767.68,917.58,821.47,1079.03
234,154,806.0,895.87,862.44,1079.46
234,155,1622.85,806.83,1672.74,843.47
234,167,719.28,926.04,762.81,1079.35
234,169,0.0,754.77,103.39,1034.11
234,134,1832.72,702.25,1916.92,1072.99
235,85,3.1,677.64,189.53,1076.09
235,102,100.57,533.59,394.21,1073.46
235,117,625.59,934.01,673.37,1079.18
235,120,850.71,658.77,1018.19,1078.8
235,126,1014.1,608.51,1249.03,1076.44
235,129,657.38,927.04,714.83,1080.0
235,146,570.66,922.68,605.8,1074.17
235,149,768.1,916.69,821.42,1078.93
235,154,803.97,898.26,859.4,1079.6
235,155,1622.48,806.79,1673.25,844.07
235,167,718.76,926.61,762.66,1079.59
235,134,1832.34,701.57,1917.21,1073.06
236,85,0.0,668.85,189.28,1076.32
236,102,74.32,528.66,380.28,1073.32
236,117,625.59,934.69,672.57,1078.71
236,120,842.83,656.12,1012.07,1077.84
236,126,1013.21,602.8,1252.94,1076.48
236,129,657.44,927.01,715.76,1080.0
236,146,570.9,923.54,605.54,1073.63
236,149,767.33,916.94,819.7,1079.02
236,154,800.94,900.48,855.25,1079.33
236,155,1621.73,806.41,1674.0,844.89
236,167,717.35,927.1,761.72,1079.84
236,134,1832.06,700.32,1917.66,1073.53
237,85,0.0,661.59,186.07,1075.37
237,102,50.32,522.58,368.89,1073.5
237,117,624.71,933.6,671.86,1078.7
237,120,835.03,651.87,1007.32,1077.96
237,126,1012.18,597.76,1256.56,1076.29
237,129,653.76,927.04,713.02,1080.0
237,146,571.05,924.37,605.37,1073.39
237,149,766.07,924.83,815.03,1078.68
237,154,797.67,900.71,851.62,1079.02
237,167,715.83,927.47,760.32,1079.99
237,134,1832.34,703.08,1917.69,1073.46
238,85,0.0,657.11,178.57,1075.77
238,102,37.97,518.37,366.09,1072.38
238,117,624.7,934.86,670.43,1077.21
238,120,829.16,646.75,1004.5,1077.31
238,126,1011.69,593.4,1260.62,1075.94
238,129,650.41,928.58,709.17,1079.15
238,146,571.19,924.86,605.44,1073.83
238,149,764.88,922.96,813.19,1078.33
238,154,794.38,903.27,847.15,1078.81
238,167,713.77,928.44,758.13,1080.0
238,134,1832.34,699.31,1918.65,1073.65
239,85,0.0,652.88,174.45,1076.16
239,102,28.21,512.88,365.29,1071.83
239,117,622.62,933.13,668.38,1077.54
239,120,822.6,641.28,1000.75,1076.22
239,126,1011.37,590.25,1263.97,1075.14
239,129,649.33,927.68,709.04,1079.44
239,146,571.12,924.58,605.34,1073.77
239,149,764.11,921.56,811.37,1077.9
239,154,784.6,906.89,838.07,1078.59
239,167,713.69,929.0,758.15,1080.0
239,134,1832.94,699.53,1919.18,1073.63
240,85,0.0,650.76,164.12,1075.73
240,102,19.17,507.25,364.33,1072.41
240,117,624.14,933.73,668.0,1074.85
240,120,816.52,634.1,997.71,1074.51
240,126,1010.61,587.49,1266.79,1074.41
240,129,647.65,928.11,707.83,1079.37
240,146,571.34,924.21,605.43,1073.36
240,149,764.0,916.82,811.51,1078.32
240,154,780.51,907.36,834.95,1078.85
240,167,713.84,928.79,758.41,1080.0
240,134,1833.57,701.64,1919.28,1073.42
241,85,0.0,648.81,152.31,1075.55
241,102,11.79,499.76,364.49,1072.26
241,117,626.22,931.42,670.95,1077.47
241,120,809.73,629.94,993.86,1074.81
241,126,1009.62,584.89,1269.61,1074.44
241,129,644.98,928.95,705.17,1079.41
241,146,571.1,923.92,605.09,1073.03
241,154,775.59,909.65,829.65,1079.01
241,167,713.49,927.73,758.1,1080.0
241,134,1833.58,700.98,1919.55,1074.12
242,85,0.0,671.01,136.33,1076.37
242,102,6.8,490.39,367.55,1072.42
242,117,629.66,929.06,675.24,1078.26
242,120,803.73,627.83,990.21,1074.96
242,126,1007.66,581.53,1272.45,1075.78
242,129,641.48,928.97,702.3,1079.53
242,146,570.85,923.86,604.75,1072.86
242,154,772.67,909.83,826.74,1078.85
242,167,712.76,929.97,756.58,1079.95
242,134,1833.89,701.5,1919.58,1073.66
243,85,0.0,663.08,131.34,1077.25
243,102,3.1,478.24,371.87,1071.11
243,120,797.25,624.44,986.51,1075.76
243,126,1005.91,578.81,1274.92,1076.12
243,129,638.11,928.22,700.23,1079.66
243,146,570.68,923.59,604.54,1072.69
243,154,770.81,901.24,827.27,1078.49
243,167,711.94,929.74,755.69,1079.99
243,134,1833.96,700.49,1919.67,1073.12
243,155,1621.65,805.9,1673.77,844.31
244,85,0.0,689.08,128.0,1075.83
244,102,0.0,465.33,374.98,1071.55
244,120,791.63,620.85,983.65,1076.28
244,126,1005.05,573.43,1279.74,1076.34
244,129,636.75,926.76,699.85,1079.67
244,146,570.58,923.51,604.47,1072.81
244,154,767.68,896.85,825.16,1078.6
244,167,710.09,928.35,754.27,1080.0
244,134,1833.97,699.7,1919.85,1073.65
244,155,1621.57,805.84,1673.74,844.35
245,102,0.0,451.11,376.02,1070.62
245,120,786.03,617.23,980.48,1075.7
245,126,1005.93,568.29,1285.97,1075.98
245,129,633.07,926.31,697.26,1079.71
245,146,570.47,923.18,604.34,1072.35
245,154,764.43,889.25,823.4,1078.67
245,167,708.81,927.76,752.32,1078.16
245,134,1833.97,700.62,1919.71,1074.27
245,155,1621.46,805.56,1673.42,843.9
245,178,743.55,946.97,775.58,1075.63
246,102,0.0,438.78,374.76,1069.31
246,120,780.91,613.55,977.85,1075.45
246,126,1009.02,561.48,1295.48,1074.54
246,129,632.87,926.22,697.38,1079.54
246,146,570.4,923.16,604.34,1072.6
246,154,764.0,891.42,821.18,1078.78
246,167,707.08,927.04,750.21,1077.68
246,134,1833.89,699.04,1919.91,1074.51
246,155,1621.32,805.56,1673.29,843.92
246,178,743.0,949.85,774.39,1075.64
246,179,682.65,932.68,720.54,1079.52
247,102,0.0,425.37,372.25,1068.04
247,120,775.69,608.11,976.11,1074.96
247,126,1011.06,555.44,1304.23,1073.95
247,129,629.74,925.86,695.02,1079.84
247,146,570.46,922.99,604.43,1072.65
247,154,762.34,894.29,817.87,1079.1
247,167,706.23,926.99,749.14,1078.03
247,134,1834.09,698.29,1920.0,1074.22
247,155,1620.68,805.02,1674.16,844.71
247,178,742.99,950.1,774.45,1075.72
247,179,681.61,932.51,719.48,1079.6
248,102,0.0,415.92,368.99,1067.93
248,120,771.59,601.51,975.52,1073.54
248,126,1013.68,550.51,1313.45,1073.45
248,129,628.44,926.55,693.87,1079.95
248,146,570.39,923.28,604.37,1073.08
248,154,756.84,891.15,812.84,1079.17
248,167,705.94,927.38,748.35,1077.57
248,134,1835.24,700.23,1920.0,1072.64
248,155,1620.34,804.76,1674.52,845.18
248,178,743.73,950.82,775.12,1075.12
248,179,683.4,932.75,721.28,1079.46
248,149,762.91,893.83,814.11,1076.83
249,102,0.0,403.65,367.01,1068.74
249,120,766.72,595.57,974.17,1073.31
249,126,1013.85,544.18,1320.5,1073.13
249,129,627.74,926.55,693.23,1079.67
249,146,570.35,923.44,604.26,1072.94
249,154,753.39,893.05,807.49,1077.85
249,167,705.56,927.2,747.52,1076.73
249,134,1836.19,702.69,1920.0,1072.88
249,155,1620.16,804.44,1674.96,845.59
249,178,743.69,951.0,775.69,1076.34
249,179,685.18,933.91,723.1,1079.75
249,186,950.94,895.7,1054.61,1079.66
250,102,0.0,394.01,362.48,1068.31
250,120,759.36,588.25,970.54,1073.07
250,126,1012.47,536.74,1326.35,1072.92
250,129,628.37,927.39,693.46,1079.57
250,146,570.42,923.58,604.16,1072.34
250,154,746.18,895.4,799.35,1078.0
250,167,706.28,927.28,748.03,1076.06
250,134,1837.27,703.47,1920.0,1068.51
250,155,1620.6,804.78,1674.77,845.63
250,178,744.25,948.35,777.8,1078.8
250,179,684.8,933.67,722.95,1079.85
250,186,959.19,901.37,1058.43,1077.25
251,102,0.0,382.88,355.1,1068.13
251,120,749.66,581.73,964.9,1074.9
251,126,1011.27,530.47,1331.74,1073.51
251,129,627.63,928.48,692.45,1079.59
251,146,570.78,923.61,604.1,1070.68
251,167,706.41,927.8,747.87,1075.87
251,134,1839.62,704.82,1919.0,1053.7
251,155,1620.05,804.13,1675.41,846.15
251,179,685.57,932.59,724.46,1079.76
251,186,961.94,902.26,1060.69,1076.49
252,102,0.0,372.9,345.96,1067.92
252,120,742.82,574.95,961.68,1075.43
252,126,1009.13,524.36,1334.69,1073.59
252,129,625.92,928.1,690.82,1079.68
252,146,570.73,924.27,604.2,1072.56
252,167,705.89,927.5,747.37,1076.47
252,134,1841.6,705.81,1917.85,1039.08
252,155,1617.57,801.15,1677.06,846.79
252,179,687.19,932.95,726.8,1079.69
252,186,963.7,900.07,1065.24,1078.27
253,102,0.0,364.72,342.28,1070.09
253,120,736.66,568.88,958.44,1075.47
253,126,1006.62,518.88,1336.18,1073.65
253,129,625.75,929.47,690.21,1079.89
253,146,571.01,924.34,604.59,1073.61
253,167,708.21,927.58,748.74,1074.55
253,134,1843.78,707.67,1917.29,1026.85
253,155,1616.83,799.57,1677.62,846.7
253,179,685.94,931.29,726.57,1079.91
253,186,966.97,902.15,1067.28,1076.75
254,102,0.0,354.1,330.23,1070.12
254,120,729.67,563.97,954.29,1075.14
254,126,1003.63,512.58,1336.68,1073.31
254,129,625.38,930.74,689.23,1079.95
254,146,570.85,923.87,604.76,1074.89
254,167,709.31,927.15,748.12,1069.94
254,134,1847.47,705.81,1916.77,1004.17
254,155,1614.93,795.86,1679.59,846.87
254,179,683.61,931.35,724.33,1079.96
255,102,0.0,336.86,313.89,1068.25
255,120,722.1,559.02,949.92,1075.77
255,126,1000.03,506.54,1335.74,1073.07
255,129,624.69,931.38,688.03,1079.99
255,146,570.8,923.64,604.87,1075.48
255,167,706.47,926.18,743.95,1065.44
255,134,1852.06,710.67,1915.63,980.43
255,155,1609.16,787.23,1682.99,847.13
255,179,682.79,932.09,723.42,1079.68
256,102,0.0,313.15,298.75,1067.89
256,120,714.73,553.54,945.6,1076.08
256,126,995.29,500.96,1333.32,1073.07
256,129,623.72,927.97,688.12,1080.0
256,146,570.84,923.58,605.18,1076.21
256,134,1855.37,713.17,1915.55,965.28
256,179,683.33,930.1,724.5,1077.24
257,102,0.0,300.66,282.26,1066.67
257,120,707.06,548.48,940.16,1075.14
257,126,991.39,495.74,1330.88,1073.1
257,129,621.85,920.32,688.66,1080.0
257,146,570.13,921.93,605.25,1076.79
257,134,1859.24,713.61,1915.78,947.51
257,179,682.75,929.13,724.91,1078.1
258,102,0.0,283.68,267.11,1060.08
258,120,699.26,547.18,933.53,1074.96
258,126,986.32,490.76,1327.25,1072.65
258,129,620.53,920.49,686.61,1079.98
258,146,569.59,920.62,605.41,1076.91
258,134,1867.5,713.7,1911.81,887.88
258,179,680.4,930.99,721.98,1078.57
259,102,0.0,267.77,253.58,1059.63
259,120,688.39,544.24,924.37,1074.34
259,126,980.52,482.3,1324.67,1071.67
259,129,617.23,909.19,686.88,1079.79
259,146,567.76,919.68,604.5,1077.01
259,134,1871.87,715.81,1911.71,866.27
260,102,0.0,251.98,227.05,993.06
260,120,677.79,541.42,914.86,1073.21
260,126,976.67,474.93,1324.36,1071.55
260,129,615.31,903.37,686.19,1079.59
260,146,567.17,920.04,604.3,1076.21
260,134,1874.37,713.34,1914.24,860.83
261,102,0.0,233.01,208.16,954.29
261,120,663.27,537.2,903.1,1073.14
261,126,971.22,468.14,1323.84,1072.07
261,134,1876.94,714.38,1916.14,857.75
262,102,0.0,227.4,192.16,945.6
262,120,645.33,531.31,888.83,1071.8
262,126,963.94,456.8,1324.19,1071.73
262,134,1879.23,711.21,1918.52,855.13
263,102,0.0,233.41,189.35,1021.25
263,120,628.85,525.11,876.68,1071.45
263,126,957.81,449.97,1324.54,1071.6
263,134,1880.16,707.97,1919.79,853.83
263,201,863.67,919.1,915.1,1079.72
264,102,0.0,318.72,163.83,1052.64
264,120,612.44,516.25,866.28,1071.68
264,126,951.96,444.32,1325.55,1072.07
264,134,1884.75,735.65,1916.54,848.77
264,201,861.4,925.38,910.8,1079.93
264,203,836.99,933.18,868.83,1079.54
265,120,598.32,508.29,857.54,1071.46
265,126,946.46,438.62,1328.53,1073.2
265,134,1885.76,743.33,1915.23,844.88
265,201,860.11,928.06,908.47,1080.0
265,203,837.49,933.6,868.95,1077.9
265,206,59.87,770.24,121.43,859.34
266,120,586.46,500.0,850.71,1071.21
266,126,943.66,430.72,1334.87,1072.98
266,134,1887.28,752.63,1913.69,839.25
266,201,859.57,928.39,907.41,1079.82
266,203,837.29,933.79,868.81,1077.75
266,206,52.72,768.83,116.23,860.01
266,209,1622.18,796.47,1677.8,849.01
266,210,803.66,917.1,836.47,1077.34
267,120,574.27,491.17,843.28,1070.53
267,126,938.0,423.06,1338.52,1072.88
267,201,859.65,928.66,906.96,1079.75
267,203,836.77,934.11,868.51,1078.24
267,206,36.93,769.12,102.48,860.68
267,209,1621.33,794.56,1679.12,849.23
267,210,801.41,917.98,834.42,1077.96
267,211,1881.14,686.09,1918.95,837.41
268,120,563.62,483.19,837.31,1072.32
268,126,931.09,416.08,1340.04,1071.28
268,201,860.51,927.82,907.64,1079.74
268,203,836.39,933.51,868.49,1078.12
268,206,31.02,769.47,98.11,859.82
268,209,1620.56,792.44,1680.32,849.13
268,210,799.7,918.73,832.95,1078.01
268,211,1881.81,686.53,1918.9,834.94
269,120,553.81,475.6,830.51,1071.0
269,126,923.5,408.1,1342.14,1071.67
269,201,860.93,926.52,907.95,1079.66
269,203,834.74,932.32,867.74,1079.24
269,206,28.62,769.35,98.82,860.15
269,209,1620.86,792.42,1680.38,849.08
269,210,798.84,920.31,832.31,1078.29
269,211,1881.95,686.62,1919.01,834.88
270,120,544.21,469.16,823.55,1070.42
270,126,917.4,399.77,1345.29,1071.72
270,201,861.19,926.31,907.83,1079.69
270,203,835.09,934.18,867.82,1078.28
270,206,27.28,768.46,101.52,860.47
270,209,1622.63,794.86,1679.39,849.03
270,210,797.96,921.39,831.73,1077.81
270,211,1881.88,686.46,1919.12,835.45
271,120,533.27,463.31,815.38,1070.85
271,126,914.52,392.53,1349.88,1069.85
271,201,861.57,928.81,907.08,1079.76
271,203,834.92,935.63,867.61,1077.78
271,206,26.07,768.59,104.01,861.0
271,209,1626.39,801.7,1676.47,849.25
271,210,794.52,920.98,829.59,1078.66
272,120,525.36,455.75,810.16,1071.42
272,126,911.08,387.14,1353.66,1068.76
272,201,862.59,934.96,905.93,1079.66
272,203,835.55,939.56,867.74,1077.62
272,206,24.1,766.74,107.75,861.91
272,209,1629.03,807.69,1674.18,850.15
272,210,795.02,920.8,831.14,1079.02
272,178,750.71,929.94,791.58,1079.15
273,120,518.65,449.45,804.25,1071.38
273,126,906.2,377.71,1359.07,1068.45
273,201,864.22,946.25,904.11,1079.64
273,203,835.55,943.48,867.36,1077.94
273,206,22.71,765.9,110.78,862.09
273,209,1630.14,810.13,1673.17,850.12
273,210,794.98,921.5,832.08,1079.5
273,178,747.47,924.08,790.82,1078.88
274,120,513.61,443.11,799.17,1071.28
274,126,902.41,367.53,1367.35,1069.98
274,201,862.8,932.68,906.21,1079.77
274,203,834.85,941.59,867.51,1078.13
274,206,22.96,767.74,113.42,862.3
274,209,1630.81,811.24,1671.52,848.34
274,210,795.27,920.83,833.28,1079.06
274,178,747.16,926.17,790.49,1078.02
275,120,509.83,436.56,794.85,1071.37
275,126,901.48,355.69,1378.53,1070.22
275,201,862.46,926.22,907.2,1079.77
275,203,833.69,939.3,867.23,1078.12
275,206,22.74,768.47,117.05,863.03
275,209,1630.72,811.37,1672.26,848.69
275,210,795.41,920.27,834.17,1078.68
275,178,746.35,929.49,789.72,1078.35
276,120,506.05,429.82,789.34,1070.75
276,126,899.41,342.24,1388.67,1070.51
276,201,862.66,922.51,908.01,1079.79
276,203,833.95,944.35,866.92,1078.32
276,206,22.4,767.97,120.75,863.07
276,209,1630.27,811.24,1673.03,849.18
276,210,795.07,920.42,834.51,1078.5
276,178,743.03,918.67,789.85,1078.81
276,167,697.75,906.64,748.54,1079.08
277,120,500.75,420.17,783.4,1070.62
277,126,893.33,329.96,1393.28,1069.95
277,201,863.46,922.98,908.29,1079.7
277,203,834.06,944.71,867.28,1078.3
277,206,21.96,768.37,123.85,863.64
277,210,794.51,920.19,834.59,1077.79
277,178,739.78,913.6,788.2,1078.92
277,167,693.2,907.3,746.98,1079.26
278,120,492.51,411.43,775.06,1072.56
278,126,884.7,319.92,1394.15,1070.15
278,201,865.25,920.68,910.81,1079.81
278,203,834.58,943.42,868.37,1078.52
278,206,21.52,768.61,125.92,863.36
278,210,794.11,920.2,835.34,1078.6
278,178,736.49,910.64,786.19,1079.62
278,167,688.48,910.99,744.25,1079.68
279,120,483.23,400.94,765.67,1071.95
279,126,874.39,304.95,1395.46,1070.47
279,201,865.22,919.05,911.1,1079.89
279,203,834.23,940.45,868.75,1078.49
279,206,20.88,769.57,127.4,863.61
279,210,795.16,920.52,837.58,1079.29
279,178,734.58,910.59,784.21,1079.75
279,167,688.93,914.18,744.33,1079.47
280,120,471.23,392.47,754.1,1071.97
280,126,863.63,290.99,1393.23,1070.16
280,201,862.87,914.1,909.68,1079.6
280,203,833.57,934.19,869.41,1078.4
280,206,20.19,770.07,129.03,863.73
280,210,795.7,919.98,839.31,1079.14
280,178,732.9,911.12,782.5,1079.93
280,167,689.26,916.91,743.53,1079.11
281,120,459.0,385.76,742.74,1072.3
281,126,844.28,278.88,1380.19,1070.08
281,201,864.24,930.32,906.77,1079.85
281,203,833.81,936.3,869.19,1078.23
281,206,19.16,770.23,130.54,863.9
281,210,795.79,919.66,840.47,1078.98
281,178,731.39,913.3,780.87,1080.0
281,167,687.46,918.82,741.27,1079.07
282,120,442.41,380.05,728.64,1072.12
282,126,834.51,270.61,1370.74,1069.69
282,201,856.92,920.01,903.62,1079.6
282,203,833.97,938.25,869.05,1078.32
282,206,18.31,770.06,132.38,863.99
282,210,794.49,919.7,839.66,1078.48
282,178,731.41,914.92,781.07,1079.91
282,167,684.85,917.3,739.56,1079.32
283,120,432.83,375.79,721.4,1071.96
283,126,820.72,257.97,1357.33,1069.47
283,201,853.6,921.46,901.66,1079.35
283,206,16.89,770.23,133.2,864.17
283,210,794.65,920.1,840.41,1078.11
283,178,730.23,915.69,780.38,1079.93
283,167,683.64,914.81,739.3,1079.23
284,120,430.25,370.66,720.59,1071.43
284,126,808.62,248.8,1342.02,1069.51
284,201,850.05,920.24,900.17,1079.4
284,206,15.18,770.35,133.55,864.3
284,210,795.27,920.18,842.14,1078.46
284,178,728.86,913.68,780.02,1080.0
284,167,678.64,915.62,735.51,1079.85
285,120,437.5,365.75,727.64,1071.51
285,126,799.47,239.91,1328.52,1070.49
285,201,847.46,921.58,898.68,1078.85
285,206,13.65,770.62,133.54,864.35
285,210,795.35,920.6,843.39,1078.68
285,178,726.76,912.24,778.65,1080.0
285,167,674.63,914.22,732.94,1079.61
286,120,438.85,359.34,729.41,1070.88
286,126,789.02,231.08,1312.55,1070.19
286,206,11.98,770.62,133.61,864.51
286,210,794.69,921.14,843.55,1078.82
286,178,723.58,912.6,775.52,1080.0
286,167,669.82,913.1,729.43,1079.97
286,209,1630.09,811.52,1676.76,851.68
287,120,436.71,354.28,727.62,1070.58
287,126,778.29,224.08,1295.79,1070.4
287,206,10.62,770.94,133.74,864.93
287,210,791.88,921.33,840.35,1077.64
287,178,720.04,914.78,771.43,1080.0
287,167,666.33,917.25,725.87,1080.0
287,209,1629.78,811.81,1677.32,851.72
288,120,434.75,348.82,725.88,1070.19
288,126,761.7,215.37,1274.6,1069.3
288,206,8.27,769.77,134.15,865.03
288,210,793.42,919.86,842.32,1077.15
288,178,718.14,917.09,769.13,1080.0
288,167,663.93,920.42,723.24,1080.0
288,209,1629.76,812.45,1677.82,851.95
289,120,432.16,343.67,722.8,1069.57
289,126,743.83,201.05,1256.86,1069.26
289,206,6.29,768.24,134.95,864.93
289,178,717.04,917.55,768.33,1080.0
289,167,664.5,922.2,723.75,1080.0
289,209,1629.62,812.74,1678.23,852.06
290,120,430.5,339.66,720.63,1068.81
290,126,721.77,189.27,1234.78,1069.07
290,206,5.91,769.28,134.1,864.94
290,178,717.0,914.84,770.35,1079.69
290,167,664.22,918.74,724.15,1080.0
290,209,1629.52,812.76,1678.37,851.65
291,120,428.31,336.85,717.76,1068.91
291,126,696.89,179.1,1209.84,1068.92
291,206,4.7,769.52,133.91,865.39
291,209,1629.61,812.85,1678.63,851.29
292,120,427.15,335.54,715.77,1070.31
292,126,667.88,153.44,1187.92,1067.34
292,206,5.03,770.38,133.28,864.9
292,209,1629.45,813.1,1679.27,851.78
293,120,425.09,332.96,713.03,1069.99
293,126,640.47,146.29,1160.36,1067.25
293,206,4.8,770.26,133.28,864.35
293,209,1629.99,813.07,1679.8,851.3
294,120,424.99,330.02,712.54,1069.21
294,126,606.33,136.67,1132.28,1067.58
294,206,4.34,769.13,134.16,863.76
294,209,1630.45,812.71,1680.41,850.72
295,120,425.08,328.59,711.66,1068.46
295,126,574.88,125.88,1110.85,1067.5
295,206,3.97,769.29,134.39,863.93
295,209,1631.69,812.79,1680.29,849.3
296,120,423.74,327.27,708.68,1068.09
296,126,546.46,111.14,1096.2,1068.17
296,206,2.67,768.33,135.23,864.33
296,209,1632.01,812.9,1680.4,848.87
297,120,419.89,325.48,702.36,1067.0
297,126,520.6,96.98,1084.39,1068.32
297,206,0.62,765.43,137.05,864.42
297,209,1631.81,813.0,1680.73,849.05
298,120,416.2,324.39,695.66,1066.69
298,126,500.59,86.16,1077.19,1066.79
298,206,0.0,762.87,138.28,864.36
298,209,1631.31,812.92,1681.13,849.43
299,120,408.82,322.45,687.02,1069.59
299,126,484.2,76.8,1074.93,1067.32
299,206,0.0,760.89,139.17,864.33
299,209,1630.02,812.06,1682.03,850.24
300,120,405.08,321.57,681.53,1070.78
300,126,469.1,63.99,1075.05,1067.71
300,206,0.0,762.37,137.84,864.27
300,209,1629.15,810.53,1681.47,848.95
301,120,402.71,322.0,677.12,1071.66
301,126,454.61,55.11,1070.06,1067.72
301,206,0.0,762.1,137.93,864.39
301,209,1629.5,810.4,1681.2,848.33
302,120,398.81,321.45,671.35,1071.76
302,126,446.38,47.14,1067.74,1066.53
302,206,0.0,759.76,139.1,864.08
302,209,1629.94,810.52,1681.08,847.97
303,120,393.29,321.87,662.62,1071.75
303,126,426.14,34.32,1051.45,1067.44
303,206,0.0,761.49,138.03,864.21
303,209,1629.48,809.77,1681.64,848.05
304,120,384.76,323.93,649.48,1071.72
304,126,415.96,18.84,1040.35,1067.57
304,206,1.05,764.8,136.17,864.38
304,209,1629.93,810.91,1682.26,849.31
305,120,373.55,323.34,634.68,1071.71
305,126,406.8,4.8,1022.11,1066.83
305,206,2.02,766.44,135.39,864.39
305,209,1630.11,811.42,1682.51,849.84
306,120,360.41,321.66,618.94,1072.56
306,126,420.19,0.0,1018.03,1067.01
306,206,1.28,765.26,136.53,864.52
306,209,1629.83,811.28,1682.97,850.32
307,120,348.54,320.92,603.59,1071.59
307,126,429.66,0.0,1007.67,1065.31
307,206,2.75,768.07,134.86,864.53
307,209,1629.28,810.98,1683.48,850.92
308,120,332.41,321.2,580.95,1069.76
308,126,385.7,0.0,958.15,1063.32
308,206,2.44,768.23,134.68,864.53
308,209,1629.43,811.36,1683.52,851.27
309,120,317.67,322.55,561.78,1069.97
309,126,353.16,0.0,924.44,1063.94
309,206,1.83,768.09,134.66,864.69
309,209,1629.6,811.87,1683.51,851.64
309,218,866.83,925.21,926.66,1079.74
310,120,307.69,324.36,551.48,1068.6
310,126,306.88,0.0,884.64,1064.86
310,206,0.15,765.82,136.03,864.85
310,209,1628.59,811.01,1684.4,852.28
311,120,299.29,327.42,542.67,1070.65
311,126,252.99,0.39,845.87,1066.71
311,206,0.0,765.6,135.86,865.3
311,209,1629.81,812.44,1683.56,852.05
312,120,282.63,328.7,526.2,1067.73
312,126,173.15,1.95,791.84,1066.61
312,206,8.46,782.1,127.7,866.96
312,209,1631.0,813.1,1683.1,851.29
312,218,864.64,910.48,929.94,1079.76
313,120,264.5,329.24,509.92,1067.67
313,126,128.12,1.82,772.74,1065.08
313,206,10.2,787.5,125.66,868.18
313,209,1631.56,813.46,1682.97,850.98
313,218,863.84,913.31,927.97,1079.83
314,120,249.67,327.5,497.46,1067.53
314,126,106.62,2.93,774.02,1064.44
314,206,10.91,789.65,126.07,868.68
314,209,1631.78,813.47,1683.07,850.78
314,218,864.46,915.57,927.56,1079.95
315,120,232.77,326.34,483.56,1068.61
315,126,92.69,3.07,781.01,1064.73
315,206,12.89,793.68,124.13,868.24
315,209,1631.71,813.54,1683.12,850.86
315,218,864.74,914.02,927.82,1080.0
316,120,216.23,325.93,470.55,1071.84
316,126,79.9,2.52,788.82,1067.22
316,206,16.15,801.66,120.19,868.95
316,209,1631.39,813.64,1683.42,851.4
316,218,865.41,914.01,927.82,1079.97
317,120,204.1,316.77,462.98,1071.69
317,126,70.68,1.45,797.57,1067.88
317,209,1631.07,813.61,1683.72,851.85
317,218,864.68,915.31,925.92,1079.88
318,120,189.83,313.11,451.42,1070.76
318,126,64.9,1.36,807.86,1068.61
318,209,1631.01,813.69,1683.99,852.25
318,218,861.92,915.75,921.8,1079.95
319,120,168.5,312.66,433.47,1072.81
319,126,60.45,3.51,816.9,1068.84
319,209,1631.06,813.83,1683.93,852.39
319,218,861.08,916.8,919.28,1079.93
320,120,164.14,316.78,428.32,1070.92
320,126,65.07,3.18,832.41,1068.48
320,209,1631.62,813.93,1683.35,851.65
320,218,860.45,917.68,917.37,1079.98
320,222,1124.21,904.48,1185.62,1079.85
321,120,143.39,319.44,411.04,1072.87
321,126,97.97,4.01,865.01,1066.6
321,209,1631.86,814.0,1683.2,851.39
321,218,860.95,918.04,916.95,1079.46
321,222,1124.84,903.45,1186.55,1079.85
321,225,813.82,948.32,874.88,1079.62
322,120,130.64,319.04,401.19,1072.05
322,126,131.76,3.27,894.25,1066.72
322,209,1632.2,814.18,1683.13,851.17
322,218,863.09,918.54,918.77,1079.58
322,222,1125.43,899.48,1188.31,1079.83
322,225,815.95,949.53,876.22,1079.47
322,206,0.0,773.75,139.4,868.97
323,120,121.79,318.76,396.45,1071.05
323,126,151.12,4.04,905.36,1066.28
323,209,1632.63,814.21,1683.28,850.89
323,218,862.94,918.97,918.18,1079.68
323,222,1124.24,900.29,1186.77,1079.95
323,225,813.57,941.68,877.27,1079.56
323,206,0.0,771.45,140.2,869.27
324,120,113.98,319.08,393.56,1070.64
324,126,158.94,4.39,904.73,1065.91
324,209,1632.99,814.48,1682.94,850.46
324,218,863.53,919.34,918.33,1079.79
324,222,1124.01,895.91,1187.82,1080.0
324,225,812.78,937.87,877.85,1079.53
324,206,0.0,770.86,139.96,869.5
325,120,104.78,317.18,390.99,1070.51
325,126,146.06,4.71,889.23,1066.01
325,209,1633.03,814.24,1683.38,850.4
325,218,865.45,919.54,920.14,1079.7
325,222,1122.77,892.8,1187.36,1079.88
325,225,804.66,928.57,873.44,1078.69
325,206,0.0,770.95,139.71,869.68
326,120,97.76,315.09,390.25,1071.28
326,126,135.74,5.01,878.21,1065.25
326,209,1633.01,813.51,1684.02,850.03
326,218,866.84,919.7,921.59,1079.68
326,222,1122.05,891.17,1186.86,1079.87
326,225,803.12,925.94,873.02,1079.15
326,206,0.0,771.03,138.85,869.15
326,229,801.8,920.35,847.68,1078.83
327,120,91.02,311.8,390.45,1072.32
327,126,120.29,4.89,866.22,1065.32
327,209,1633.43,813.68,1683.55,849.39
327,218,867.84,919.15,923.05,1079.68
327,222,1121.07,891.22,1185.71,1079.8
327,225,795.74,920.97,868.39,1079.14
327,206,0.0,769.37,138.07,869.26
327,229,799.5,919.96,836.49,1046.44
327,230,1235.18,766.36,1301.98,831.37
328,120,85.34,308.2,391.19,1072.64
328,126,107.38,4.1,858.4,1065.43
328,218,868.25,919.16,923.66,1079.69
328,222,1120.33,894.29,1183.98,1079.88
328,225,792.94,919.84,866.83,1079.23
328,230,1236.37,766.53,1303.14,831.46
328,232,790.08,919.81,845.19,1077.44
329,120,80.88,306.84,390.29,1070.72
329,126,85.38,2.73,845.13,1065.95
329,218,869.53,919.66,924.96,1079.72
329,222,1119.45,893.47,1183.66,1079.96
329,225,794.12,920.5,868.17,1079.14
329,232,792.08,920.18,846.88,1076.93
330,120,76.87,303.83,390.89,1071.15
330,126,75.16,2.96,840.44,1065.7
330,218,869.71,920.38,924.75,1079.61
330,222,1116.09,896.05,1179.54,1078.84
330,225,798.33,926.21,869.56,1079.33
330,232,792.86,918.78,848.16,1076.58
331,120,71.8,302.17,389.59,1070.79
331,126,71.89,3.4,839.56,1064.62
331,218,867.7,920.37,922.33,1079.64
331,222,1115.51,899.08,1178.69,1078.94
331,225,794.5,922.7,868.13,1079.54
331,232,790.28,917.88,846.65,1078.24
331,236,834.38,930.9,877.6,1077.29
331,206,8.57,791.21,122.3,868.46
332,120,68.5,301.02,390.38,1071.15
332,126,83.98,4.03,849.1,1066.07
332,218,868.08,919.61,922.77,1079.39
332,222,1113.48,900.97,1177.26,1079.45
332,232,785.72,917.66,842.57,1079.17
332,236,831.27,929.66,875.26,1078.54
332,206,3.51,784.32,126.66,868.27
333,120,69.59,300.41,394.55,1071.46
333,126,102.92,4.67,860.74,1066.51
333,218,870.6,919.63,925.96,1079.33
333,222,1107.0,888.31,1176.42,1079.2
333,232,782.03,918.36,838.99,1079.46
333,236,832.34,933.13,874.73,1076.03
333,206,0.0,778.4,130.79,869.18
334,120,71.25,299.32,399.29,1071.76
334,126,112.47,5.0,862.34,1066.28
334,218,870.16,919.44,926.25,1079.4
334,222,1112.03,886.66,1181.99,1079.4
334,232,781.66,918.13,839.14,1079.16
334,236,833.3,933.21,875.27,1073.93
334,206,0.0,776.05,130.48,868.48
335,120,67.78,298.03,400.9,1070.77
335,126,133.24,4.55,872.2,1066.05
335,218,870.16,918.72,926.76,1079.37
335,222,1110.8,890.76,1179.88,1079.4
335,232,779.28,917.81,837.84,1078.94
335,236,837.34,934.85,879.31,1076.16
335,206,0.0,773.17,131.72,868.3
336,120,66.67,296.52,402.56,1070.2
336,126,158.6,4.45,883.28,1066.5
336,218,870.41,915.79,928.31,1079.05
336,222,1112.56,894.49,1181.47,1079.75
336,232,780.67,918.1,839.64,1078.63
336,236,838.19,936.37,879.72,1076.37
336,206,0.0,771.29,132.7,868.19
337,120,61.11,294.99,398.93,1070.31
337,126,170.54,4.35,880.22,1066.35
337,218,869.05,914.32,927.53,1078.83
337,222,1113.95,899.86,1181.69,1079.57
337,232,778.73,918.32,838.75,1078.69
337,236,838.24,936.96,879.81,1076.76
337,206,0.0,769.46,133.33,868.56
337,241,1039.38,804.25,1089.72,938.03
338,120,51.44,293.62,388.1,1069.39
338,126,180.22,3.99,872.79,1065.58
338,218,867.63,916.44,925.06,1078.7
338,222,1117.24,910.04,1182.29,1079.37
338,232,777.39,919.85,837.4,1078.45
338,236,839.67,942.68,879.85,1077.49
338,206,0.0,768.95,132.59,868.82
338,241,1039.62,804.93,1089.97,938.68
339,120,50.03,292.34,385.17,1071.13
339,126,180.39,2.13,857.36,1066.77
339,218,867.61,918.88,923.97,1078.49
339,222,1124.71,910.49,1188.56,1079.24
339,232,776.17,919.72,836.72,1078.15
339,236,840.57,944.19,880.34,1077.63
339,206,0.0,771.38,130.02,869.55
339,241,1039.41,806.76,1091.25,944.71
339,244,706.83,930.94,756.32,1079.56
339,245,1068.7,888.91,1147.29,1079.07
340,120,47.9,290.48,379.59,1070.12
340,126,175.86,2.18,834.27,1065.56
340,218,868.07,919.93,923.85,1078.4
340,222,1127.28,909.15,1190.89,1079.33
340,232,773.86,920.54,834.54,1078.0
340,236,842.11,947.0,881.21,1078.26
340,206,0.0,769.34,131.56,869.44
340,241,1040.03,807.83,1090.9,943.35
340,244,707.24,931.39,756.53,1079.47
340,245,1066.96,893.71,1143.88,1079.77
340,247,666.74,930.85,727.6,1079.19
341,120,47.09,286.88,374.1,1068.4
341,126,171.57,1.9,813.74,1065.84
341,218,869.39,919.65,925.19,1079.06
341,222,1129.41,907.52,1192.77,1079.36
341,232,771.12,920.58,832.26,1078.02
341,236,843.17,951.21,881.11,1078.98
341,206,0.0,770.64,132.02,869.4
341,241,1042.62,808.15,1092.15,939.61
341,244,708.27,931.61,757.29,1079.11
341,245,1067.66,896.03,1143.86,1080.0
341,247,664.47,929.01,726.04,1079.01
342,120,49.93,284.37,370.29,1069.0
342,126,160.45,2.63,786.61,1065.11
342,218,869.83,920.06,925.11,1079.07
342,222,1132.58,914.29,1192.92,1079.56
342,232,770.26,920.86,832.0,1078.34
342,236,844.53,953.67,881.28,1077.5
342,206,1.15,771.87,133.25,869.81
342,241,1044.71,809.74,1090.74,931.06
342,244,707.74,931.92,756.67,1079.34
342,245,1067.21,896.9,1142.89,1079.82
342,247,662.14,928.17,724.21,1079.52
343,120,54.05,281.99,366.54,1070.61
343,126,147.9,1.56,761.94,1066.24
343,218,869.81,921.85,924.13,1078.92
343,232,769.7,921.78,831.92,1078.8
343,236,842.22,952.66,879.4,1075.52
343,206,0.88,771.41,134.49,870.59
343,241,1045.04,810.31,1090.16,928.63
343,244,707.25,932.14,755.98,1079.02
343,245,1066.25,896.21,1141.44,1079.31
343,247,660.31,927.6,722.63,1079.68
344,120,57.97,276.08,361.91,1069.68
344,126,133.37,0.41,734.03,1066.36
344,218,870.07,920.83,924.35,1078.92
344,232,767.88,921.9,830.92,1079.12
344,236,844.63,953.66,880.55,1071.81
344,206,1.09,771.5,134.46,870.56
344,241,1049.5,810.17,1085.29,900.88
344,244,707.16,932.01,755.83,1078.98
344,245,1063.72,898.06,1137.1,1079.01
344,247,658.39,927.04,720.93,1079.72
344,248,597.68,925.7,666.56,1079.53
345,120,59.4,277.24,348.89,1064.27
345,126,117.56,1.65,705.63,1066.97
345,218,873.09,921.63,927.44,1078.99
345,232,766.33,922.9,829.9,1079.74
345,236,844.91,954.84,879.56,1068.1
345,206,1.16,771.29,133.81,869.82
345,241,1051.64,811.06,1083.64,889.1
345,244,707.21,932.1,755.75,1079.11
345,245,1060.38,895.21,1133.55,1078.81
345,247,658.03,926.85,720.45,1079.67
345,248,597.4,925.76,666.23,1079.51
346,126,91.2,2.77,668.26,1067.72
346,218,873.12,922.03,927.39,1078.99
346,232,765.11,922.7,829.39,1079.9
346,206,0.78,770.59,133.88,869.53
346,241,1053.84,810.95,1085.45,884.5
346,244,707.18,932.54,755.39,1079.15
346,245,1058.94,892.39,1132.01,1079.29
346,247,658.59,926.9,720.8,1079.72
346,248,598.46,925.44,667.28,1079.31
347,126,84.93,3.98,650.7,1067.31
347,218,873.34,921.6,927.88,1079.08
347,232,765.22,921.94,830.62,1079.9
347,206,0.28,769.84,134.03,869.41
347,244,708.0,932.99,756.02,1079.31
347,245,1058.4,892.5,1130.37,1079.7
347,247,660.43,927.44,722.32,1079.36
347,248,598.62,925.42,667.44,1079.29
347,253,578.29,935.21,612.06,1078.7
348,126,88.06,4.9,642.5,1066.39
348,218,873.19,922.18,927.52,1079.25
348,232,763.51,922.41,829.1,1079.82
348,206,1.8,769.25,135.09,868.97
348,244,709.17,933.58,757.05,1079.3
348,245,1057.08,892.61,1127.83,1079.91
348,247,659.12,927.79,720.58,1079.43
348,248,598.86,926.04,667.39,1079.25
348,253,578.66,935.41,612.36,1078.64
349,126,83.65,4.99,629.47,1065.32
349,218,872.18,921.83,926.51,1079.5
349,232,762.48,923.96,827.78,1079.85
349,206,3.27,770.72,134.19,868.74
349,244,707.45,934.28,755.23,1079.44
349,245,1056.15,891.12,1126.75,1079.76
349,247,659.08,928.21,720.15,1079.69
349,248,598.89,926.32,667.32,1079.17
349,253,578.21,935.39,611.88,1078.64
350,126,70.43,4.7,612.08,1066.21
350,218,871.7,921.79,925.59,1079.64
350,232,763.74,922.72,830.24,1079.89
350,206,3.97,771.52,133.88,868.81
350,244,707.97,934.46,755.97,1079.23
350,245,1051.39,891.39,1120.03,1079.01
350,247,659.26,928.35,720.31,1079.81
350,248,598.34,926.72,666.63,1079.1
350,253,576.51,934.12,610.47,1078.54
350,236,839.58,952.28,878.27,1076.34
351,126,62.3,4.22,601.22,1066.79
351,218,871.58,921.58,925.18,1079.54
351,232,764.55,921.49,832.09,1079.78
351,206,3.96,771.13,134.95,869.23
351,244,706.68,934.21,755.23,1079.44
351,245,1047.34,893.01,1113.8,1078.97
351,247,658.6,928.38,719.14,1079.42
351,248,598.84,926.61,667.19,1078.91
351,253,576.36,933.83,610.45,1078.46
351,236,839.5,951.82,879.18,1077.86
352,126,51.97,4.16,589.38,1067.12
352,218,872.42,922.01,925.65,1079.4
352,232,763.39,920.56,831.73,1079.58
352,206,3.18,771.84,133.31,869.41
352,244,706.26,936.28,754.16,1079.43
352,245,1043.94,892.28,1109.22,1078.97
352,247,659.55,928.69,719.79,1079.12
352,248,599.39,925.28,668.28,1079.04
352,253,575.42,933.83,609.62,1077.94
352,236,841.25,950.66,881.2,1078.56
353,126,39.24,3.79,578.29,1067.48
353,218,871.2,921.74,923.84,1079.24
353,232,762.27,919.95,831.2,1079.34
353,206,0.0,770.73,129.02,869.81
353,244,706.18,938.18,753.38,1079.43
353,245,1041.86,893.44,1105.5,1078.3
353,247,659.86,929.86,719.79,1079.48
353,248,601.35,924.84,670.2,1079.35
353,253,576.33,931.85,610.9,1077.56
353,236,843.57,949.17,882.2,1074.42
354,126,28.73,3.59,573.28,1069.14
354,218,869.76,920.63,922.2,1079.15
354,232,761.05,919.42,830.14,1079.3
354,206,0.0,768.62,127.65,870.18
354,244,706.99,942.76,752.72,1079.46
354,245,1040.53,895.01,1102.75,1078.2
354,247,656.95,930.5,717.1,1079.62
354,248,603.0,924.35,671.33,1079.46
354,253,579.43,933.36,613.49,1077.47
354,236,844.27,946.98,883.21,1075.52
354,259,821.06,936.91,878.83,1079.23
355,126,24.92,3.27,575.86,1069.54
355,218,868.49,920.13,920.59,1079.14
355,232,759.76,919.27,828.66,1079.29
355,206,0.0,767.28,124.81,869.98
355,244,704.48,942.58,750.31,1079.4
355,245,1037.72,896.69,1098.66,1078.53
355,247,657.51,930.45,717.14,1079.26
355,248,605.77,924.47,673.15,1079.42
355,236,844.61,945.95,883.6,1077.11
355,259,819.56,935.76,877.68,1079.26
355,260,3.59,768.52,155.9,1074.51
355,261,872.12,924.97,934.47,1079.37
356,126,24.66,3.56,581.6,1068.78
356,218,867.65,919.86,919.35,1079.12
356,232,758.84,918.52,828.18,1079.13
356,244,705.26,943.23,750.48,1078.83
356,245,1036.21,897.72,1096.74,1078.98
356,247,657.5,930.43,716.86,1079.42
356,236,843.31,944.78,882.61,1077.9
356,259,821.4,932.5,880.5,1078.91
356,262,508.17,347.9,647.05,1079.5
357,126,25.29,4.21,588.12,1068.05
357,218,866.85,919.8,918.11,1079.36
357,232,756.78,918.18,826.06,1079.18
357,244,704.74,942.54,749.89,1078.74
357,245,1035.37,897.77,1096.38,1079.42
357,247,658.37,930.65,716.99,1079.24
357,236,844.8,946.34,883.14,1078.03
357,259,821.66,931.45,880.94,1078.96
357,262,520.82,355.81,657.9,1074.1
358,126,27.84,4.22,597.83,1067.88
358,218,869.49,919.42,920.75,1079.17
358,232,756.81,917.84,826.38,1079.16
358,244,703.58,939.38,749.45,1078.82
358,245,1035.57,895.98,1098.34,1079.45
358,247,659.4,930.97,717.36,1079.04
358,236,844.94,949.76,882.24,1078.2
358,259,821.88,928.24,881.81,1077.89
358,262,535.3,353.57,674.69,1076.11
359,126,28.91,4.13,605.85,1067.43
359,218,870.89,919.07,922.35,1079.13
359,232,757.38,917.54,827.32,1079.3
359,244,700.75,935.34,747.71,1078.95
359,245,1030.35,894.64,1094.24,1079.48
359,236,844.78,951.48,881.83,1078.47
359,259,819.38,930.73,877.98,1077.22
359,262,549.84,357.92,690.9,1075.57
359,263,1103.47,894.16,1186.4,1079.48
360,126,30.19,4.34,614.61,1068.24
360,218,869.53,917.56,921.12,1079.12
360,232,757.59,917.21,827.71,1079.22
360,244,700.99,939.02,746.63,1079.45
360,245,1023.16,895.92,1086.37,1079.07
360,236,845.28,953.69,881.4,1076.07
360,259,816.01,931.1,874.16,1077.6
360,262,559.82,359.28,703.21,1074.79
360,263,1101.24,890.51,1185.29,1078.78
361,126,30.58,4.42,622.1,1068.52
361,218,869.74,916.67,921.23,1079.13
361,232,758.35,917.44,828.56,1079.0
361,245,1018.71,894.8,1081.98,1078.72
361,236,845.21,953.45,882.11,1077.21
361,259,819.44,941.81,873.35,1078.64
361,262,572.02,362.44,717.58,1072.31
361,263,1095.78,889.84,1179.15,1077.92
362,126,28.78,4.21,626.42,1068.04
362,218,869.77,916.53,921.1,1078.9
362,232,757.79,917.47,828.13,1078.79
362,245,1013.98,892.93,1077.72,1078.32
362,236,846.13,954.22,883.3,1077.64
362,259,819.48,935.67,874.92,1078.0
362,262,584.36,363.53,733.22,1071.99
362,263,1092.03,895.69,1172.52,1078.3
363,126,30.73,3.89,635.1,1067.15
363,232,756.73,917.33,827.42,1078.95
363,245,1008.86,893.34,1072.34,1079.02
363,236,845.62,954.95,883.23,1078.06
363,259,813.71,933.23,869.13,1077.69
363,262,596.94,366.77,749.05,1073.11
363,261,868.17,920.93,931.2,1078.89
364,126,33.3,4.71,644.91,1067.24
364,232,757.34,917.07,828.49,1079.5
364,245,1008.42,891.52,1073.29,1078.64
364,236,844.72,954.07,883.96,1078.96
364,262,608.89,371.45,764.74,1075.08
364,218,870.35,915.59,921.8,1078.76
364,263,1082.69,904.84,1158.43,1078.86
365,126,35.45,4.78,655.57,1067.88
365,232,759.33,918.68,829.06,1079.84
365,245,1004.75,888.46,1071.31,1078.88
365,236,844.55,952.65,885.11,1079.4
365,262,625.6,375.85,784.58,1073.89
365,218,870.31,914.85,921.52,1078.82
365,263,1075.24,903.68,1150.6,1079.49
365,259,810.55,932.58,864.57,1077.04
366,126,36.74,4.0,665.58,1067.84
366,232,759.87,921.67,826.97,1079.97
366,245,995.93,887.05,1064.64,1078.93
366,236,845.69,951.74,887.56,1079.92
366,262,639.72,379.54,802.56,1072.82
366,218,872.15,915.84,922.93,1078.83
366,263,1073.63,904.8,1147.48,1079.48
366,273,1097.35,834.77,1139.82,948.34
366,259,809.86,931.5,863.22,1077.55
367,126,42.29,3.72,681.18,1067.76
367,245,993.39,886.88,1063.11,1078.91
367,236,848.08,951.62,891.12,1079.62
367,262,655.74,382.19,823.48,1072.45
367,218,872.75,914.42,923.26,1078.49
367,263,1067.36,903.07,1141.51,1079.32
367,273,1104.06,835.67,1135.51,919.13
367,259,809.81,931.64,862.17,1078.64
368,126,45.96,2.15,696.55,1068.3
368,245,990.82,887.26,1062.2,1078.78
368,236,850.23,950.72,894.38,1079.62
368,262,671.32,383.42,843.51,1072.65
368,218,875.26,914.6,925.49,1078.57
368,263,1067.19,904.84,1140.77,1079.38
368,273,1108.59,836.76,1134.45,904.4
369,126,57.01,1.94,719.7,1068.08
369,245,991.37,886.86,1064.04,1078.44
369,236,853.5,950.24,898.53,1079.55
369,262,688.99,385.26,865.89,1072.93
369,218,877.89,914.29,928.57,1078.19
369,263,1063.37,904.19,1137.7,1079.61
369,260,2.64,771.77,154.0,1074.36
370,126,66.3,1.51,742.08,1067.71
370,245,976.75,889.65,1047.84,1078.5
370,262,709.31,385.46,890.47,1072.53
370,218,880.48,905.83,932.51,1077.6
370,263,1060.75,903.99,1135.8,1079.48
370,277,960.93,732.85,1014.48,886.83
370,279,1060.34,828.01,1106.79,934.01
370,260,0.0,769.34,150.78,1074.52
371,126,78.32,1.1,768.67,1067.87
371,245,979.27,891.38,1050.08,1078.03
371,262,728.29,383.72,914.62,1073.98
371,263,1057.32,903.18,1133.28,1079.54
371,277,961.66,733.07,1015.11,886.78
371,279,1066.01,828.97,1104.37,915.92
371,260,0.0,767.78,150.51,1075.49
372,126,93.68,1.99,799.19,1068.31
372,245,979.34,894.94,1049.14,1077.81
372,262,744.05,385.68,934.15,1072.5
372,263,1049.57,903.33,1125.15,1079.6
372,279,1068.33,830.2,1103.72,909.49
372,260,0.0,767.82,149.96,1075.64
372,206,0.0,767.42,126.12,872.76
373,126,107.37,0.63,826.79,1069.02
373,245,973.7,897.36,1041.85,1077.9
373,262,755.65,388.17,950.65,1071.77
373,263,1043.27,903.22,1118.1,1079.68
373,260,0.94,766.33,154.75,1076.64
373,206,0.0,767.96,125.1,871.23
374,126,123.28,2.16,853.39,1068.77
374,245,969.59,898.98,1035.44,1076.99
374,262,765.02,390.17,964.85,1072.74
374,263,1036.97,903.7,1110.62,1079.72
374,260,0.0,767.48,144.28,1075.51
374,206,1.67,768.93,126.58,870.56
375,126,142.79,1.97,884.48,1069.41
375,262,790.51,390.29,991.46,1067.61
375,260,0.0,769.5,142.75,1074.33
375,206,3.2,769.77,127.19,869.8
376,126,171.45,2.66,925.53,1069.42
376,262,804.16,390.08,1007.88,1069.44
376,260,0.0,770.27,143.61,1074.12
376,206,3.77,770.26,127.52,869.24
376,263,1030.69,902.26,1103.85,1078.81
377,126,195.46,2.72,957.5,1068.83
377,262,817.26,390.61,1023.48,1070.19
377,206,3.89,771.27,127.78,869.67
377,289,1065.7,832.5,1114.41,909.01
378,126,220.72,2.37,991.6,1068.68
378,262,829.24,392.54,1039.15,1073.21
378,206,2.71,769.56,129.07,869.68
378,289,1065.98,833.56,1115.66,911.64
379,126,235.71,2.51,1011.64,1066.9
379,262,846.45,394.26,1058.32,1072.84
379,206,2.2,768.15,130.11,869.27
379,289,1064.58,834.15,1117.53,917.57
379,291,1066.86,835.26,1116.53,974.83
380,126,252.54,2.63,1035.87,1067.08
380,262,873.49,396.39,1081.68,1061.64
380,206,1.41,767.56,129.58,868.83
380,289,1062.64,834.41,1119.51,924.39
380,291,1067.41,833.92,1115.72,969.51
381,126,269.15,3.57,1059.13,1068.17
381,262,881.44,399.81,1093.38,1066.72
381,206,1.54,767.89,129.86,869.06
381,289,1066.75,834.79,1116.5,912.91
381,291,1069.12,834.03,1114.88,961.78
382,126,283.15,3.27,1078.56,1069.1
382,262,891.79,404.12,1105.06,1069.31
382,206,2.02,768.19,130.21,868.96
382,291,1070.2,835.43,1115.48,961.48
383,126,295.41,2.66,1094.21,1069.4
383,262,898.83,406.38,1112.19,1068.5
383,206,1.72,768.3,130.13,869.04
384,126,303.69,2.83,1104.01,1069.63
384,262,904.81,409.19,1118.16,1069.37
384,206,2.51,769.79,129.45,868.92
385,126,314.3,2.58,1114.46,1069.27
385,262,913.45,411.84,1126.74,1071.8
385,206,3.2,770.95,129.5,869.03
386,126,322.88,3.0,1119.4,1068.06
386,262,920.42,408.99,1134.05,1074.17
386,206,3.6,771.59,129.89,869.08
387,126,330.31,3.13,1123.77,1067.19
387,262,930.15,413.71,1141.77,1074.68
387,206,3.7,771.02,131.63,869.28
388,126,336.87,2.97,1127.33,1067.09
388,262,944.21,413.23,1156.26,1075.18
388,206,3.46,770.36,133.02,869.44
389,126,346.01,2.92,1132.47,1066.14
389,262,956.3,418.79,1168.15,1075.03
389,206,3.29,769.91,133.94,869.44
390,126,353.92,3.72,1136.17,1066.13
390,262,972.39,426.05,1183.95,1073.35
390,206,3.09,769.82,133.57,868.87
391,126,363.66,2.26,1144.48,1066.86
391,262,981.22,432.75,1193.06,1073.52
391,206,2.79,769.81,133.17,868.53
392,126,374.41,2.33,1152.75,1066.94
392,262,996.09,436.79,1208.11,1074.61
392,206,2.79,769.8,133.47,868.46
393,126,386.77,1.26,1164.39,1065.49
393,262,1005.99,442.98,1217.31,1073.5
393,206,2.73,770.17,133.4,868.53
394,126,401.29,2.72,1179.47,1065.17
394,262,1030.26,450.25,1236.82,1073.26
394,206,2.56,770.12,133.48,868.42
395,126,414.21,2.23,1196.71,1066.18
395,262,1049.63,453.59,1251.21,1070.02
395,206,2.5,769.94,133.82,868.33
396,126,429.27,2.03,1215.5,1065.72
396,262,1091.07,457.34,1258.27,974.22
396,206,2.62,769.98,133.91,868.14
397,126,455.18,2.54,1244.38,1065.41
397,262,1121.28,459.05,1265.9,913.04
397,206,3.38,770.86,133.7,867.98
397,304,612.4,913.63,672.6,1079.05
398,126,477.39,2.48,1272.96,1065.59
398,262,1145.75,459.84,1272.2,865.87
398,206,4.13,771.74,134.32,868.33
398,304,611.14,913.24,671.81,1078.98
398,306,572.57,932.21,611.62,1076.99
399,126,502.37,1.63,1305.52,1066.19
399,206,4.11,772.15,134.6,868.58
399,304,612.42,914.15,673.49,1079.18
399,306,574.05,944.59,610.13,1078.08
400,126,533.65,2.24,1343.54,1065.98
400,206,3.73,772.28,134.57,868.66
400,304,611.87,913.13,674.03,1079.53
400,306,577.61,950.59,612.25,1078.76
400,310,700.71,925.03,762.75,1080.0
401,126,563.3,3.2,1378.97,1065.06
401,206,3.27,772.29,134.89,869.01
401,304,615.25,929.87,672.42,1079.76
401,306,578.22,954.48,611.88,1078.97
401,310,700.89,922.82,763.67,1080.0
402,126,603.2,4.31,1423.54,1065.0
402,206,3.02,772.59,134.87,869.22
402,310,702.85,923.39,765.44,1080.0
403,126,646.33,4.49,1469.52,1065.58
403,206,2.48,772.42,134.88,869.29
403,310,703.71,933.95,762.3,1079.92
403,304,611.18,915.75,675.37,1080.0
404,126,687.01,3.43,1512.37,1066.07
404,206,2.52,772.76,134.58,869.21
404,310,696.81,926.56,758.69,1079.74
404,304,609.0,911.19,676.8,1080.0
405,126,714.74,2.69,1536.96,1064.38
405,206,2.16,772.68,134.68,869.36
405,310,694.67,921.82,758.69,1079.76
405,304,607.7,908.65,678.82,1080.0
405,313,773.12,919.89,822.31,1077.29
406,126,749.42,2.86,1569.4,1065.05
406,206,1.76,772.33,134.86,869.39
406,310,691.27,920.34,756.72,1079.82
406,304,604.73,907.31,678.27,1080.0
406,313,772.45,912.93,823.82,1077.05
406,314,808.22,925.03,864.37,1079.76
407,126,794.27,2.98,1612.66,1066.06
407,206,1.89,772.79,134.49,869.35
407,310,690.15,919.14,756.79,1079.68
407,304,603.23,907.07,678.79,1080.0
407,313,772.35,909.96,824.17,1075.11
407,314,808.25,926.0,863.8,1079.59
408,126,843.55,3.07,1661.95,1067.02
408,206,1.83,773.04,134.35,869.45
408,310,687.9,917.52,755.86,1079.26
408,304,601.78,907.41,679.17,1080.0
408,313,773.11,911.3,824.95,1075.94
408,314,809.19,925.97,864.16,1078.88
408,263,848.62,898.11,923.97,1079.29
409,126,893.04,3.56,1709.98,1066.35
409,206,1.29,772.45,134.82,869.59
409,310,687.35,916.02,756.41,1079.39
409,304,600.13,907.81,679.01,1080.0
409,313,773.87,911.11,826.25,1076.78
409,314,808.79,924.08,863.6,1077.73
409,263,840.9,897.98,916.82,1079.4
410,126,942.64,4.32,1755.59,1066.74
410,206,0.21,771.25,135.86,870.1
410,310,686.13,914.78,756.22,1079.41
410,304,598.76,908.49,678.85,1080.0
410,313,774.12,909.61,827.45,1077.1
410,314,815.48,914.79,873.19,1077.36
410,263,832.41,897.97,910.28,1079.4
411,126,991.28,5.0,1797.4,1068.43
411,206,0.4,771.71,135.83,870.41
411,310,685.3,913.73,756.36,1079.22
411,304,597.12,909.08,678.23,1080.0
411,313,774.09,909.08,827.82,1075.93
411,263,825.18,897.98,906.42,1079.34
412,126,1026.91,5.15,1826.46,1068.17
412,206,0.93,772.5,135.22,870.26
412,310,685.28,913.3,757.11,1079.13
412,304,596.1,909.66,677.82,1080.0
412,313,774.6,908.15,829.08,1076.34
412,263,818.04,898.52,899.68,1078.58
413,126,1071.15,5.23,1867.51,1067.85
413,206,0.72,772.42,134.83,870.06
413,310,684.41,912.73,757.09,1079.02
413,304,595.11,909.59,677.72,1080.0
413,313,774.68,908.59,829.51,1076.85
413,263,807.47,898.69,890.52,1078.18
413,317,875.18,924.47,920.97,1079.07
414,126,1141.71,5.73,1920.0,1066.65
414,206,0.69,772.39,134.76,869.99
414,310,683.5,912.96,756.87,1079.07
414,304,594.17,908.71,677.98,1079.96
414,313,775.43,910.29,829.43,1074.74
414,263,795.79,898.22,882.29,1079.23
414,317,876.31,935.27,919.14,1079.37
414,319,1071.26,467.28,1232.03,1073.31
415,126,1215.57,48.31,1920.0,1065.43
415,206,0.35,771.72,135.18,869.93
415,310,682.39,913.29,756.43,1079.11
415,304,591.99,907.5,676.92,1079.92
415,313,775.4,913.38,828.6,1074.28
415,263,788.37,898.54,877.21,1079.67
415,317,876.22,935.68,919.19,1079.67
415,319,1080.19,468.43,1242.31,1074.0
416,126,1263.33,21.17,1920.0,1063.59
416,206,0.0,770.65,136.03,869.92
416,310,681.79,913.73,756.54,1079.1
416,304,591.44,906.17,677.54,1079.89
416,313,771.81,917.08,824.7,1075.71
416,263,781.52,898.93,872.15,1079.27
416,317,876.6,947.97,916.38,1079.97
416,319,1083.48,468.43,1247.33,1072.81
417,126,1301.36,11.75,1920.0,1064.12
417,206,0.0,770.03,136.37,869.94
417,310,680.91,914.03,756.41,1078.99
417,304,590.23,902.91,678.17,1079.73
417,263,774.73,900.05,866.56,1079.52
417,317,873.89,950.74,913.41,1080.0
417,319,1083.83,468.32,1250.1,1072.19
417,314,823.32,901.52,883.82,1076.04
418,126,1335.22,6.88,1920.0,1063.42
418,206,0.0,769.92,136.19,870.27
418,310,679.17,913.96,755.68,1078.96
418,304,589.03,901.78,677.58,1079.81
418,263,771.97,902.36,863.98,1079.48
418,317,871.3,952.0,911.02,1080.0
418,319,1082.75,468.41,1251.9,1072.02
418,314,823.65,902.25,882.07,1075.42
419,126,1389.53,7.15,1920.0,1037.24
419,206,0.0,769.28,137.01,870.03
419,310,678.42,913.73,755.82,1079.1
419,304,588.77,901.11,677.83,1079.91
419,263,767.09,905.16,857.81,1079.17
419,317,870.18,953.67,909.88,1080.0
419,319,1081.06,468.59,1253.43,1071.55
419,314,821.98,903.91,878.14,1076.01
420,126,1442.25,5.65,1920.0,1015.27
420,206,0.8,769.46,136.85,869.82
420,310,677.35,912.41,755.91,1079.59
420,304,587.55,900.8,676.75,1079.8
420,263,764.43,905.53,855.18,1078.58
420,317,868.52,955.13,908.26,1079.57
420,319,1079.61,469.55,1255.43,1071.56
420,314,817.32,902.65,873.41,1077.41
421,126,1497.4,4.35,1920.0,986.15
421,206,0.0,769.73,136.56,871.03
421,310,676.06,910.86,755.61,1079.3
421,304,585.56,900.78,675.0,1079.78
421,263,761.4,905.43,853.09,1078.93
421,317,868.09,952.96,909.05,1079.63
421,319,1078.04,471.02,1257.39,1071.51
421,314,815.16,902.33,869.77,1077.52
422,206,18.75,770.81,147.61,869.54
422,310,671.89,909.54,751.38,1079.19
422,304,583.85,900.97,673.02,1079.66
422,263,753.73,904.87,844.5,1079.21
422,317,867.46,951.48,909.41,1079.84
422,319,1076.5,472.36,1259.5,1071.5
422,314,810.6,903.73,864.25,1077.66
423,310,668.27,908.91,747.13,1079.19
423,304,582.64,901.32,671.77,1079.79
423,263,751.08,906.77,839.8,1079.3
423,317,867.18,950.7,909.88,1079.96
423,319,1073.14,472.52,1260.29,1071.63
423,314,806.48,905.44,858.48,1077.22
424,310,666.37,907.68,744.78,1079.08
424,304,581.01,901.42,669.95,1079.83
424,263,750.24,904.35,839.42,1079.46
424,317,865.92,950.63,909.26,1080.0
424,319,1068.6,474.02,1259.58,1071.29
424,314,804.91,906.31,856.08,1077.49
424,323,9.74,289.38,150.41,1066.37
425,310,665.56,907.01,743.1,1078.97
425,304,579.73,901.39,668.64,1079.8
425,263,749.36,904.69,837.35,1079.5
425,317,863.62,950.12,907.83,1080.0
425,319,1062.89,476.55,1257.84,1071.36
425,314,804.52,906.87,855.3,1076.97
425,323,26.15,269.48,171.98,1068.16
426,310,663.53,906.05,740.84,1079.05
426,304,579.02,900.53,668.27,1079.8
426,263,748.79,904.82,835.64,1079.81
426,317,860.48,949.26,905.79,1079.85
426,319,1058.13,478.32,1257.19,1072.1
426,314,804.37,906.59,855.33,1077.16
426,323,50.13,256.39,202.07,1070.76
427,310,662.68,905.89,739.17,1079.03
427,304,578.04,898.86,667.86,1079.86
427,263,748.57,905.17,833.98,1079.8
427,317,858.12,948.29,905.04,1079.81
427,319,1054.48,479.73,1257.41,1073.1
427,314,805.1,907.62,856.21,1077.04
427,323,58.99,125.06,240.14,1073.34
427,206,37.79,778.51,150.51,868.82
428,310,661.89,906.85,737.45,1079.25
428,304,577.25,896.51,667.76,1079.87
428,263,745.98,903.37,830.29,1079.95
428,317,854.35,947.81,902.93,1079.25
428,319,1051.04,481.55,1256.77,1072.75
428,314,803.31,909.15,855.06,1077.78
428,323,59.14,82.29,250.87,1059.34
428,206,45.82,779.49,151.39,868.71
429,310,660.7,907.09,735.84,1079.42
429,304,577.49,894.38,668.37,1079.71
429,263,742.19,902.79,824.57,1080.0
429,317,853.58,946.74,903.84,1078.86
429,319,1047.45,482.91,1255.7,1073.38
429,314,800.99,910.52,853.93,1079.21
429,323,81.28,73.42,286.66,1069.75
430,310,657.99,908.3,732.13,1079.52
430,304,579.22,892.86,670.24,1079.64
430,263,742.49,901.38,823.87,1079.89
430,317,854.93,946.57,906.25,1079.06
430,319,1044.65,484.86,1254.59,1073.64
430,314,803.68,911.0,856.51,1078.92
430,323,82.98,80.62,296.91,1069.56
431,310,656.31,908.51,729.35,1079.53
431,304,580.83,892.12,671.6,1079.58
431,263,742.14,901.84,822.03,1079.72
431,317,855.22,947.23,907.19,1079.34
431,319,1042.81,486.17,1254.34,1073.75
431,314,804.3,910.92,857.2,1078.81
431,323,78.98,97.41,299.08,1067.49
432,310,655.76,908.81,727.4,1079.45
432,304,582.29,891.81,672.73,1079.61
432,263,742.28,901.73,821.05,1079.6
432,317,855.75,947.11,908.85,1079.74
432,319,1041.38,487.14,1254.42,1073.42
432,314,805.66,910.62,858.35,1078.6
432,323,80.62,126.77,305.73,1066.07
433,310,656.01,910.1,725.77,1079.1
433,304,583.64,891.79,673.97,1079.82
433,263,738.36,906.31,815.15,1079.73
433,317,855.99,947.33,909.66,1079.88
433,319,1038.83,487.84,1253.39,1073.09
433,314,806.8,910.7,859.6,1078.54
433,323,81.66,158.14,312.18,1065.99
434,310,655.71,911.16,724.0,1079.13
434,304,586.06,892.49,676.16,1079.66
434,263,735.99,905.58,812.91,1079.66
434,317,856.96,946.52,911.52,1079.82
434,319,1033.71,490.47,1249.44,1073.02
434,314,806.81,912.16,859.56,1078.63
434,323,83.13,184.88,320.45,1064.59
435,310,657.05,911.7,724.01,1079.07
435,304,587.52,892.65,678.03,1079.61
435,263,731.78,907.09,807.7,1079.84
435,317,858.07,946.62,913.32,1079.95
435,319,1032.54,491.61,1249.25,1073.08
435,314,806.36,913.16,859.33,1078.03
435,323,82.21,207.44,327.47,1064.3
435,313,755.89,903.34,813.85,1079.39
436,310,657.39,911.79,723.68,1079.44
436,304,588.63,893.1,679.49,1079.62
436,263,729.03,906.52,804.63,1079.66
436,317,858.83,946.77,914.2,1079.26
436,319,1030.57,491.36,1248.51,1073.16
436,314,806.46,919.02,858.67,1078.81
436,323,79.02,226.6,332.72,1064.71
436,313,756.54,906.24,812.45,1079.3
437,310,657.41,910.06,723.25,1078.95
437,304,589.9,892.46,681.51,1079.48
437,263,726.59,904.61,802.62,1079.7
437,317,860.39,947.87,915.32,1078.88
437,319,1028.11,491.67,1246.64,1073.42
437,314,798.97,915.0,850.99,1077.03
437,323,74.91,243.53,336.82,1064.66
437,313,750.09,912.57,805.61,1078.12
438,310,658.67,909.58,723.7,1079.02
438,304,590.3,889.95,683.68,1079.58
438,263,726.01,903.05,802.84,1079.75
438,317,860.9,947.95,916.16,1078.72
438,319,1023.61,492.14,1241.62,1073.37
438,314,796.09,912.66,848.25,1077.02
438,323,72.21,260.27,342.02,1064.38
438,313,750.93,917.78,805.3,1077.65
439,310,659.5,909.36,723.68,1079.1
439,304,590.96,887.41,686.25,1079.68
439,263,724.11,904.23,800.45,1079.66
439,317,862.07,946.52,917.85,1077.35
439,319,1020.27,492.83,1236.93,1073.4
439,314,795.4,911.94,847.2,1076.74
439,323,69.79,270.86,349.33,1064.85
439,313,746.76,910.4,804.0,1078.49
439,333,832.98,922.86,876.33,1079.63
440,310,658.88,909.22,722.51,1079.01
440,304,591.22,884.97,687.75,1079.52
440,263,721.07,905.31,796.8,1079.56
440,317,863.4,946.63,920.02,1078.1
440,319,1017.43,493.87,1231.88,1073.73
440,314,795.59,911.11,847.07,1075.97
440,323,67.87,284.7,355.52,1064.85
440,313,750.69,907.36,807.22,1076.53
440,333,831.96,922.8,875.05,1078.54
440,334,862.44,944.6,921.51,1045.76
440,335,1008.38,864.32,1056.85,1064.23
441,310,658.84,907.8,722.19,1077.86
441,304,590.69,883.55,687.74,1079.38
441,263,718.07,905.95,792.95,1079.46
441,317,866.68,945.48,925.22,1079.08
441,319,1014.84,495.68,1226.51,1073.42
441,314,795.6,911.42,846.82,1076.16
441,323,65.87,296.64,362.05,1065.32
441,313,752.78,907.08,807.47,1073.73
441,333,834.69,924.07,877.6,1078.57
441,334,864.95,944.52,923.66,1045.06
441,335,1005.31,866.12,1055.61,1073.71
442,310,660.63,906.91,722.97,1076.71
442,304,593.41,882.5,691.82,1079.52
442,263,715.65,906.66,789.86,1079.24
442,317,868.63,946.85,927.73,1079.66
442,319,1014.11,495.99,1223.1,1072.91
442,314,795.56,911.63,846.77,1076.6
442,323,64.14,310.05,368.18,1066.3
442,333,835.72,924.7,878.78,1078.65
442,334,873.49,943.96,919.99,1023.21
442,335,1002.81,867.34,1053.19,1075.22
443,310,664.09,914.61,722.19,1076.24
443,304,592.98,881.61,692.25,1079.66
443,263,713.36,907.42,787.26,1078.81
443,317,869.7,947.96,929.06,1079.86
443,319,1016.78,496.94,1223.38,1072.5
443,314,794.16,912.23,845.5,1076.56
443,323,63.68,323.01,375.4,1067.06
443,333,835.72,924.59,879.21,1078.72
443,334,874.35,944.26,912.42,1008.84
443,335,1001.13,866.81,1051.83,1076.02
443,336,5.09,359.74,46.6,833.91
444,304,592.27,880.25,692.6,1079.75
444,263,711.51,907.38,785.8,1078.52
444,317,870.61,947.07,930.17,1077.72
444,319,1015.99,496.22,1222.22,1071.86
444,314,794.12,911.47,845.28,1074.92
444,323,64.93,339.86,382.71,1068.07
444,333,835.28,924.53,879.32,1078.67
444,335,999.09,862.33,1050.51,1074.45
444,336,10.67,368.34,55.79,878.28
445,304,594.71,880.35,696.3,1079.9
445,263,707.47,906.98,781.77,1078.53
445,317,870.66,944.9,932.02,1077.99
445,319,1018.02,494.09,1225.69,1071.96
445,314,792.68,913.58,843.85,1074.62
445,323,69.16,354.91,392.55,1068.69
445,333,834.06,924.08,878.77,1078.41
445,335,997.43,862.03,1049.03,1074.83
445,336,15.96,376.16,67.01,942.07
446,304,595.65,881.68,697.47,1079.9
446,263,702.72,906.74,776.58,1078.52
446,317,870.9,944.17,933.23,1077.9
446,319,1020.37,495.62,1228.99,1072.11
446,314,791.62,913.63,844.51,1076.52
446,323,74.06,372.63,401.58,1068.86
446,333,829.56,921.17,876.01,1079.46
446,335,995.18,859.61,1047.58,1075.18
446,336,19.86,379.21,79.68,1026.22
